{"type":"FeatureCollection","features":[{"type":"Feature","properties":{"id":123,"source":"Natural Earth","provenance":"REAL DATA"},"geometry":{"type":"MultiLineString","coordinates":[[[100.0,-0.45544466052467597],[99.82398522200003,-0.3134091129999206],[99.80591881600003,-0.22779713299991045],[99.75603274800005,-0.1547177059999285],[99.76172936300003,-0.052178643999923224],[99.63282311300003,0.08100006700004769],[99.53402754000007,0.14032623900004637],[99.39258873800003,0.1716983090000781],[99.34107506600003,0.23875560100009352],[99.31617272200003,0.24262116100004505],[99.23340905000003,0.21702708500004064],[99.13795006600003,0.2630882830000587],[99.15845787900008,0.32001373900004637],[99.11060631600003,0.3456485050000424],[99.13233483200003,0.4120547550000424],[99.12256920700003,0.5090192730000922],[99.11060631600003,0.5238304710000534],[99.09839928500003,0.5142276060000768],[99.10027103000004,0.601752020000049],[99.07276451900003,0.6308047550000424],[99.04859459700003,0.6199404970000728],[99.04175866000003,0.7770449890000464],[98.98121178500003,0.8317324890000464],[98.97584069100003,0.9208438170000477],[98.91732832100007,1.1171735700000909],[98.83904056100005,1.3012556010000935],[98.84457441500007,1.345892645000049],[98.78858483200003,1.413804429000038],[98.76807701900003,1.4935977230000503],[98.73023522200003,1.5143903670000896],[98.70964603000004,1.5641136740000547],[98.73365319100003,1.5698916690000715],[98.75342858200003,1.5356306010000935],[98.82260175900007,1.6304385440000715],[98.81910241000003,1.682318427000041],[98.78809655000003,1.6913516300000424],[98.77393639400003,1.7486026060000768],[98.72706139400003,1.791896877000056],[98.71111087300005,1.779120184000078],[98.72706139400003,1.75649648600006],[98.72022545700003,1.7334658870000794],[98.71111087300005,1.7257754580000437],[98.69068444100003,1.7362735050000424],[98.65821373800003,1.7639020850000406],[98.53516686300003,1.9364688170000477],[98.44402103000004,1.9911563170000477],[98.35450280000003,2.0038109400000508],[98.34717858200003,2.0289981140000464],[98.32984459700003,2.0382754580000437],[98.26921634200005,2.0380720070000393],[98.24366295700003,2.0875511740000547],[98.15259850400008,2.156927802000041],[97.98357181100005,2.2443708350000406],[97.95590254000007,2.2717145850000406],[97.86687259200005,2.2474632830000587],[97.81771894600007,2.258937893000052],[97.79476972700007,2.2778181010000935],[97.75733483200003,2.271673895000049],[97.74439537900008,2.281073309000078],[97.65821373800003,2.4115664730000503],[97.66114342500003,2.527329820000091],[97.64405358200003,2.6688906920000477],[97.60271243600005,2.8661970070000393],[97.40503991000003,2.943345445000091],[97.31348717500003,3.061672268000052],[97.27076256600003,3.2144229190000715],[97.24048912900008,3.238023179000038],[97.17164147200003,3.2548281920000477],[97.01856530000003,3.522691148000092],[96.92172285200007,3.6056989600000406],[96.88355553500003,3.682440497000073],[96.76050866000003,3.74868398600006],[96.55982506600003,3.7465681010000935],[96.47950280000003,3.7787132830000587],[96.43034915500004,3.8252627620000794],[96.19776451900003,4.121283270000049],[96.15967858200003,4.141302802000041],[96.12517337300005,4.136419989000046],[96.06519616000003,4.205023505000042],[96.01002037900008,4.225653387000079],[95.72584069100003,4.531683661000045],[95.65650475400008,4.579982815000051],[95.61654707100007,4.628404039000088],[95.56544030000003,4.637518622000073],[95.57252037900008,4.673814195000091],[95.52686608200003,4.697251695000091],[95.46843509200005,4.789496161000045],[95.42628014400003,4.827337958000044],[95.34888756600003,5.037502346000053],[95.29688561300003,5.116400458000044],[95.27979576900003,5.12250397300005],[95.29916425900007,5.150336005000042],[95.29127037900008,5.191636460000041],[95.24870853000004,5.231024481000077],[95.23194420700003,5.282294012000079],[95.19898522200003,5.292873440000051],[95.23194420700003,5.344631252000056],[95.25359134200005,5.41156647300005],[95.23194420700003,5.4507510440000715],[95.24545332100007,5.4605166690000715],[95.19727623800003,5.546372789000088],[95.21273847700007,5.573146877000056],[95.27979576900003,5.574367580000057],[95.43189537900008,5.654689846000053],[95.51124108200003,5.603013414000088],[95.53370201900003,5.622137762000079],[95.61158287900008,5.626654364000046],[95.76221764400003,5.576849677000041],[95.88754316500007,5.512152411000045],[95.90357506600003,5.4507510440000715],[95.93043053500003,5.414496161000045],[96.08806399800005,5.295477606000077],[96.29053795700003,5.258978583000044],[96.40658613400007,5.217230536000045],[96.46631920700003,5.235541083000044],[96.52735436300003,5.211167710000041],[96.65056399800005,5.21625397300005],[96.82837975400008,5.280178127000056],[96.89437910200007,5.262111721000053],[96.97339928500003,5.273423570000091],[97.07433856600005,5.238154799000085],[97.14934477700007,5.198772387000076],[97.17595462300005,5.161281643000052],[97.22655294300006,5.146221342000047],[97.49683678500003,5.251898505000042],[97.52621504000007,5.242254950000074],[97.66439863400007,5.073431708000044],[97.83008873800003,4.9387881530000755],[97.90919030000003,4.889593817000048],[97.96322675900007,4.789496161000045],[97.97535241000003,4.706244208000044],[98.00700931100005,4.633856512000079],[97.99683678500003,4.5464541690000715],[98.03882897200003,4.551947333000044],[98.04802493600005,4.539007880000042],[98.06128991000003,4.554836330000057],[98.08961022200003,4.5327822940000715],[98.13819420700003,4.534409898000092],[98.18580162900008,4.484442450000074],[98.20573978000004,4.498032945000091],[98.27556399800005,4.4253604190000715],[98.28248131600003,4.364935614000046],[98.26636803500003,4.21157461100006],[98.18580162900008,4.169745184000078],[98.17896569100003,4.108221747000073],[98.26303144600007,4.1773135440000715],[98.30567467500003,4.080308335000041],[98.36296634200005,4.087551174000055],[98.40577233200003,4.078924872000073],[98.47722415500004,4.0462100280000755],[98.50798587300005,4.004584052000041],[98.55779056100005,4.000799872000073],[98.56788170700003,3.9664574240000547],[98.59489993600005,3.94367096600007],[98.67661980100007,3.9145469330000537],[98.70026879800008,3.8753043450000746],[98.71062259200005,3.8037783870000794],[98.79658192100004,3.725442643000065],[98.89658286500003,3.6814024080000536],[98.95753014400003,3.6713320980000503],[99.17976094400007,3.546337688000051],[99.36817467500003,3.407945054000038],[99.43327884200005,3.382879950000074],[99.48975670700003,3.33624909100007],[99.50603274800005,3.2959658870000794],[99.55811608200003,3.244574286000045],[99.75074303500003,3.180487372000073],[99.78158613400007,3.1207542990000547],[99.85287519600007,3.0472679710000534],[99.85792076900003,3.011460679000038],[99.88998457100007,3.018255927000041],[99.93051191500007,2.975409247000073],[99.97950280000003,2.948472398000092],[99.99789472700007,2.79913971600007],[99.95346113400007,2.6962344420000477],[99.99268639400003,2.668768622000073],[100.0,2.63464363793545]],[[100.0,2.685866485972559],[99.97396894600007,2.7030703800000424],[100.0,2.724208044538256]]]}},{"type":"Feature","properties":{"id":145,"source":"Natural Earth","provenance":"REAL DATA"},"geometry":{"type":"LineString","coordinates":[[81.87598717500003,7.091945705000057],[81.88070722700007,7.327093817000048],[81.85572350400008,7.412176825000074],[81.82601972700007,7.4741885440000715],[81.80779056100005,7.410345770000049],[81.79338626400005,7.465521552000041],[81.77100670700008,7.456976630000042],[81.77979576900003,7.472357489000046],[81.75757897200003,7.5054385440000715],[81.77295983200008,7.5239118510000935],[81.77295983200008,7.568019924000055],[81.74903405000003,7.622544664000088],[81.71404056100005,7.643744208000044],[81.71159915500004,7.622544664000088],[81.71159915500004,7.650539455000057],[81.65902754000007,7.723334052000041],[81.63640384200005,7.733099677000041],[81.61898847700007,7.719224351000037],[81.59546959700003,7.726263739000046],[81.60254967500003,7.748439846000053],[81.62663821700005,7.760199286000045],[81.69092858200008,7.705145575000074],[81.71314537900008,7.711818752000056],[81.71070397200003,7.731146552000041],[81.63640384200005,7.8355166690000715],[81.60824629000007,7.831691799000055],[81.58757571700005,7.855292059000078],[81.57585696700005,7.8893903670000896],[81.59546959700003,7.91742584800005],[81.56072024800005,7.958400783000059],[81.56072024800005,7.9993350280000755],[81.54021243600005,7.986314195000091],[81.53394616000008,8.013617255000042],[81.51970462300005,7.9993350280000755],[81.46436608200008,8.116034247000073],[81.45240319100003,8.094549872000073],[81.43555748800003,8.093166408000059],[81.39625084700003,8.136542059000078],[81.40357506600003,8.191799221000053],[81.43034915500004,8.103013414000088],[81.44849694100003,8.12799713700008],[81.39926191500007,8.339260158000059],[81.36207116000008,8.350043036000045],[81.35661868600005,8.362494208000044],[81.35181725400008,8.404689846000053],[81.38941491000008,8.363714911000045],[81.36573326900003,8.482163804000038],[81.33415774800005,8.514553127000056],[81.28638756600003,8.50023021000004],[81.29664147200003,8.47679271000004],[81.28109785200007,8.46702708500004],[81.21314537900008,8.472398179000038],[81.17025800900007,8.520697333000044],[81.13396243600005,8.501288153000075],[81.14234459700003,8.52757396000004],[81.15902754000007,8.534572658000059],[81.21062259200005,8.507066148000092],[81.21225019600007,8.572699286000045],[81.22999108200008,8.557928778000075],[81.22486412900008,8.541815497000073],[81.24976647200003,8.545803127000056],[81.22494550900007,8.616848049000055],[81.20435631600003,8.61009349200009],[81.23161868600005,8.63304271000004],[81.23170006600003,8.651068427000041],[81.19752037900008,8.70571523600006],[81.18230228000004,8.712225653000075],[81.17652428500008,8.698879299000055],[81.15015709700003,8.777167059000078],[81.11426842500003,8.799994208000044],[81.09278405000003,8.851629950000074],[81.04672285200007,8.882147528000075],[80.97852623800003,8.979966539000088],[80.94760175900007,8.932928778000075],[80.91488691500007,8.943915106000077],[80.93506920700008,8.964911200000074],[80.87533613400007,9.041489976000037],[80.93067467500003,9.020982164000088],[80.94434655000003,9.000555731000077],[80.95834394600007,9.01788971600007],[80.91635175900007,9.062160549000055],[80.89649498800003,9.116603908000059],[80.87533613400007,9.103583075000074],[80.87305748800003,9.126450914000088],[80.83448326900003,9.141750393000052],[80.84009850400008,9.155991929000038],[80.88217207100007,9.145209052000041],[80.82390384200005,9.27049388200004],[80.80355879000007,9.271633205000057],[80.81397545700008,9.239488023000092],[80.79363040500004,9.250555731000077],[80.73650149800005,9.308986721000053],[80.76246178500008,9.308417059000078],[80.78663170700008,9.28851959800005],[80.79883873800003,9.294867255000042],[80.74439537900008,9.35968659100007],[80.40992272200003,9.61749909100007],[80.27898196700005,9.76984284100007],[80.24675540500004,9.825873114000046],[80.15772545700008,9.822943427000041],[80.13672936300003,9.81391022300005],[80.13868248800003,9.79873281500005],[80.24781334700003,9.755072333000044],[80.31983483200008,9.672756252000056],[80.44402103000004,9.575873114000046],[80.33855228000004,9.62921784100007],[80.22234134200005,9.754461981000077],[80.18043053500008,9.755804755000042],[80.13013756600003,9.77732982000009],[80.12232506600003,9.818915106000077],[79.97071373800003,9.815130927000041],[79.90967858200008,9.76829661700009],[79.95801842500003,9.685736395000049],[80.13559004000007,9.60382721600007],[80.09400475400008,9.64484284100007],[80.11548912900008,9.63572825700004],[80.18604576900003,9.584133205000057],[80.19996178500008,9.599188544000071],[80.17595462300005,9.624335028000075],[80.17359459700003,9.64866771000004],[80.18604576900003,9.648504950000074],[80.29753665500004,9.59125397300005],[80.36866295700008,9.530218817000048],[80.42896569100003,9.517767645000049],[80.47144616000008,9.52806224200009],[80.61475670700008,9.446193752000056],[80.42660566500007,9.500189520000049],[80.28687584700003,9.452704169000071],[80.26587975400008,9.46670156500005],[80.27222741000008,9.50413646000004],[80.23340905000003,9.53424713700008],[80.17595462300005,9.548570054000038],[80.08521569100003,9.595363674000055],[80.05298912900008,9.596380927000041],[80.16130618600005,9.52057526200008],[80.19703209700003,9.473456122000073],[80.16285241000008,9.45921458500004],[80.14087975400008,9.43032461100006],[80.05298912900008,9.391546942000048],[80.06617272200003,9.332586981000077],[80.11817467500003,9.300441799000055],[80.10564212300005,9.192857164000088],[80.04802493600005,9.026271877000056],[79.94711347700007,8.94867584800005],[79.91553795700008,8.93854401200008],[79.93018639400003,8.884466864000046],[79.92644290500004,8.801906643000052],[79.95053144600007,8.739813544000071],[79.94166100400008,8.64248281500005],[79.91651451900003,8.575995184000078],[79.87378991000008,8.53807200700004],[79.82715905000003,8.277736721000053],[79.80665123800003,8.240179755000042],[79.82715905000003,8.136542059000078],[79.79346764400003,8.072821356000077],[79.83383222700007,8.003078518000052],[79.81023196700005,7.986517645000049],[79.76384524800005,7.990139065000051],[79.73194420700008,8.01312897300005],[79.75196373800003,8.054632880000042],[79.72950280000003,8.08112213700008],[79.72754967500003,8.110907294000071],[79.74610436300003,8.20612213700008],[79.77857506600003,8.25999583500004],[79.75709069100003,8.263739325000074],[79.74447675900007,8.28115469000005],[79.77857506600003,8.350043036000045],[79.72877037900008,8.249701239000046],[79.69678795700008,8.21906159100007],[79.70720462300005,8.142075914000088],[79.69678795700008,8.09829336100006],[79.76026451900003,7.868394273000092],[79.80201256600003,7.659328518000052],[79.79297936300003,7.602728583000044],[79.77857506600003,7.602728583000044],[79.83383222700007,7.232814846000053],[79.82634524800005,7.21039459800005],[79.85434004000007,7.191839911000045],[79.86158287900008,7.16742584800005],[79.86182701900003,7.136623440000051],[79.84815514400003,7.122951565000051],[79.82032311300003,7.205511786000045],[79.81373131600003,7.180731512000079],[79.86158287900008,7.011867580000057],[79.84815514400003,6.8902041690000715],[79.86304772200003,6.807196356000077],[79.96957441500007,6.535345770000049],[79.97787519600007,6.478705145000049],[79.96420332100007,6.471869208000044],[80.01205488400007,6.361314195000091],[80.03199303500008,6.2663434920000896],[80.09400475400008,6.1360537780000755],[80.20386803500008,6.026190497000073],[80.21119225400008,6.033636786000045],[80.34099368600005,5.970933335000041],[80.35840905000003,5.978420315000051],[80.41195722700007,5.959947007000039],[80.44402103000004,5.970933335000041],[80.46517988400007,5.940659898000092],[80.53956139400003,5.944281317000048],[80.59083092500003,5.923732815000051],[80.65626061300003,5.957912502000056],[80.71436608200008,5.957912502000056],[80.80909264400003,6.035101630000042],[80.86231530000003,6.039862372000073],[80.90267988400007,6.0707868510000935],[81.11255944100003,6.120306708000044],[81.17644290500004,6.150376695000091],[81.18767337300005,6.181586005000042],[81.20264733200008,6.17804596600007],[81.20443769600007,6.16274648600006],[81.32496178500008,6.20538971600007],[81.54769941500007,6.3706729190000715],[81.65007571700005,6.430853583000044],[81.77564537900008,6.610419012000079],[81.78663170700008,6.639268296000068],[81.77979576900003,6.6636416690000715],[81.83155358200008,6.765366929000038],[81.88461347700007,6.980169989000046],[81.89031009200005,7.019924221000053],[81.87598717500003,7.091945705000057]]}},{"type":"Feature","properties":{"id":164,"source":"Natural Earth","provenance":"REAL DATA"},"geometry":{"type":"LineString","coordinates":[[80.96827233200008,15.79523346600007],[80.88835696700005,15.84674713700008],[80.86850019600007,15.81195709800005],[80.94263756600003,15.741034247000073],[80.98487389400003,15.761786200000074],[80.96827233200008,15.79523346600007]]}},{"type":"Feature","properties":{"id":202,"source":"Natural Earth","provenance":"REAL DATA"},"geometry":{"type":"LineString","coordinates":[[55.0,17.020131873821096],[55.01091556100005,17.026271877000056],[55.02686608200008,17.01113515800006],[55.07178795700008,17.042181708000044],[55.12476647200003,17.09247467700004],[55.143565300000034,17.127834377000056],[55.18921959700003,17.14476146000004],[55.21924889400003,17.21039459800005],[55.26026451900003,17.23427969000005],[55.25123131600009,17.289984442000048],[55.29420006600009,17.352118231000077],[55.300791863000086,17.416815497000073],[55.273773634000065,17.457424221000053],[55.229502800000034,17.48859284100007],[55.22820071700005,17.538763739000046],[55.26319420700008,17.60773346600007],[55.369476759000065,17.69635651200008],[55.44516035200007,17.841009833000044],[55.65349368600005,17.895331122000073],[55.90943444100009,17.906642971000053],[56.03109785200007,17.943426825000074],[56.116221550000034,17.93659088700008],[56.188487175000034,17.957098700000074],[56.35629316500007,17.940008856000077],[56.35767662900008,17.96979401200008],[56.431976759000065,18.032171942000048],[56.46257571700005,18.084418036000045],[56.52759850400008,18.11469147300005],[56.561289910000085,18.149237372000073],[56.56373131600009,18.17023346600007],[56.548838738000086,18.189846096000053],[56.600596550000034,18.30540599200009],[56.612315300000034,18.399603583000044],[56.64429772200003,18.467596747000073],[56.64112389400003,18.55927155200004],[56.65967858200008,18.595363674000055],[56.80779056100005,18.74559153900009],[56.915049675000034,18.810288804000038],[57.08375084700003,18.87636953300006],[57.20753014400003,18.909979559000078],[57.50147545700008,18.953680731000077],[57.709727410000085,18.94399648600006],[57.752289259000065,18.973049221000053],[57.801117384000065,18.98065827000005],[57.84009850400008,19.015326239000046],[57.80201256600009,19.09479401200008],[57.81185957100007,19.15688711100006],[57.750661655000044,19.268052476000037],[57.77393639400003,19.40965403900009],[57.70443769600007,19.54873281500005],[57.71998131600009,19.65306224200009],[57.68921959700003,19.728176174000055],[57.762054884000065,19.842962958000044],[57.81364993600005,19.976996161000045],[57.81625410200007,20.020738023000035],[57.847992384000065,20.111761786000045],[57.82374108200008,20.20107656500005],[57.856130405000044,20.260646877000056],[57.88843834700003,20.290716864000046],[57.96656334700003,20.330226955000057],[57.97388756600009,20.35228099200009],[57.955821160000085,20.399562893000052],[57.99439537900008,20.442287502000056],[58.07585696700005,20.48004791900007],[58.06723066500007,20.511053778000075],[58.090830925000034,20.566839911000045],[58.205739780000044,20.613348700000074],[58.25513756600009,20.60927969000005],[58.26417076900003,20.587632554000038],[58.22828209700003,20.488836981000077],[58.23462975400008,20.423651434000078],[58.21338951900003,20.465277411000045],[58.20289147200003,20.404730536000045],[58.279633009000065,20.384833075000074],[58.27556399800005,20.368475653000075],[58.35914147200003,20.38157786700009],[58.44581139400003,20.358628648000035],[58.467458530000044,20.369533596000053],[58.48357181100005,20.40420156500005],[58.518565300000034,20.416815497000073],[58.591807488000086,20.64394765800006],[58.64535566500007,20.691148179000038],[58.66651451900003,20.74640534100007],[58.699880405000044,20.740790106000077],[58.72803795700008,20.766913153000075],[58.72934004000007,20.786810614000046],[58.686534050000034,20.759466864000046],[58.66765384200005,20.772284247000073],[58.66130618600005,20.79633209800005],[58.680349155000044,20.82835521000004],[58.739024285000085,20.862250067000048],[58.73487389400003,20.88300202000005],[58.792979363000086,20.927394924000055],[58.80787194100009,20.990790106000077],[58.854258660000085,21.065619208000044],[59.05437259200005,21.277085679000038],[59.16627037900008,21.36277903900009],[59.34424889400003,21.44472890800006],[59.35499108200008,21.485663153000075],[59.44857832100007,21.62490469000005],[59.49789472700007,21.756333726000037],[59.60564212300005,21.910223700000074],[59.645274285000085,21.925848700000074],[59.688161655000044,22.08270905200004],[59.734711134000065,22.123114325000074],[59.81177819100009,22.23737213700008],[59.84457441500007,22.445257880000042],[59.824880405000044,22.50885651200008],[59.80323326900003,22.53473541900007],[59.74577884200005,22.538234768000052],[59.74154707100007,22.524725653000075],[59.76254316500007,22.498602606000077],[59.75277754000007,22.494208075000074],[59.72803795700008,22.507635809000078],[59.72120201900003,22.541449286000045],[59.69385826900003,22.541449286000045],[59.62680097700007,22.579820054000038],[59.549815300000034,22.555121161000045],[59.51579837300005,22.56150950700004],[59.515635613000086,22.57558828300006],[59.53044681100005,22.570054429000038],[59.535492384000065,22.58307526200008],[59.41065514400003,22.670843817000048],[59.35181725400008,22.76117584800005],[59.297536655000044,22.792710679000038],[59.23226972700007,22.943019924000055],[59.087901238000086,23.04840729400007],[59.07374108200008,23.09324778900009],[59.010101759000065,23.15330638200004],[59.00171959700003,23.21238841400009],[58.95622806100005,23.259426174000055],[58.92945397200003,23.318101304000038],[58.807627800000034,23.421128648000035],[58.792979363000086,23.49567291900007],[58.762054884000065,23.54205963700008],[58.72803795700008,23.52838776200008],[58.72055097700007,23.54881419500009],[58.70687910200007,23.53514232000009],[58.680349155000044,23.56248607000009],[58.65902754000007,23.56248607000009],[58.604502800000034,23.637600002000056],[58.490896030000044,23.65656159100007],[58.48365319100009,23.63812897300005],[58.45297285200007,23.623968817000048],[58.31723066500007,23.620917059000078],[58.28239993600005,23.631415106000077],[58.22738691500007,23.67914459800005],[58.131602410000085,23.713324286000045],[58.04314212300005,23.724554755000042],[57.887705925000034,23.720851955000057],[57.834971550000034,23.740057684000078],[57.79574629000007,23.78221263200004],[57.645192905000044,23.79043203300006],[57.50961347700007,23.839097398000035],[57.32634524800005,23.884019273000035],[57.15154056100005,23.953558661000045],[56.939463738000086,24.11591217700004],[56.84107506600009,24.223822333000044],[56.801442905000044,24.30296458500004],[56.61117597700007,24.49632396000004],[56.49350019600007,24.70018138200004],[56.48031660200007,24.76512278900009],[56.40544681100005,24.897284247000073],[56.361989780000044,25.05727773600006],[56.365977410000085,25.20921458500004],[56.38363691500007,25.31346263200004],[56.35922285200007,25.37641022300005],[56.36996504000007,25.52570221600007],[56.34001712300005,25.60455963700008],[56.27906334700003,25.627427476000037],[56.266612175000034,25.67259349200009],[56.301768425000034,25.762884833000044],[56.301768425000034,25.74176666900007],[56.36378014400003,25.80687083500004],[56.36378014400003,25.837958075000074],[56.399424675000034,25.90232982000009],[56.38363691500007,25.92609284100007],[56.40788821700005,25.93740469000005],[56.43897545700008,25.92609284100007],[56.45329837300005,25.94717031500005],[56.42212975400008,25.95661041900007],[56.400401238000086,25.99046458500004],[56.42335045700008,26.00462474200009],[56.422862175000034,26.023138739000046],[56.408864780000044,26.034369208000044],[56.38363691500007,26.022284247000073],[56.38013756600009,26.038234768000052],[56.449229363000086,26.073553778000075],[56.472992384000065,26.09861888200004],[56.36378014400003,26.10488515800006],[56.36378014400003,26.145819403000075],[56.335948113000086,26.11163971600007],[56.328786655000044,26.17283763200004],[56.36841881600009,26.20453522300005],[56.39112389400003,26.20107656500005],[56.37745201900003,26.17373281500005],[56.40414472700007,26.186753648000035],[56.412445509000065,26.15843333500004],[56.47982832100007,26.145819403000075],[56.431976759000065,26.194240627000056],[56.431976759000065,26.221502997000073],[56.45329837300005,26.221502997000073],[56.459646030000044,26.202093817000048],[56.487315300000034,26.235174872000073],[56.47624759200005,26.249172268000052],[56.432302280000044,26.239447333000044],[56.39861087300005,26.268703518000052],[56.45281009200005,26.31834544500009],[56.50896243600005,26.32371653900009],[56.500987175000034,26.358710028000075],[56.47982832100007,26.35187409100007],[56.487315300000034,26.331366278000075],[56.46216881600009,26.331854559000078],[56.42107181100005,26.352118231000077],[56.41163170700008,26.345038153000075],[56.40414472700007,26.372300523000035],[56.38363691500007,26.358710028000075],[56.36378014400003,26.385972398000035],[56.35629316500007,26.337591864000046],[56.322276238000086,26.30963776200008],[56.36378014400003,26.27952708500004],[56.358409050000034,26.264960028000075],[56.31592858200008,26.29043203300006],[56.30844160200007,26.221502997000073],[56.367849155000044,26.244086005000042],[56.394541863000086,26.239162502000056],[56.40414472700007,26.21474844000005],[56.36695397200003,26.221502997000073],[56.294932488000086,26.194240627000056],[56.29184004000007,26.211859442000048],[56.26685631600009,26.227484442000048],[56.21241295700008,26.207831122000073],[56.21989993600005,26.227728583000044],[56.20826256600009,26.26308828300006],[56.18181399800005,26.24599844000005],[56.09148196700005,26.10651276200008],[56.055349155000044,25.988755601000037],[56.00757897200003,25.90688711100006],[56.041026238000086,25.933539130000042],[56.03687584700003,25.91510651200008],[55.96599368600005,25.83421458500004],[55.95232181100005,25.77212148600006],[55.93718509200005,25.776678778000075],[55.959727410000085,25.82367584800005],[55.842458530000044,25.713812567000048],[55.770518425000034,25.687160549000055],[55.73389733200008,25.64679596600007],[55.68344160200007,25.623521226000037],[55.656911655000044,25.597723700000074],[55.62631269600007,25.536322333000044],[55.54818769600007,25.52948639500005],[55.54224694100009,25.54254791900007],[55.56812584700003,25.58466217700004],[55.55103600400008,25.578599351000037],[55.494151238000086,25.48078034100007],[55.506602410000085,25.47483958500004],[55.47250410200007,25.41278717700004],[55.46566816500007,25.419623114000046],[55.45533287900008,25.39988841400009],[55.43897545700008,25.41278717700004],[55.387054884000065,25.357082424000055],[55.36548912900008,25.358587958000044],[55.363291863000086,25.324042059000078],[55.33936608200008,25.321437893000052],[55.303721550000034,25.283026434000078],[55.33423912900008,25.219224351000037],[55.328868035000085,25.20148346600007],[55.301117384000065,25.19367096600007],[55.318369988000086,25.22528717700004],[55.29835045700008,25.25849030200004],[55.28239993600005,25.260687567000048],[55.26335696700005,25.244940497000073],[55.25904381600009,25.215277411000045],[55.08228600400008,25.016831773000035],[55.04460696700005,25.01390208500004],[55.04997806100005,24.993394273000035],[55.0,24.968152472710663]]}},{"type":"Feature","properties":{"id":230,"source":"Natural Earth","provenance":"REAL DATA"},"geometry":{"type":"LineString","coordinates":[[55.0,26.623098341256505],[55.10328209700003,26.701320705000057],[55.20590254000007,26.726385809000078],[55.23292076900003,26.77643463700008],[55.27084394600007,26.79254791900007],[55.44223066500007,26.759914455000057],[55.52173912900008,26.78457265800006],[55.55445397200003,26.81053294500009],[55.580414259000065,26.859116929000038],[55.582367384000065,26.91356028900009],[55.55445397200003,26.89988841400009],[55.66586347700007,26.995428778000075],[55.763682488000086,26.996161200000074],[55.93930097700007,27.026678778000075],[56.09351647200003,27.125555731000077],[56.123708530000044,27.160630601000037],[56.215179884000065,27.16787344000005],[56.25961347700007,27.191229559000078],[56.35303795700008,27.201605536000045],[56.58285566500007,27.153143622000073],[56.71607506600009,27.153143622000073],[56.75733483200008,27.12523021000004],[56.80884850400008,27.139553127000056],[56.83139082100007,27.096136786000045],[56.88461347700007,27.078070380000042],[56.844086134000065,27.040228583000044],[56.850596550000034,27.02765534100007],[56.86345462300005,27.03025950700004],[56.86548912900008,27.011867580000057],[56.89087975400008,27.01703522300005],[56.932383660000085,26.98932526200008],[56.973317905000044,27.00299713700008],[56.963552280000044,26.98505280200004],[56.973317905000044,26.968817450000074],[56.92554772200003,26.955145575000074],[56.96648196700005,26.92723216400009],[56.965179884000065,26.91111888200004],[57.02491295700008,26.85097890800006],[57.09001712300005,26.618801174000055],[57.08033287900008,26.415350653000075],[57.118174675000034,26.36432526200008],[57.13843834700003,26.29043203300006],[57.13306725400008,26.263739325000074],[57.199229363000086,26.198187567000048],[57.212901238000086,26.16624583500004],[57.170909050000034,26.115627346000053],[57.166758660000085,26.08299388200004],[57.19857832100007,25.995021877000056],[57.219737175000034,25.995021877000056],[57.25359134200005,25.95897044500009],[57.29867597700007,25.84870026200008],[57.30437259200005,25.799750067000048],[57.326182488000086,25.777004299000055],[57.459971550000034,25.76902903900009],[57.45248457100007,25.762884833000044],[57.52068118600005,25.74355703300006],[57.58716881600009,25.748521226000037],[57.631846550000034,25.734930731000077],[57.709727410000085,25.748521226000037],[57.75562584700003,25.742743231000077],[57.78305097700007,25.699774481000077],[57.77173912900008,25.635565497000073],[57.88404381600009,25.69163646000004],[57.92530358200008,25.701320705000057],[57.963226759000065,25.693182684000078],[58.04623457100007,25.57493724200009],[58.17042076900003,25.544094143000052],[58.20728600400008,25.549302476000037],[58.24830162900008,25.573879299000055],[58.260752800000034,25.565741278000075],[58.29070071700005,25.583726304000038],[58.321055535000085,25.58079661700009],[58.35759524800005,25.60455963700008],[58.418955925000034,25.61200592700004],[58.41179446700005,25.59601471600007],[58.43051191500007,25.587958075000074],[58.54639733200008,25.59365469000005],[58.72803795700008,25.563625393000052],[58.81373131600009,25.563625393000052],[58.84034264400003,25.532904364000046],[58.92351321700005,25.513373114000046],[58.99431399800005,25.419623114000046],[59.043955925000034,25.399603583000044],[59.094086134000065,25.406398830000057],[59.117198113000086,25.394191799000055],[59.195323113000086,25.42291901200008],[59.45390175600005,25.461607493000088],[59.53798983300004,25.399749989000043],[59.61399704300004,25.38377666000008],[59.77487302600008,25.389868583000066],[59.819865493000066,25.379201443000056],[59.861696244000086,25.34305680300008],[59.90380595600004,25.32986334900005],[59.94082283800003,25.354911352000045],[60.08203819300007,25.365949817000057],[60.11670983200008,25.33982982000009],[60.20920955000008,25.319688555000084],[60.21597377000006,25.338280241000064],[60.19255618600005,25.35614655200004],[60.201508009000065,25.371161200000074],[60.289398634000065,25.37718333500004],[60.30396569100009,25.371161200000074],[60.29029381600009,25.351304429000038],[60.31922334500007,25.329851431000066],[60.36255944100009,25.330552476000037],[60.46724586900007,25.29027590600009],[60.47006285100008,25.303086656000062],[60.44109134200005,25.31659577000005],[60.45220669400004,25.31738461100008],[60.43767337300005,25.333929755000042],[60.40202884200005,25.344671942000048],[60.395274285000085,25.377875067000048],[60.445648634000065,25.428168036000045],[60.54965254000007,25.446926174000055],[60.601573113000086,25.405951239000046],[60.608164910000085,25.32758209800005],[60.63233483200008,25.296087958000044],[60.61695397200003,25.28318919500009],[60.633474155000044,25.27496979400007],[61.03060957100007,25.209784247000073],[61.17026860900006,25.164440118000073],[61.18506823800004,25.123249171000055],[61.41171650300004,25.059408165000036],[61.43506920700008,25.087713934000078],[61.420583530000044,25.096869208000044],[61.48951256600003,25.11859772300005],[61.524180535000085,25.173163153000075],[61.48259524800005,25.19367096600007],[61.504242384000065,25.208807684000078],[61.55836022200003,25.200506903000075],[61.53728274800005,25.220363674000055],[61.54468834700003,25.24827708500004],[61.55445397200003,25.25409577000005],[61.57976321700005,25.23346588700008],[61.588226759000065,25.202093817000048],[61.61247806100005,25.200506903000075]]}},{"type":"Feature","properties":{"id":277,"source":"Natural Earth","provenance":"REAL DATA"},"geometry":{"type":"MultiLineString","coordinates":[[[87.40495853000004,21.58665599200009],[87.62134850400008,21.65062083500004],[87.70378665500004,21.655503648000035],[87.86719811300003,21.750799872000073],[87.89918053500003,21.79482656500005],[87.98365319100003,21.85419342700004],[88.05079186300003,21.98501211100006],[88.04314212300005,22.017279364000046],[88.11117597700007,22.034857489000046],[88.16431725400008,22.089789130000042],[88.17351321700005,22.116888739000046],[88.16098066500007,22.15656159100007],[88.13257897200003,22.17914459800005],[88.00847415500004,22.204901434000078],[87.96534264400003,22.24481842700004],[87.90658613400007,22.424750067000048],[87.94044030000003,22.413031317000048],[87.97266686300003,22.28318919500009],[88.00904381600003,22.24042389500005],[88.04346764400003,22.224758205000057],[88.07732181100005,22.24042389500005],[88.08130944100003,22.217352606000077],[88.19800866000003,22.167792059000078],[88.22242272200003,22.077948309000078],[88.15626061300003,21.99087148600006],[88.14673912900008,21.95921458500004],[88.15406334700003,21.88808828300006],[88.20972741000003,21.78856028900009],[88.20142662900008,21.774318752000056],[88.21045983200008,21.747259833000044],[88.18189537900008,21.665228583000044],[88.20826256600003,21.60297272300005],[88.22437584700003,21.613023179000038],[88.23747806100005,21.601711330000057],[88.25440514400003,21.55467357000009],[88.30583743600005,21.57168203300006],[88.28337649800005,21.609198309000078],[88.29542076900003,21.676581122000073],[88.26156660200007,21.798651434000078],[88.29818769600007,21.764105536000045],[88.30974368600005,21.610174872000073],[88.33545983200008,21.615790106000077],[88.34880618600005,21.65029531500005],[88.32471764400003,21.70136139500005],[88.33122806100005,21.71906159100007],[88.35572350400008,21.68496328300006],[88.39258873800003,21.698553778000075],[88.38282311300003,21.67133209800005],[88.39307701900003,21.60024648600006],[88.45630944100003,21.62400950700004],[88.47217858200008,21.663275458000044],[88.45337975400008,21.74176666900007],[88.47445722700007,21.80097077000005],[88.49350019600007,21.805161851000037],[88.47445722700007,21.890326239000046],[88.49984785200007,21.933661200000074],[88.49561608200008,21.95180898600006],[88.51498457100007,21.937201239000046],[88.49561608200008,21.876695054000038],[88.53101647200003,21.82412344000005],[88.53288821700005,21.795314846000053],[88.50489342500003,21.741522528000075],[88.52963300900007,21.65761953300006],[88.48796634200005,21.55654531500005],[88.49390709700003,21.534816799000055],[88.51295006600003,21.524644273000035],[88.54395592500003,21.534084377000056],[88.52963300900007,21.55337148600006],[88.53646894600007,21.575100002000056],[88.54476972700007,21.56199778900009],[88.57227623800003,21.557928778000075],[88.57813561300003,21.623439846000053],[88.59506269600007,21.612127997000073],[88.59961998800003,21.637274481000077],[88.59180748800003,21.70538971600007],[88.61264082100007,21.69749583500004],[88.63282311300003,21.750067450000074],[88.62403405000003,21.77802155200004],[88.56462649800005,21.766831773000035],[88.56706790500004,21.850816148000035],[88.59839928500003,21.929348049000055],[88.60254967500003,22.006415106000077],[88.62598717500003,22.048041083000044],[88.61915123800003,22.109523830000057],[88.66016686300003,22.205023505000042],[88.67994225400008,22.204413153000075],[88.68311608200008,22.18496328300006],[88.63949629000007,22.109523830000057],[88.65349368600005,22.018011786000045],[88.62745201900003,21.970404364000046],[88.63086998800003,21.945461330000057],[88.67872155000003,21.936672268000052],[88.68995201900003,21.94599030200004],[88.73072350400008,22.037176825000074],[88.69947350400008,22.053208726000037],[88.69483483200008,22.08152903900009],[88.72657311300003,22.121161200000074],[88.76303144600007,22.130560614000046],[88.70850670700008,22.072211005000042],[88.75464928500003,22.037583726000037],[88.76303144600007,22.017279364000046],[88.71697024800005,21.951971747000073],[88.71469160200007,21.89785390800006],[88.69450931100005,21.83982982000009],[88.70362389400003,21.810614325000074],[88.68490644600007,21.697211005000042],[88.72217858200008,21.609198309000078],[88.70753014400003,21.57831452000005],[88.72787519600007,21.559881903000075],[88.76246178500003,21.555853583000044],[88.79053795700008,21.56826406500005],[88.79664147200003,21.584418036000045],[88.77711022200003,21.64354075700004],[88.80046634200005,21.661851304000038],[88.81088300900007,21.69171784100007],[88.81836998800003,21.65761953300006],[88.79786217500003,21.64020416900007],[88.80583743600005,21.622870184000078],[88.84424889400003,21.622219143000052],[88.85865319100003,21.636542059000078],[88.83822675900007,21.701971747000073],[88.85865319100003,21.766831773000035],[88.89161217500003,21.653509833000044],[88.93384850400008,21.64394765800006],[89.00025475400008,21.60342031500005],[89.01978600400008,21.60610586100006],[89.03394616000003,21.633246161000045],[89.05323326900003,21.609808661000045],[89.08269290500004,21.617336330000057],[89.08521569100003,21.674709377000056],[89.04371178500003,21.733343817000048],[89.01587975400008,21.853338934000078],[88.99586022200003,21.88418203300006],[88.92408287900008,21.926336981000077],[88.90503991000003,21.96942780200004],[88.91391035200007,21.98655833500004],[88.92872155000003,21.98655833500004],[88.94467207100007,21.938788153000075],[89.00953209700003,21.90460846600007],[89.01303144600007,21.929429429000038],[89.03687584700003,21.925116278000075],[89.06088300900007,21.93846263200004],[89.05738366000003,22.03123607000009],[89.03687584700003,22.085598049000055],[89.04371178500003,22.13739655200004],[89.06031334700003,22.130601304000038],[89.05738366000003,22.06509023600006],[89.09148196700005,22.00023021000004],[89.07781009200005,21.91425202000005],[89.10466556100005,21.81586334800005],[89.15455162900008,21.786851304000038],[89.18767337300005,21.81150950700004],[89.22071373800003,21.709418036000045],[89.20443769600007,21.672674872000073],[89.21045983200008,21.654120184000078],[89.24870853000004,21.64590078300006],[89.29753665500004,21.678127346000053],[89.27369225400008,21.69879791900007],[89.29468834700003,21.75779857000009],[89.28394616000003,21.822088934000078],[89.30128014400003,21.809393622000073],[89.35596764400003,21.892523505000042],[89.35222415500004,21.972316799000055],[89.38697350400008,21.901190497000073],[89.36589603000004,21.828924872000073],[89.36426842500003,21.758205471000053],[89.39519290500004,21.71637604400007],[89.40642337300005,21.717352606000077],[89.46583092500003,21.781317450000074],[89.46461022200003,21.859198309000078],[89.51254316500007,21.909125067000048],[89.52182050900007,21.96230703300006],[89.49040774800005,22.023993231000077],[89.50912519600007,22.04120514500005],[89.51832116000003,22.081000067000048],[89.49415123800003,22.136867580000057],[89.47575931100005,22.10260651200008],[89.46745853000004,22.228989976000037],[89.47575931100005,22.295070705000057],[89.49301191500007,22.273504950000074],[89.49203535200007,22.188381252000056],[89.53711998800003,22.089016018000052],[89.52344811300003,22.044623114000046],[89.53288821700005,21.98468659100007],[89.55144290500004,21.99404531500005],[89.57935631600003,22.113226630000042],[89.54916425900007,22.20526764500005],[89.58619225400008,22.245428778000075],[89.58082116000003,22.27724844000005],[89.62647545700008,22.336004950000074],[89.60596764400003,22.25690338700008],[89.56723066500007,22.202826239000046],[89.60596764400003,22.113226630000042],[89.57129967500003,22.03123607000009],[89.56446373800003,21.88418203300006],[89.52735436300003,21.81281159100007],[89.53711998800003,21.75381094000005],[89.58692467500003,21.700832424000055],[89.60596764400003,21.71906159100007],[89.59546959700003,21.75999583500004],[89.63152103000004,21.764064846000053],[89.66822350400008,21.750881252000056],[89.70069420700008,21.784857489000046],[89.61898847700007,21.86985911700009],[89.64698326900003,21.925116278000075],[89.66334069100003,21.896307684000078],[89.65259850400008,21.878851630000042],[89.66130618600005,21.849351304000038],[89.70915774800005,21.83006419500009],[89.76587975400008,21.84674713700008],[89.77572675900007,21.82758209800005],[89.78638756600003,21.828924872000073],[89.85092207100007,21.877508856000077],[89.88038170700008,21.88418203300006],[89.88721764400003,21.900091864000046],[89.84620201900003,21.972316799000055],[89.84791100400008,22.03388092700004],[89.79721113400007,22.075995184000078],[89.84620201900003,22.07062409100007],[89.87134850400008,22.091864325000074],[89.86133873800003,22.211004950000074],[89.83871504000007,22.26776764500005],[89.88038170700008,22.342230536000045],[89.87289472700007,22.41860586100006],[89.92042076900003,22.391831773000035],[89.94743899800005,22.43968333500004],[89.98275800900007,22.473211981000077],[90.01010175900007,22.49022044500009],[89.90015709700003,22.333929755000042],[89.87680097700007,22.274725653000075],[89.90088951900003,22.201971747000073],[89.91749108200008,22.04987213700008],[89.93441816500007,21.997707424000055],[89.96778405000003,21.974554755000042],[89.98275800900007,21.98655833500004],[89.98275800900007,22.044623114000046],[90.02442467500003,22.089016018000052],[90.05258222700007,22.155462958000044],[90.07837975400008,22.16404857000009],[90.04273522200003,22.131252346000053],[90.03541100400008,22.059800523000035],[90.01075280000003,22.04120514500005],[89.99634850400008,22.00023021000004],[90.05241946700005,21.98899974200009],[90.08887780000003,22.051174221000053],[90.14828535200007,22.11078522300005],[90.20582116000003,22.132961330000057],[90.23609459700003,22.198879299000055],[90.23910566500007,22.172267971000053],[90.21615644600007,22.12323639500005],[90.19507897200003,22.109523830000057],[90.16407311300003,22.113226630000042],[90.10564212300005,22.05426666900007],[90.07715905000003,21.987982489000046],[90.04493248800003,21.966131903000075],[90.02442467500003,21.862453518000052],[90.06690514400003,21.85342031500005],[90.09848066500007,21.878607489000046],[90.12623131600003,21.93195221600007],[90.12623131600003,21.901190497000073],[90.10499108200008,21.870266018000052],[90.11247806100005,21.856268622000073],[90.09538821700005,21.859442450000074],[90.09294681100005,21.83026764500005],[90.16439863400007,21.80426666900007],[90.20378665500004,21.80459219000005],[90.28288821700005,21.870794989000046],[90.30860436300003,21.984035549000055],[90.36988366000003,22.08982982000009],[90.38005618600005,22.14362213700008],[90.39258873800003,22.143011786000045],[90.41285241000003,22.17804596600007],[90.41049238400007,22.195705471000053],[90.39087975400008,22.208807684000078],[90.39429772200003,22.288234768000052],[90.41089928500003,22.28424713700008],[90.40796959700003,22.24042389500005],[90.42164147200003,22.198879299000055],[90.38746178500003,22.10260651200008],[90.43864993600005,22.075995184000078],[90.45964603000004,22.091945705000057],[90.50114993600005,22.176703192000048],[90.55795332100007,22.20335521000004],[90.58155358200008,22.238226630000042],[90.61931399800005,22.355902411000045],[90.58643639400003,22.45058828300006],[90.58619225400008,22.473211981000077],[90.60661868600005,22.465765692000048],[90.55974368600005,22.562323309000078],[90.50513756600003,22.58624909100007],[90.47250410200007,22.57558828300006],[90.46265709700003,22.52098216400009],[90.44206790500004,22.49363841400009],[90.45923912900008,22.579291083000044],[90.50017337300005,22.592352606000077],[90.51270592500003,22.611476955000057],[90.49293053500003,22.709906317000048],[90.46168053500003,22.748846747000073],[90.44459069100003,22.751654364000046],[90.43523196700005,22.733303127000056],[90.37256920700008,22.761419989000046],[90.39429772200003,22.77484772300005],[90.40642337300005,22.76308828300006],[90.41993248800003,22.76825592700004],[90.42400149800005,22.781683661000045],[90.40796959700003,22.794663804000038],[90.43604576900003,22.800604559000078],[90.47632897200003,22.884100653000075],[90.52003014400003,22.880194403000075],[90.54004967500003,22.896551825000074],[90.51042728000004,22.91819896000004],[90.44890384200005,23.05573151200008],[90.45362389400003,23.072333075000074],[90.52279707100007,23.080145575000074],[90.55876712300005,23.110663153000075],[90.55372155000003,23.078558661000045],[90.57195071700005,23.081732489000046],[90.59913170700008,23.11749909100007],[90.59351647200003,23.219875393000052],[90.61451256600003,23.195461330000057],[90.60661868600005,23.247219143000052],[90.56910241000003,23.294989325000074],[90.42847741000003,23.326117255000042],[90.38851972700007,23.372381903000075],[90.25879967500003,23.444566148000035],[90.25033613400007,23.466945705000057],[90.32243899800005,23.433294989000046],[90.55193118600005,23.38495514500005],[90.57894941500007,23.44985586100006],[90.57683353000004,23.539496161000045],[90.49838300900007,23.55727773600006],[90.47632897200003,23.582953192000048],[90.51465905000003,23.563788153000075],[90.54721113400007,23.563788153000075],[90.56446373800003,23.57640208500004],[90.55876712300005,23.590399481000077],[90.62712649800005,23.603461005000042],[90.63331139400003,23.596625067000048],[90.59205162900008,23.56248607000009],[90.58814537900008,23.53416575700004],[90.60775800900007,23.491115627000056],[90.66675866000003,23.51821523600006],[90.69532311300003,23.507879950000074],[90.70215905000003,23.52838776200008],[90.67823326900003,23.555080471000053],[90.70557701900003,23.554510809000078],[90.71583092500003,23.53514232000009],[90.71501712300005,23.49835846600007],[90.69157962300005,23.486476955000057],[90.63331139400003,23.486761786000045],[90.60873457100007,23.472723700000074],[90.60027103000004,23.44993724200009],[90.61133873800003,23.34247467700004],[90.62842858200008,23.321519273000035],[90.66114342500003,23.32225169500009],[90.65088951900003,23.30023834800005],[90.66732832100007,23.267645575000074],[90.64014733200008,23.18886953300006],[90.62940514400003,23.064398505000042],[90.71745853000004,22.940619208000044],[90.79493248800003,22.741359768000052],[90.81950931100005,22.72646719000005],[90.83594811300003,22.684881903000075],[90.87647545700008,22.682806708000044],[90.90821373800003,22.61786530200004],[90.94174238400007,22.585882880000042],[90.98511803500003,22.574367580000057],[91.03793379000007,22.58860911700009],[91.03223717500003,22.636867580000057],[91.00375410200007,22.678656317000048],[91.01832116000003,22.68309153900009],[91.08920058200005,22.544430256000055],[91.12734345800004,22.527025948000073],[91.20274304600008,22.543219639000085],[91.24156880000004,22.575395765000053],[91.26449629000007,22.64081452000005],[91.25342858200008,22.660711981000077],[91.16895592500003,22.684881903000075],[91.19922936300003,22.69879791900007],[91.18189537900008,22.72646719000005],[91.24341881600003,22.72020091400009],[91.24480228000004,22.698391018000052],[91.31739342500003,22.697211005000042],[91.33277428500003,22.72020091400009],[91.29078209700003,22.738430080000057],[91.36011803500003,22.743394273000035],[91.36744225400008,22.761664130000042],[91.34644616000003,22.77484772300005],[91.41472415500004,22.753729559000078],[91.41675866000003,22.799994208000044],[91.46241295700008,22.83344147300005],[91.49048912900008,22.90452708500004],[91.45834394600007,22.79706452000005],[91.46241295700008,22.76190827000005],[91.47681725400008,22.76117584800005],[91.51636803500003,22.712225653000075],[91.54810631600003,22.700344143000052],[91.67603600400008,22.53461334800005],[91.74366295700008,22.411078192000048],[91.77165774800005,22.260321356000077],[91.78711998800003,22.237941799000055],[91.82593834700003,22.248480536000045],[91.82634524800005,22.26776764500005],[91.79395592500003,22.286037502000056],[91.79135175900007,22.301906643000052],[91.87745201900003,22.363348700000074],[91.88770592500003,22.424750067000048],[91.90805097700007,22.424750067000048],[91.87403405000003,22.336004950000074],[91.80884850400008,22.306341864000046],[91.81202233200008,22.281398830000057],[91.83838951900003,22.26308828300006],[91.83985436300003,22.246649481000077],[91.81690514400003,22.22028229400007],[91.81299889400003,22.18032461100006],[91.83985436300003,22.116888739000046],[91.85328209700003,22.14874909100007],[91.86719811300003,22.13739655200004],[91.85352623800003,22.14362213700008],[91.85523522200003,22.109198309000078],[91.88086998800003,21.969183661000045],[91.89820397200003,21.94489166900007],[91.91570071700005,21.862453518000052],[91.94971764400003,21.88418203300006],[91.92554772200003,21.86286041900007],[91.92937259200005,21.84316640800006],[91.91138756600003,21.83470286700009],[91.89926191500007,21.789496161000045],[91.90870201900003,21.78115469000005],[91.99000084700003,21.79482656500005],[91.96029707100007,21.763820705000057],[91.99000084700003,21.75999583500004],[91.95297285200007,21.738348700000074],[91.94971764400003,21.715969143000052],[91.96265709700003,21.689520575000074],[91.98389733200008,21.70538971600007],[91.98389733200008,21.650132554000038],[92.00074303500003,21.64980703300006],[92.02540123800003,21.712836005000042],[92.02930748800003,21.704901434000078],[92.02279707100007,21.67682526200008],[92.03589928500003,21.66815827000005],[92.03581790500004,21.640448309000078],[92.01791425900007,21.616034247000073],[92.02214603000004,21.599351304000038],[91.99000084700003,21.56199778900009],[91.99537194100003,21.522609768000052],[92.01791425900007,21.493109442000048],[91.99903405000003,21.49949778900009],[91.96338951900003,21.45213450700004],[91.94971764400003,21.45840078300006],[91.95972741000003,21.423976955000057],[92.04525800900007,21.29954661700009],[92.04542076900003,21.17096588700008],[92.13412519600007,21.04751211100006],[92.18628991000003,21.00584544500009],[92.20972741000003,20.930812893000052],[92.30103600400008,20.762274481000077],[92.32553144600007,20.738714911000045],[92.33326256600003,20.767726955000057],[92.26148522200003,20.940252997000073],[92.26514733200008,21.061102606000077],[92.28101647200003,20.959418036000045],[92.38111412900008,20.700140692000048],[92.45362389400003,20.668524481000077],[92.50700931100005,20.60927969000005],[92.53988691500007,20.52753327000005],[92.65316816500007,20.41828034100007],[92.69711347700007,20.308254299000055],[92.73121178500003,20.25918203300006],[92.73747806100005,20.44476959800005],[92.71697024800005,20.49998607000009],[92.70826256600003,20.578680731000077],[92.63502037900008,20.69798411700009],[92.66285241000003,20.67918528900009],[92.72071373800003,20.592230536000045],[92.75098717500003,20.498521226000037],[92.77898196700005,20.478257554000038],[92.75855553500003,20.47211334800005],[92.76929772200003,20.45506419500009],[92.79656009200005,20.48383209800005],[92.79265384200005,20.506252346000053],[92.82691491000003,20.495062567000048],[92.84693444100003,20.377346096000053],[92.89332116000003,20.32953522300005],[92.94288170700008,20.321234442000048],[92.86402428500003,20.30076732000009],[92.79948978000004,20.25918203300006],[92.77214603000004,20.20148346600007],[92.86036217500003,20.124945380000042],[92.89844811300003,20.135687567000048],[92.93604576900003,20.21198151200008],[93.01628665500004,20.32485586100006],[93.02263431100005,20.45254140800006],[93.07325280000003,20.554632880000042],[93.08562259200005,20.532945054000038],[93.03101647200003,20.40965403900009],[93.04322350400008,20.364935614000046],[93.05958092500003,20.362250067000048],[93.08187910200007,20.41697825700004],[93.10043379000007,20.43109772300005],[93.09131920700008,20.381008205000057],[93.08082116000003,20.358547268000052],[93.04127037900008,20.33201732000009],[93.01880944100003,20.25649648600006],[93.00123131600003,20.23932526200008],[92.99048912900008,20.15493398600006],[93.01856530000003,20.14996979400007],[93.08920332100007,20.21035390800006],[93.12094160200007,20.21198151200008],[93.09424889400003,20.14996979400007],[93.08008873800003,20.170477606000077],[93.04249108200008,20.129461981000077],[92.97022545700008,20.129461981000077],[92.98072350400008,20.077948309000078],[93.03842207100007,20.012925523000035],[93.05941816500007,19.951117255000042],[93.13453209700003,19.834051825000074],[93.16879316500007,19.80731842700004],[93.13453209700003,19.84829336100006],[93.10613040500004,19.93065013200004],[93.10914147200003,19.993801174000055],[93.13152103000004,20.00657786700009],[93.14812259200005,19.99433014500005],[93.20142662900008,19.86277903900009],[93.23829186300003,19.82099030200004],[93.12842858200008,20.094671942000048],[93.17628014400003,20.05369700700004],[93.19027754000007,20.06443919500009],[93.27247155000003,20.04751211100006],[93.31275475400008,20.065375067000048],[93.34066816500007,20.10219961100006],[93.36182701900003,20.02643463700008],[93.37208092500003,20.03082916900007],[93.38233483200008,20.08852773600006],[93.42318769600007,19.965318101000037],[93.45704186300003,19.954250393000052],[93.47046959700003,19.984849351000037],[93.49219811300003,19.964992580000057],[93.52564537900008,19.999172268000052],[93.53191165500004,19.984849351000037],[93.51197350400008,19.970445054000038],[93.53191165500004,19.95136139500005],[93.51832116000003,19.939601955000057],[93.56592858200008,19.916571356000077],[93.54672285200007,19.902899481000077],[93.58073978000004,19.881333726000037],[93.60084069100003,19.88857656500005],[93.61133873800003,19.91034577000005],[93.70753014400003,19.916571356000077],[93.71753991000003,19.93768952000005],[93.74000084700003,19.925116278000075],[93.74537194100003,19.916571356000077],[93.72559655000003,19.905585028000075],[93.73804772200003,19.882473049000055],[93.67994225400008,19.883368231000077],[93.66065514400003,19.870835679000038],[93.60645592500003,19.796128648000035],[93.60141035200007,19.718573309000078],[93.63550866000003,19.759507554000038],[93.64844811300003,19.725165106000077],[93.69353274800005,19.72479889500005],[93.72193444100003,19.76898834800005],[93.75163821700005,19.765692450000074],[93.71876061300003,19.74359772300005],[93.70948326900003,19.71352773600006],[93.72095787900008,19.685288804000038],[93.76107832100007,19.67487213700008],[93.78386478000004,19.691107489000046],[93.80681399800005,19.745835679000038],[93.82740319100003,19.718573309000078],[93.79444420700008,19.673570054000038],[93.80005944100003,19.65648021000004],[93.75611412900008,19.661078192000048],[93.73121178500003,19.632554429000038],[93.88209069100003,19.501898505000042],[93.93726647200003,19.492010809000078],[93.91920006600003,19.48427969000005],[93.92383873800003,19.46238841400009],[93.99105879000007,19.457180080000057],[93.98096764400003,19.372259833000044],[93.92994225400008,19.299750067000048],[93.83423912900008,19.23818594000005],[93.79688561300003,19.235174872000073],[93.72291100400008,19.268459377000056],[93.71753991000003,19.293402411000045],[93.66529381600003,19.305609442000048],[93.62134850400008,19.334377346000053],[93.63697350400008,19.34906647300005],[93.61133873800003,19.403265692000048],[93.56804446700005,19.406724351000037],[93.55298912900008,19.430568752000056],[93.53012129000007,19.432074286000045],[93.49089603000004,19.40761953300006],[93.48324629000007,19.35065338700008],[93.59400475400008,19.176703192000048],[93.64234459700003,19.13422272300005],[93.67888431100005,19.019598700000074],[93.70386803500003,19.018459377000056],[93.73462975400008,18.98118724200009],[93.81373131600003,18.94399648600006],[93.86573326900003,18.89549388200004],[93.90739993600005,18.881781317000048],[93.93043053500003,18.858628648000035],[93.94410241000003,18.86823151200008],[93.93726647200003,18.88934967700004],[93.97388756600003,18.922796942000048],[93.98438561300003,18.96784088700008],[93.95248457100007,19.032049872000073],[93.95541425900007,19.126898505000042],[93.91488691500007,19.169582424000055],[93.91041100400008,19.19098541900007],[93.92546634200005,19.210272528000075],[93.93726647200003,19.20465729400007],[93.94711347700007,19.15965403900009],[93.97348066500007,19.146307684000078],[94.03337649800005,19.20453522300005],[94.02523847700007,19.28656647300005],[94.06690514400003,19.38898346600007],[94.06967207100007,19.350897528000075],[94.04590905000003,19.30467357000009],[94.05323326900003,19.22138092700004],[94.03272545700003,19.169256903000075],[94.03907311300003,19.12205638200004],[94.02906334700003,19.095404364000046],[94.04656009200005,19.08112213700008],[94.09424889400003,19.08734772300005],[94.06006920700003,19.063706773000035],[94.06609134200005,19.04287344000005],[94.04118899800005,18.99762604400007],[94.05323326900003,18.93650950700004],[94.03663170700003,18.918036200000074],[94.03809655000003,18.859116929000038],[94.05323326900003,18.84088776200008],[94.06690514400003,18.84833405200004],[94.11963951900003,18.81663646000004],[94.13510175900007,18.820461330000057],[94.13355553500003,18.846502997000073],[94.14893639400003,18.86823151200008],[94.15308678500003,18.82103099200009],[94.21241295700003,18.741848049000055],[94.22803795700003,18.735541083000044],[94.25245201900003,18.75214264500005],[94.27930748800003,18.73851146000004],[94.21159915500004,18.725531317000048],[94.17457116000003,18.725043036000045],[94.15642337300005,18.73851146000004],[94.14893639400003,18.731024481000077],[94.24878991000003,18.63886139500005],[94.26221764400003,18.54511139500005],[94.24496504000007,18.53925202000005],[94.25896243600005,18.509019273000092],[94.33106530000003,18.42597077000005],[94.35059655000003,18.37523021000004],[94.38965905000003,18.36269765800006],[94.41700280000003,18.31395091400009],[94.38917076900003,18.286037502000056],[94.33106530000003,18.303127346000053],[94.32764733200003,18.258734442000048],[94.34156334700003,18.24750397300005],[94.42286217500003,18.24249909100007],[94.43677819100003,18.18235911700009],[94.45785566500007,18.15570709800005],[94.49488366000003,18.04881419500009],[94.49219811300003,18.025946356000077],[94.45085696700005,18.002427476000037],[94.44743899800005,17.97333405200004],[94.48340905000003,17.902289130000042],[94.50171959700003,17.78660716400009],[94.54395592500003,17.74803294500009],[94.56299889400003,17.66168854400007],[94.59522545700003,17.61546458500004],[94.59066816500007,17.59324778900009],[94.61500084700003,17.54555898600006],[94.56031334700003,17.582098700000074],[94.55388431100005,17.54360586100006],[94.57032311300003,17.505194403000075],[94.57683353000004,17.358343817000048],[94.59449303500003,17.292303778000075],[94.54615319100003,17.319647528000075],[94.54542076900003,17.296087958000044],[94.51197350400008,17.275213934000078],[94.50863691500007,17.230129299000055],[94.53785241000003,17.18740469000005],[94.51091556100005,17.16901276200008],[94.46469160200007,17.189276434000078],[94.45435631600003,17.180080471000053],[94.45777428500003,17.15375397300005],[94.48568769600007,17.141017971000053],[94.48878014400003,17.124212958000044],[94.45785566500007,17.05955638200004],[94.45777428500003,16.982896226000037],[94.44434655000003,16.949652411000045],[94.46469160200007,16.949652411000045],[94.42318769600007,16.901271877000056],[94.38233483200003,16.901271877000056],[94.40267988400007,16.788275458000044],[94.36443118600005,16.701117255000042],[94.36198978000004,16.63548411700009],[94.32764733200003,16.60643138200004],[94.34620201900003,16.59243398600006],[94.34131920700003,16.54840729400007],[94.33106530000003,16.528631903000075],[94.27312259200005,16.53815338700008],[94.26832116000003,16.527492580000057],[94.27312259200005,16.466498114000046],[94.25863691500007,16.38735586100006],[94.23536217500003,16.34837474200009],[94.23780358200003,16.273138739000046],[94.21509850400008,16.15766022300005],[94.20980879000007,16.028998114000046],[94.23951256600003,15.976304429000038],[94.25147545700003,15.968451239000046],[94.28663170700003,15.99750397300005],[94.34001712300005,15.996242580000057],[94.36060631600003,16.049261786000045],[94.42807050900007,16.074164130000042],[94.50700931100005,16.189601955000057],[94.52116946700005,16.295477606000077],[94.58366946700005,16.27484772300005],[94.60670006600003,16.325995184000078],[94.62973066500007,16.344183661000045],[94.63550866000003,16.32648346600007],[94.58399498800003,16.23651764500005],[94.62794030000003,16.260199286000045],[94.68384850400008,16.364081122000073],[94.67701256600003,16.53196849200009],[94.68392988400007,16.51080963700008],[94.69727623800003,16.508368231000077],[94.73226972700007,16.524562893000052],[94.70582116000003,16.473089911000045],[94.73226972700007,16.360663153000075],[94.70492597700007,16.353216864000046],[94.66521243600005,16.257635809000078],[94.68384850400008,16.20917389500005],[94.67888431100005,16.12128327000005],[94.64234459700003,16.044663804000038],[94.56234785200007,15.961859442000048],[94.56657962300005,15.935492255000042],[94.61475670700003,15.94367096600007],[94.70533287900008,16.020656643000052],[94.76596113400007,16.139471747000073],[94.79371178500003,16.16201406500005],[94.76587975400008,16.09316640800006],[94.74170983200003,16.067287502000056],[94.73226972700007,16.017401434000078],[94.70313561300003,15.982367255000042],[94.60132897200003,15.921210028000075],[94.62240644600007,15.891546942000048],[94.63282311300003,15.88971588700008],[94.63550866000003,15.908148505000042],[94.65870201900003,15.85447825700004],[94.68384850400008,15.84674713700008],[94.72120201900003,15.856675523000092],[94.78687584700003,15.962144273000092],[94.84620201900003,15.99998607000009],[94.86939537900008,16.040961005000042],[94.84839928500003,16.096502997000073],[94.85466556100005,16.160223700000074],[94.89307701900003,16.20575592700004],[94.96697024800005,16.220404364000046],[94.99244225400008,16.250799872000073],[94.95923912900008,16.200873114000046],[94.90007571700005,16.18378327000005],[94.86312910200007,16.127752997000073],[94.88933353000004,16.017401434000078],[94.92408287900008,16.03851959800005],[94.92066491000003,16.01862213700008],[94.86280358200003,15.991766669000071],[94.83472741000003,15.949164130000042],[94.85320071700005,15.840277411000045],[94.88257897200003,15.86717357000009],[94.89633222700007,15.847398179000038],[94.89039147200003,15.827053127000056],[94.84685306100005,15.790594794000071],[94.97559655000003,15.764146226000037],[94.99756920700003,15.795314846000053],[95.03394616000003,15.80573151200008],[95.05502363400007,15.846136786000045],[95.07292728000004,15.970648505000042],[95.07056725400008,16.07485586100006],[95.13575280000003,16.148382880000042],[95.14869225400008,16.132025458000044],[95.18360436300003,16.14093659100007],[95.22592207100007,16.119940497000073],[95.13795006600003,16.10032786700009],[95.11019941500007,16.06745026200008],[95.09766686300003,16.025132554000038],[95.10775800900007,15.983872789000088],[95.12891686300003,16.03851959800005],[95.13754316500007,16.006659247000073],[95.11524498800003,15.893947658000059],[95.12574303500003,15.817613023000092],[95.14454186300003,15.789129950000074],[95.17359459700003,15.777818101000037],[95.21273847700007,15.78656647300005],[95.22437584700003,15.810126044000071],[95.22396894600007,15.91860586100006],[95.27295983200003,16.003729559000078],[95.27588951900003,15.970648505000042],[95.23878014400003,15.893947658000059],[95.25163821700005,15.86823151200008],[95.29712975400008,15.90298086100006],[95.31185957100007,15.947088934000078],[95.34180748800003,15.983872789000088],[95.34864342500003,16.041571356000077],[95.32748457100007,16.10740794500009],[95.36158287900008,16.148382880000042],[95.34546959700003,16.10496653900009],[95.36850019600007,16.038804429000038],[95.36426842500003,15.984564520000049],[95.33855228000004,15.922023830000057],[95.31397545700003,15.90070221600007],[95.31267337300005,15.866522528000075],[95.28256269600007,15.838324286000045],[95.28793379000007,15.74013906500005],[95.31055748800003,15.723211981000077],[95.37419681100005,15.715033270000049],[95.41578209700003,15.72296784100007],[95.52344811300003,15.803656317000048],[95.66472415500004,15.94920482000009],[95.68734785200007,15.988226630000042],[95.69703209700003,16.06598541900007],[95.73226972700007,16.12726471600007],[95.72486412900008,16.22284577000005],[95.75554446700005,16.14524974200009],[95.79769941500007,16.144924221000053],[95.88990319100003,16.243963934000078],[95.88306725400008,16.20917389500005],[95.90788821700005,16.211737372000073],[95.95142662900008,16.257635809000078],[95.94239342500003,16.21906159100007],[95.97999108200003,16.223130601000037],[96.06755618600005,16.310248114000046],[96.06657962300005,16.335638739000046],[96.00660241000003,16.38735586100006],[96.07740319100003,16.36082591400009],[96.09766686300003,16.328558661000045],[96.11898847700007,16.32176341400009],[96.28533551400005,16.365993422000088],[96.30469811300003,16.406398830000057],[96.32129967500003,16.415269273000092],[96.33643639400003,16.43943919500009],[96.23462975400008,16.57636139500005],[96.24089603000004,16.650132554000038],[96.20460045700003,16.696478583000044],[96.19410241000003,16.74315013200004],[96.17115319100003,16.771551825000074],[96.20655358200003,16.777492580000057],[96.25757897200003,16.81590403900009],[96.28711998800003,16.81313711100006],[96.22575931100005,16.76129791900007],[96.26596113400007,16.596828518000052],[96.35710696700005,16.518500067000048],[96.43626064100005,16.47776837400005],[96.55897956600006,16.49689671300007],[96.61594293000007,16.518004835000056],[96.67947338500005,16.57486789400008],[96.71631920700003,16.658351955000057],[96.80103600400008,16.73737213700008],[96.78939863400007,16.75608958500004],[96.81128991000003,16.76471588700008],[96.84669030000003,16.844916083000044],[96.84400475400008,16.873928127000056],[96.80787194100003,16.908677476000037],[96.85572350400008,16.901271877000056],[96.83521569100003,16.936021226000037],[96.87907962300005,16.934719143000052],[96.91089928500003,17.02480703300006],[96.91016686300003,17.066839911000045],[96.85572350400008,17.168768622000073],[96.84937584700003,17.212958075000074],[96.91089928500003,17.284857489000046],[96.91065514400003,17.31708405200004],[96.82154381600003,17.39472077000005],[96.84205162900008,17.409002997000073],[96.85572350400008,17.388495184000078],[96.88306725400008,17.457424221000053],[96.89551842500003,17.38467031500005],[97.01335696700005,17.29913971600007],[97.00717207100007,17.27806224200009],[97.06861412900008,17.25136953300006],[97.08871504000007,17.193508205000057],[97.10962975400008,17.189276434000078],[97.09595787900008,17.165757554000038],[97.10027103000004,17.13377513200004],[97.13062584700003,17.079413153000075],[97.15805097700007,17.129299221000053],[97.20264733200003,17.13157786700009],[97.26099694100003,17.10732656500005],[97.23365319100003,17.09516022300005],[97.17448978000004,17.112494208000044],[97.15723717500003,17.086859442000048],[97.19825280000003,17.013495184000078],[97.18327884200005,16.921535549000055],[97.19157962300005,16.901271877000056],[97.21949303500003,16.901271877000056],[97.20460045700003,16.859808661000045],[97.21949303500003,16.82615794500009],[97.24048912900008,16.87457916900007],[97.23308353000004,16.83982982000009],[97.24480228000004,16.81745026200008],[97.23017297700005,16.769141733000083],[97.25544480700006,16.697868885000048],[97.28583595300006,16.658921726000074],[97.31119371300008,16.652366398000083],[97.32982822700006,16.679846809000082],[97.37029056100005,16.483547268000052],[97.42310631600003,16.52342357000009],[97.47632897200003,16.51829661700009],[97.54835045700003,16.53815338700008],[97.63038170700003,16.53196849200009],[97.71290123800003,16.579779364000046],[97.73552493600005,16.566799221000053],[97.74024498800003,16.55927155200004],[97.67383873800003,16.53343333500004],[97.63721764400003,16.477362372000073],[97.62305748800003,16.394476630000042],[97.65088951900003,16.271307684000078],[97.61963951900003,16.125433661000045],[97.60084069100003,16.09247467700004],[97.57178795700003,16.080023505000042],[97.56885826900003,16.06240469000005],[97.57569420700003,16.017401434000078],[97.63721764400003,15.949164130000042],[97.69141686300003,15.912298895000049],[97.71225019600007,15.88768138200004],[97.70606530000003,15.86033763200004],[97.72706139400003,15.84320709800005],[97.72641035200007,15.777818101000037],[97.71290123800003,15.757310289000088],[97.73389733200003,15.726304429000038],[97.72559655000003,15.701320705000057],[97.74366295700003,15.664862372000073],[97.74293053500003,15.60447825700004],[97.77426191500007,15.531398830000057],[97.76140384200005,15.49054596600007],[97.79476972700007,15.407904364000046],[97.76075280000003,15.394232489000046],[97.75049889400003,15.36009349200009],[97.72641035200007,15.339585679000038],[97.74203535200007,15.317938544000071],[97.74317467500003,15.266831773000092],[97.76937910200007,15.223334052000041],[97.78028405000003,15.211493231000077],[97.82276451900003,15.20929596600007],[97.80713951900003,15.174953518000052],[97.81023196700005,15.095119533000059],[97.79476972700007,15.05849844000005],[97.80836022200003,15.03115469000005],[97.77426191500007,15.01748281500005],[97.81283613400007,14.983343817000048],[97.79476972700007,14.88031647300005],[97.81511478000004,14.850816148000092],[97.85035241000003,14.72361888200004],[97.87549889400003,14.716742255000042],[97.90219160200007,14.737697658000059],[97.89722741000003,14.797756252000056],[97.93116295700003,14.75218333500004],[97.94556725400008,14.763617255000042],[97.93816165500004,14.784735419000071],[97.94988040500004,14.798895575000074],[97.97291100400008,14.763617255000042],[97.96461022200003,14.74705638200004],[98.00025475400008,14.722072658000059],[97.98218834700003,14.715277411000045],[98.02759850400008,14.64752838700008],[97.99244225400008,14.663723049000055],[97.94312584700003,14.720200914000088],[97.90406334700003,14.70897044500009],[97.88550866000003,14.684068101000037],[97.88550866000003,14.655951239000046],[97.92505944100003,14.612779039000088],[97.91358483200003,14.586737372000073],[97.96607506600003,14.44830963700008],[97.97641035200007,14.443752346000053],[98.00025475400008,14.46873607000009],[97.97974694100003,14.397406317000048],[97.99350019600007,14.330511786000045],[98.04175866000003,14.242865302000041],[98.08961022200003,14.181382554000038],[98.10108483200003,14.191839911000045],[98.11011803500003,14.167792059000078],[98.09644616000003,14.167792059000078],[98.10767662900008,14.11001211100006],[98.06169681100005,14.01007721600007],[98.08228600400008,13.92446523600006],[98.11085045700003,13.902167059000078],[98.11011803500003,13.790350653000075],[98.08887780000003,13.795111395000049],[98.08277428500003,13.769964911000045],[98.09205162900008,13.73969147300005],[98.11695397200003,13.728949286000045],[98.10328209700003,13.700995184000078],[98.16879316500007,13.680812893000052],[98.15105228000004,13.67373281500005],[98.15845787900008,13.642320054000038],[98.13746178500003,13.626532294000071],[98.15105228000004,13.606024481000077],[98.12973066500007,13.58234284100007],[98.14136803500003,13.57322825700004],[98.14429772200003,13.53709544500009],[98.15105228000004,13.55760325700004],[98.17107181100005,13.53782786700009],[98.18685957100007,13.543850002000056],[98.16846764400003,13.58429596600007],[98.19605553500003,13.668361721000053],[98.17945397200003,13.73240794500009],[98.19947350400008,13.869208075000074],[98.18018639400003,13.925034898000092],[98.19825280000003,13.964911200000074],[98.19947350400008,13.992743231000077],[98.17896569100003,14.019720770000049],[98.19214928500003,14.06468333500004],[98.23365319100003,14.002630927000041],[98.23365319100003,13.917303778000075],[98.25416100400008,13.85179271000004],[98.24480228000004,13.714056708000044],[98.30201256600003,13.700995184000078],[98.29566491000003,13.687974351000037],[98.28825931100005,13.69476959800005],[98.33643639400003,13.619818427000041],[98.33611087300005,13.598578192000048],[98.35661868600005,13.584865627000056],[98.35718834700003,13.563869533000059],[98.39405358200003,13.542792059000078],[98.42644290500004,13.490057684000078],[98.41863040500004,13.454575914000088],[98.44532311300003,13.424302476000037],[98.45281009200005,13.379461981000077],[98.47315514400003,13.413031317000048],[98.46045983200003,13.35578034100007],[98.47999108200003,13.283880927000041],[98.48991946700005,13.29783763200004],[98.50049889400003,13.249172268000052],[98.57846113400007,13.186753648000092],[98.58383222700007,13.026597398000092],[98.61402428500003,12.954291083000044],[98.58985436300003,12.919582424000055],[98.63428795700003,12.878607489000046],[98.65137780000003,12.797308661000045],[98.61744225400008,12.777411200000074],[98.61784915500004,12.76626211100006],[98.62769616000003,12.756252346000053],[98.67872155000003,12.756293036000045],[98.64454186300003,12.742010809000078],[98.64844811300003,12.723334052000041],[98.69288170700003,12.725287177000041],[98.66765384200005,12.67479075700004],[98.67310631600003,12.625392971000053],[98.65137780000003,12.622259833000044],[98.62305748800003,12.558172919000071],[98.63998457100007,12.53188711100006],[98.70972741000003,12.512396552000041],[98.70142662900008,12.498724677000041],[98.61622155000003,12.485744533000059],[98.60515384200005,12.428941148000092],[98.65137780000003,12.38572825700004],[98.69996178500003,12.363959052000041],[98.70655358200003,12.34788646000004],[98.67676842500003,12.315252997000073],[98.56836998800003,12.29092031500005],[98.54021243600005,12.260972398000092],[98.53907311300003,12.241766669000071],[98.56324303500003,12.20766836100006],[98.59669030000003,12.19399648600006],[98.66293379000007,12.236802476000037],[98.70329837300005,12.237779039000088],[98.70972741000003,12.204250393000052],[98.65821373800003,12.16665273600006],[98.67310631600003,12.15916575700004],[98.63086998800003,12.146185614000046],[98.62964928500003,12.131984768000052],[98.64096113400007,12.113674221000053],[98.63379967500003,12.090318101000037],[98.66504967500003,12.060248114000046],[98.71273847700007,12.063625393000052],[98.70313561300003,12.048081773000092],[98.72144616000003,11.997788804000038],[98.72022545700003,11.96430084800005],[98.69092858200003,11.954331773000092],[98.66407311300003,11.920355536000045],[98.62745201900003,11.905951239000046],[98.57813561300003,11.906683661000045],[98.55811608200003,11.899115302000041],[98.54900149800005,11.878648179000038],[98.69410241000003,11.89288971600007],[98.70655358200003,11.878648179000038],[98.68091881600003,11.877346096000053],[98.65137780000003,11.830267645000049],[98.62403405000003,11.830267645000049],[98.60352623800003,11.803615627000056],[98.63086998800003,11.803615627000056],[98.63209069100003,11.79287344000005],[98.60596764400003,11.769191799000055],[98.61036217500003,11.731268622000073],[98.67416425900007,11.685248114000046],[98.70313561300003,11.697455145000049],[98.71216881600003,11.736517645000049],[98.74415123800003,11.762518622000073],[98.76807701900003,11.76194896000004],[98.81609134200005,11.833807684000078],[98.80892988400007,11.851304429000038],[98.82569420700003,11.825873114000046],[98.78296959700003,11.755113023000092],[98.80494225400008,11.736517645000049],[98.87671959700003,11.72264232000009],[98.89161217500003,11.69367096600007],[98.82260175900007,11.707953192000048],[98.81714928500003,11.677394924000055],[98.75220787900008,11.681708075000074],[98.73560631600003,11.64203522300005],[98.73633873800003,11.588771877000056],[98.71794681100005,11.53188711100006],[98.72885175900007,11.517645575000074],[98.75440514400003,11.522406317000048],[98.77491295700003,11.453517971000053],[98.71534264400003,11.443182684000078],[98.69800866000003,11.388006903000075],[98.70264733200003,11.379055080000057],[98.72706139400003,11.385199286000045],[98.72193444100003,11.350083726000037],[98.75928795700003,11.268947658000059],[98.72413170700003,11.156195380000042],[98.65821373800003,11.131984768000052],[98.67628014400003,11.10057200700004],[98.70655358200003,11.097845770000049],[98.72242272200003,11.044867255000042],[98.69288170700003,11.00844961100006],[98.72022545700003,10.980536200000074],[98.71241295700003,10.924383856000077],[98.67310631600003,10.905462958000044],[98.64795983200003,10.919094143000052],[98.61378014400003,10.890285549000055],[98.58155358200003,10.882025458000044],[98.58643639400003,10.861029364000046],[98.63086998800003,10.850816148000092],[98.59669030000003,10.837144273000092],[98.59986412900008,10.805487372000073],[98.56324303500003,10.72728099200009],[98.54371178500003,10.745062567000048],[98.52100670700003,10.74095286700009],[98.53834069100003,10.718695380000042],[98.52849368600005,10.693101304000038],[98.49830162900008,10.731594143000052],[98.46355228000004,10.729437567000048],[98.45932050900007,10.715399481000077],[98.46338951900003,10.630031643000052],[98.49545332100007,10.55687083500004],[98.49415123800003,10.452460028000075],[98.52849368600005,10.364203192000048],[98.48959394600007,10.19790273600006],[98.51392662900008,10.146918036000045],[98.52100670700003,10.028998114000046],[98.54314212300005,9.987453518000052],[98.58985436300003,10.04205963700008],[98.64421634200005,10.15501536700009],[98.69605553500003,10.22370026200008],[98.71892337300005,10.312567450000074],[98.74740644600007,10.350531317000048],[98.74626712300005,10.329006252000056],[98.71290123800003,10.205511786000045],[98.66228274800005,10.085272528000075],[98.60352623800003,9.99359772300005],[98.59961998800003,9.973863023000092],[98.61036217500003,9.960109768000052],[98.63314863400007,9.962958075000074],[98.63086998800003,9.952704169000071],[98.59197024800005,9.942694403000075],[98.57162519600007,9.91547272300005],[98.58985436300003,9.905462958000044],[98.57048587300005,9.88422272300005],[98.57618248800003,9.87759023600006],[98.55990644600007,9.87303294500009],[98.54900149800005,9.883734442000048],[98.51270592500003,9.836859442000048],[98.54900149800005,9.809271552000041],[98.58301842500003,9.84284088700008],[98.55543053500003,9.798041083000044],[98.50798587300005,9.774562893000052],[98.50798587300005,9.740383205000057],[98.52100670700003,9.75462474200009],[98.56576582100007,9.742621161000045],[98.54395592500003,9.70648834800005],[98.49366295700003,9.713690497000073],[98.51319420700003,9.694891669000071],[98.49366295700003,9.685736395000049],[98.51417076900003,9.654730536000045],[98.46338951900003,9.604437567000048],[98.49366295700003,9.575873114000046],[98.52849368600005,9.575873114000046],[98.53109785200007,9.566107489000046],[98.48682701900003,9.52806224200009],[98.45720462300005,9.548529364000046],[98.42546634200005,9.432521877000056],[98.35189863400007,9.251369533000059],[98.35230553500003,9.235907294000071],[98.37077884200005,9.22646719000005],[98.33969160200007,9.199774481000077],[98.32227623800003,9.209377346000053],[98.32837975400008,9.16437409100007],[98.38200931100005,9.071926174000055],[98.32984459700003,9.052069403000075],[98.33269290500004,9.026068427000041],[98.34245853000004,9.01821523600006],[98.39128665500004,9.035305080000057],[98.35808353000004,8.99599844000005],[98.36402428500003,8.973944403000075],[98.32488040500004,8.97524648600006],[98.26156660200007,8.85065338700008],[98.25074303500003,8.759955145000049],[98.21998131600003,8.726223049000055],[98.24048912900008,8.651068427000041],[98.21998131600003,8.569159247000073],[98.25310306100005,8.534654039000088],[98.24732506600003,8.514553127000056],[98.21566816500007,8.55337148600006],[98.20972741000003,8.58148834800005],[98.19947350400008,8.534369208000044],[98.27759850400008,8.28351471600007],[98.28687584700003,8.219916083000044],[98.35694420700003,8.18500397300005],[98.39128665500004,8.136542059000078],[98.40552819100003,8.164496161000045],[98.42497806100005,8.14842357000009],[98.46290123800003,8.216131903000075],[98.45313561300003,8.29401276200008],[98.42221113400007,8.306341864000046],[98.42823326900003,8.316961981000077],[98.46631920700003,8.322739976000037],[98.46631920700003,8.335760809000078],[98.48666425900007,8.324896552000041],[98.49366295700003,8.34320709800005],[98.51042728000004,8.33112213700008],[98.52605228000004,8.336330471000053],[98.55201256600003,8.36001211100006],[98.59888756600003,8.37490469000005],[98.60352623800003,8.39720286700009],[98.65544681100005,8.37962474200009],[98.62623131600003,8.346096096000053],[98.62403405000003,8.28115469000005],[98.69629967500003,8.30849844000005],[98.70313561300003,8.298529364000046],[98.70655358200003,8.225897528000075],[98.72706139400003,8.253851630000042],[98.74415123800003,8.214911200000074],[98.74740644600007,8.06826406500005],[98.77027428500003,8.02366771000004],[98.80030358200003,8.052435614000046],[98.82943769600007,8.006781317000048],[98.84359785200007,8.002875067000048],[98.88819420700003,8.021063544000071],[98.91797936300003,8.051336981000077],[98.96045983200003,8.006781317000048],[98.96778405000003,7.956203518000052],[99.00025475400008,7.942572333000044],[99.02808678500003,7.90375397300005],[99.05030358200003,7.905462958000044],[99.06959069100003,7.924872137000079],[99.06226647200003,7.859361070000091],[99.01441491000003,7.815008856000077],[99.03321373800003,7.722805080000057],[99.05600019600007,7.698919989000046],[99.09148196700005,7.691839911000045],[99.11215254000007,7.705511786000045],[99.13054446700005,7.767238674000055],[99.15308678500003,7.730658270000049],[99.25570722700007,7.657375393000052],[99.26221764400003,7.643255927000041],[99.24976647200003,7.627752997000073],[99.26832116000003,7.616400458000044],[99.29273522200003,7.6206729190000715],[99.30884850400008,7.528306382000039],[99.29558353000004,7.5071475280000755],[99.32984459700003,7.503404039000088],[99.34742272200003,7.423488674000055],[99.33659915500004,7.383612372000073],[99.37818444100003,7.32094961100006],[99.47071373800003,7.279974677000041],[99.48829186300003,7.285711981000077],[99.49097741000003,7.35101959800005],[99.50814863400007,7.384955145000049],[99.52540123800003,7.370021877000056],[99.52466881600003,7.311346747000073],[99.54957116000003,7.301825262000079],[99.60352623800003,7.376166083000044],[99.58521569100003,7.306708075000074],[99.54542076900003,7.266302802000041],[99.54004967500003,7.244126695000091],[99.55787194100003,7.197455145000049],[99.58399498800003,7.156439520000049],[99.61085045700003,7.1508649760000935],[99.61410566500007,7.136664130000042],[99.67237389400003,7.170721747000073],[99.67758222700007,7.123277085000041],[99.69288170700003,7.116115627000056],[99.74057050900007,7.137111721000053],[99.74805748800003,7.126044012000079],[99.67920983200003,7.026760158000059],[99.68091881600003,6.973618882000039],[99.70720462300005,6.961004950000074],[99.71387780000003,6.942206122000073],[99.69044030000003,6.935492255000042],[99.68580162900008,6.877346096000053],[99.71070397200003,6.85415273600006],[99.79721113400007,6.821682033000059],[99.82488040500004,6.769598700000074],[99.85173587300005,6.776434637000079],[99.86752363400007,6.762600002000056],[99.92847741000003,6.692613023000092],[99.93734785200007,6.664740302000041],[99.96094811300003,6.660549221000053],[99.97396894600007,6.622707424000055],[99.96094811300003,6.598456122000073],[99.99122155000003,6.597845770000049],[100.0,6.570778884068828]],[[100.0,8.569934492492969],[99.96713300900007,8.605658270000049],[99.95923912900008,8.637640692000048],[99.93921959700003,8.832464911000045],[99.92628014400003,8.863348700000074],[99.91944420700003,8.980047919000071],[99.93311608200003,9.000555731000077],[99.91944420700003,9.086493231000077],[99.88648522200003,9.157904364000046],[99.88599694100003,9.233303127000056],[99.87777754000007,9.22646719000005],[99.85962975400008,9.257757880000042],[99.85352623800003,9.294663804000038],[99.80339603000004,9.322658596000053],[99.78158613400007,9.308417059000078],[99.73951256600003,9.320502020000049],[99.68946373800003,9.31586334800005],[99.61011803500003,9.27798086100006],[99.53581790500004,9.281683661000045],[99.50171959700003,9.220282294000071],[99.44385826900003,9.195990302000041],[99.37818444100003,9.192938544000071],[99.35075931100005,9.219183661000045],[99.25505618600005,9.232489325000074],[99.23414147200003,9.278265692000048],[99.23552493600005,9.336330471000053],[99.29078209700003,9.39008209800005],[99.32357832100007,9.391546942000048],[99.22315514400003,9.542629299000055],[99.21208743600005,9.597723700000074],[99.17286217500003,9.665228583000044],[99.14478600400008,9.788234768000052],[99.15162194100003,9.82916901200008],[99.17212975400008,9.85024648600006],[99.15845787900008,9.99054596600007],[99.17888431100005,10.02529531500005],[99.15162194100003,10.103461005000042],[99.20134524800005,10.210638739000046],[99.24170983200003,10.214504299000055],[99.25464928500003,10.234442450000074],[99.22461998800003,10.232367255000042],[99.16895592500003,10.28774648600006],[99.15162194100003,10.357367255000042],[99.20004316500007,10.378485419000071],[99.23414147200003,10.343695380000042],[99.28500410200007,10.364488023000092],[99.28874759200005,10.41201406500005],[99.24040774800005,10.456976630000042],[99.26832116000003,10.508205471000053],[99.24268639400003,10.514471747000073],[99.24463951900003,10.53514232000009],[99.27816816500007,10.546047268000052],[99.30241946700005,10.631048895000049],[99.32715905000003,10.663275458000044],[99.37435957100007,10.681382554000038],[99.37501061300003,10.71198151200008],[99.43506920700003,10.80182526200008],[99.44320722700007,10.870347398000092],[99.49415123800003,10.878119208000044],[99.51156660200007,10.866359768000052],[99.49415123800003,10.967474677000041],[99.51531009200005,11.039211330000057],[99.49634850400008,11.132879950000074],[99.52857506600003,11.186835028000075],[99.56202233200003,11.198919989000046],[99.56934655000003,11.17914459800005],[99.58619225400008,11.195135809000078],[99.56625410200007,11.276312567000048],[99.56934655000003,11.33397044500009],[99.62574303500003,11.44049713700008],[99.64185631600003,11.523260809000078],[99.67058353000004,11.577866929000038],[99.75180097700007,11.709865627000056],[99.78044681100005,11.737250067000048],[99.81706790500004,11.741441148000092],[99.80982506600003,11.824611721000053],[99.83692467500003,11.843451239000046],[99.82325280000003,11.878648179000038],[99.83122806100005,11.924709377000056],[99.85531660200007,11.968410549000055],[99.95533287900008,12.07249583500004],[100.0,12.166948737550822]],[[100.0,12.251884393157287],[99.98170006600003,12.27993398600006],[100.0,12.341577653701748]],[[100.0,12.409256446299503],[99.97706139400003,12.47687409100007],[99.98080488400007,12.540350653000075],[99.96045983200003,12.667914130000042],[99.97429446700005,12.751206773000092],[100.0,12.809745837328627]],[[100.0,13.216886104409232],[99.96713300900007,13.259019273000092],[99.96070397200003,13.29242584800005],[99.96273847700007,13.309881903000075],[100.0,13.327339647799068]]]}},{"type":"Feature","properties":{"id":282,"source":"Natural Earth","provenance":"REAL DATA"},"geometry":{"type":"LineString","coordinates":[[61.61247806100005,25.200506903000075],[61.69418379000007,25.200506903000075],[61.74952233200008,25.173163153000075],[61.78305097700007,25.187974351000037],[61.76002037900008,25.115383205000057],[61.728526238000086,25.08307526200008],[61.73585045700008,25.069525458000044],[61.720064069000045,25.037436401000036],[61.75486833000008,25.013467337000066],[61.84734134200005,25.037909247000073],[61.88111412900008,25.10301341400009],[62.09717858200008,25.107123114000046],[62.05898864100004,25.161635844000045],[62.08003090800008,25.197152448000054],[62.145192905000044,25.218410549000055],[62.254221821000044,25.21203210100009],[62.297479277000036,25.185132715000066],[62.31527754000007,25.130194403000075],[62.25605540600009,25.098627452000073],[62.38105164800004,25.08757219800009],[62.38724312900007,25.101574720000087],[62.33912194100003,25.124741929000038],[62.34310957100007,25.155462958000044],[62.41382897200003,25.20652903900009],[62.48943118600005,25.214178778000075],[62.46762129000007,25.223537502000056],[62.477178930000036,25.259063576000074],[62.770518425000034,25.26190827000005],[63.02784264400003,25.220363674000055],[63.14405358200008,25.260931708000044],[63.30811608200008,25.220363674000055],[63.411143425000034,25.222479559000078],[63.50049889400003,25.19367096600007],[63.51872806100005,25.220851955000057],[63.469493035000085,25.28925202000005],[63.49577884200005,25.291408596000053],[63.53760826900003,25.34446849200009],[63.57252037900008,25.364976304000038],[63.73780358200008,25.385321356000077],[63.944102410000085,25.334906317000048],[64.05974368600005,25.344549872000073],[64.07960045700008,25.364976304000038],[64.04883873800009,25.416489976000037],[64.01172936300009,25.397284247000073],[63.997080925000034,25.419623114000046],[63.976573113000086,25.41278717700004],[64.04542076900003,25.450344143000052],[64.05648847700007,25.44171784100007],[64.12728925900007,25.45376211100006],[64.15072675900007,25.45140208500004],[64.15088951900003,25.432114976000037],[64.09376061300009,25.431789455000057],[64.07960045700008,25.41620514500005],[64.10694420700008,25.38544342700004],[64.09449303500008,25.335882880000042],[64.24463951900003,25.31659577000005],[64.26579837300005,25.298651434000078],[64.36068769600007,25.283026434000078],[64.43930097700007,25.23460521000004],[64.49203535200007,25.24567291900007],[64.51840254000007,25.27558014500005],[64.56544030000003,25.27024974200009],[64.61060631600003,25.251695054000038],[64.62769616000008,25.228461005000042],[64.60035241000008,25.173163153000075],[64.65503991000008,25.165716864000046],[64.71021569100003,25.179388739000046],[64.70915774800005,25.190659898000035],[64.66863040500004,25.206732489000046],[64.66863040500004,25.255113023000035],[64.69597415500004,25.29759349200009],[64.74439537900008,25.324042059000078],[64.80730228000004,25.328517971000053],[64.86109459700003,25.31659577000005],[64.92066491000008,25.327053127000056],[65.15528405000003,25.296087958000044],[65.18799889400003,25.311021226000037],[65.23226972700007,25.37067291900007],[65.25977623800009,25.38043854400007],[65.29232832100007,25.364976304000038],[65.33619225400008,25.385321356000077],[65.39535566500007,25.392279364000046],[65.38233483200008,25.371161200000074],[65.46778405000003,25.38544342700004],[65.65211022200003,25.34446849200009],[65.85840905000003,25.41754791900007],[66.06902103000004,25.446234442000048],[66.15919030000003,25.446926174000055],[66.25180097700007,25.47288646000004],[66.35954837300005,25.465236721000053],[66.49838300900007,25.398504950000074],[66.51156660200007,25.414211330000057],[66.45753014400003,25.45376211100006],[66.49219811300009,25.481024481000077],[66.45622806100005,25.496039130000042],[66.42318769600007,25.481024481000077],[66.38851972700007,25.522040106000077],[66.33643639400003,25.55337148600006],[66.25814863400007,25.543117580000057],[66.25879967500003,25.52484772300005],[66.21306399800005,25.491359768000052],[66.09441165500004,25.47483958500004],[66.13738040500004,25.513820705000057],[66.16716556100005,25.566066799000055],[66.20394941500007,25.59320709800005],[66.25814863400007,25.61200592700004],[66.33855228000004,25.60809967700004],[66.37549889400003,25.62567780200004],[66.37256920700008,25.603908596000053],[66.38770592500003,25.59243398600006],[66.43702233200008,25.597723700000074],[66.49284915500004,25.518052476000037],[66.50586998800009,25.522040106000077],[66.51270592500003,25.508368231000077],[66.53101647200003,25.518133856000077],[66.55054772200003,25.457098700000074],[66.58708743600005,25.426214911000045],[66.59115644600007,25.399603583000044],[66.57927493600005,25.379380601000037],[66.55372155000003,25.38544342700004],[66.54786217500003,25.365627346000053],[66.71021569100003,25.23924388200004],[66.73715254000007,25.18109772300005],[66.73226972700007,25.14325592700004],[66.69955488400007,25.085272528000075],[66.68132571700005,24.948879299000055],[66.68132571700005,24.910549221000053],[66.70443769600007,24.89203522300005],[66.65674889400003,24.858710028000075],[66.65414472700007,24.839178778000075],[66.67969811300009,24.830552476000037],[66.77963300900007,24.85101959800005],[66.80250084700003,24.839544989000046],[66.88209069100003,24.85101959800005],[66.94117272200003,24.812567450000074],[66.96509850400008,24.81004466400009],[66.96509850400008,24.843573309000078],[67.08253014400003,24.77415599200009],[67.08122806100005,24.803290106000077],[67.13965905000003,24.803290106000077],[67.16732832100007,24.760158596000053],[67.23267662900008,24.770738023000035],[67.25554446700005,24.747992255000042],[67.17554772200003,24.688706773000035],[67.15699303500008,24.662909247000073],[67.15211022200003,24.615708726000037],[67.20899498800009,24.613755601000037],[67.25261478000004,24.590318101000037],[67.18360436300009,24.590318101000037],[67.19459069100003,24.547267971000053],[67.23080488400007,24.525091864000046],[67.21094811300009,24.50844961100006],[67.24683678500008,24.467962958000044],[67.25879967500003,24.419094143000052],[67.28663170700008,24.439520575000074],[67.27165774800005,24.369086005000042],[67.28296959700003,24.35761139500005],[67.36247806100005,24.34393952000005],[67.30591881600003,24.34284088700008],[67.28598066500007,24.32957591400009],[67.29281660200007,24.30296458500004],[67.27914472700007,24.28123607000009],[67.29232832100007,24.261867580000057],[67.29558353000004,24.19920482000009],[67.33708743600005,24.118963934000078],[67.34131920700008,24.086371161000045],[67.35401451900003,24.070868231000077],[67.44068444100003,24.070257880000042],[67.50977623800009,24.052069403000075],[67.53305097700007,24.070257880000042],[67.51986738400007,24.045070705000057],[67.49219811300009,24.02802155200004],[67.47820071700005,24.032416083000044],[67.45118248800009,23.98769765800006],[67.50635826900003,23.97402578300006],[67.49887129000007,23.925604559000078],[67.54053795700008,23.939276434000078],[67.51254316500007,23.898260809000078],[67.47852623800009,23.891506252000056],[67.54664147200003,23.87099844000005],[67.53012129000007,23.89126211100006],[67.54664147200003,23.898260809000078],[67.57455488400007,23.87177155200004],[67.58838951900003,23.88467031500005],[67.58936608200008,23.866522528000075],[67.61451256600003,23.850083726000037],[67.63738040500004,23.874253648000035],[67.63803144600007,23.91592031500005],[67.65040123800009,23.93305084800005],[67.65658613400007,23.91937897300005],[67.63160241000008,23.80345286700009],[67.71566816500007,23.79169342700004],[67.74366295700008,23.80878327000005],[67.71859785200007,23.843695380000042],[67.83171634200005,23.809515692000048],[67.85523522200003,23.911932684000078],[67.86890709700003,23.850490627000056],[67.89991295700008,23.867580471000053],[67.90992272200003,23.83624909100007],[67.93425540500004,23.83299388200004],[67.95085696700005,23.80890534100007],[67.99415123800009,23.81118398600006],[68.01351972700007,23.76854075700004],[68.05388431100005,23.829413153000075],[68.01351972700007,23.939276434000078],[68.06373131600003,23.923163153000075],[68.05941816500007,23.861883856000077],[68.10222415500004,23.815741278000075],[68.08171634200005,23.80565013200004],[68.07439212300005,23.764837958000044],[68.05388431100005,23.74371979400007],[68.06275475400008,23.723130601000037],[68.09888756600003,23.70929596600007],[68.10222415500004,23.73383209800005],[68.14909915500004,23.694525458000044],[68.15748131600003,23.696234442000048],[68.14332116000008,23.76113515800006],[68.17058353000004,23.839911200000074],[68.15748131600003,23.864162502000056],[68.15748131600003,23.905096747000073],[68.18311608200008,23.843451239000046],[68.16814212300005,23.74746328300006],[68.19776451900003,23.77480703300006],[68.19752037900008,23.714544989000046],[68.20875084700003,23.696234442000048],[68.24097741000008,23.67401764500005],[68.28044681100005,23.685980536000045],[68.27588951900003,23.665838934000078],[68.23267662900008,23.645005601000037],[68.22006269600007,23.65924713700008],[68.19809004000007,23.659084377000056],[68.17432701900003,23.631415106000077],[68.15007571700005,23.631415106000077],[68.14340254000007,23.61269765800006],[68.18140709700003,23.59406159100007],[68.31763756600003,23.58612702000005],[68.34888756600003,23.60342031500005],[68.34197024800005,23.623968817000048],[68.42774498800009,23.71430084800005],[68.59888756600003,23.78188711100006],[68.63347415500004,23.83307526200008],[68.71778405000003,23.841009833000044],[68.76693769600007,23.87840403900009],[68.82162519600007,23.87840403900009],[68.72559655000003,23.818915106000077],[68.67074629000007,23.815741278000075],[68.63786868600005,23.761542059000078],[68.58350670700008,23.735296942000048],[68.53353925900007,23.67918528900009],[68.46941165500004,23.65924713700008],[68.46876061300009,23.64081452000005],[68.49268639400003,23.637600002000056],[68.49146569100003,23.618841864000046],[68.42750084700003,23.631415106000077],[68.40886478000004,23.62132396000004],[68.40609785200007,23.508734442000048],[68.41163170700008,23.494696356000077],[68.44695071700005,23.50299713700008],[68.43734785200007,23.54881419500009],[68.45866946700005,23.52147044500009],[68.48129316500007,23.525132554000038],[68.48585045700008,23.514105536000045],[68.44743899800005,23.487453518000052],[68.42367597700007,23.445786851000037],[68.44044030000003,23.43427155200004],[68.46550540500004,23.445786851000037],[68.45883222700007,23.41982656500005],[68.47535241000008,23.404852606000077],[68.53012129000007,23.42568594000005],[68.54102623800009,23.41168854400007],[68.51514733200008,23.399318752000056],[68.52068118600005,23.369208075000074],[68.54102623800009,23.35700104400007],[68.56104576900003,23.36391836100006],[68.57105553500008,23.34638092700004],[68.60303795700008,23.332831122000073],[68.59913170700008,23.32225169500009],[68.56104576900003,23.316107489000046],[68.54102623800009,23.278225002000056],[68.55225670700008,23.259711005000042],[68.62305748800009,23.267645575000074],[68.60938561300009,23.226711330000057],[68.59571373800009,23.240383205000057],[68.59994550900007,23.225043036000045],[68.62256920700008,23.191555080000057],[68.64966881600003,23.180853583000044],[68.65406334700003,23.15778229400007],[68.86622155000003,23.019964911000045],[69.03988691500007,22.950506903000075],[69.20191491000008,22.85224030200004],[69.33814537900008,22.83307526200008],[69.50001061300009,22.781683661000045],[69.55697675900007,22.778509833000044],[69.58570397200003,22.76117584800005],[69.71583092500003,22.746893622000073],[69.78012129000007,22.827460028000075],[69.83318118600005,22.85846588700008],[70.13542728000004,22.92999909100007],[70.10954837300005,22.95917389500005],[70.13062584700003,22.993963934000078],[70.12907962300005,22.969305731000077],[70.16309655000003,22.948960679000038],[70.22201582100007,22.95917389500005],[70.23308353000004,23.000148830000057],[70.30347741000008,22.93813711100006],[70.32569420700008,22.945013739000046],[70.34669030000003,22.931301174000055],[70.39242597700007,22.94086334800005],[70.41098066500007,23.023179429000038],[70.39877363400007,23.06903717700004],[70.46713300900007,23.129706122000073],[70.50294030000003,23.104396877000056],[70.52849368600005,23.04706452000005],[70.50473066500007,22.97955963700008],[70.48633873800009,22.963690497000073],[70.45337975400008,22.966620184000078],[70.37525475400008,22.90265534100007],[70.32252037900008,22.822658596000053],[70.31910241000008,22.778265692000048],[70.17847741000008,22.56195709800005],[70.14470462300005,22.547796942000048],[70.05909264400003,22.558417059000078],[69.97299238400007,22.541449286000045],[69.88477623800009,22.473578192000048],[69.83326256600003,22.463812567000048],[69.79493248800009,22.41860586100006],[69.73340905000003,22.48004791900007],[69.69939212300005,22.40428294500009],[69.66944420700008,22.40924713700008],[69.64039147200003,22.37596263200004],[69.62973066500007,22.38377513200004],[69.61605879000007,22.355902411000045],[69.55469811300009,22.37763092700004],[69.56169681100005,22.39158763200004],[69.54786217500003,22.452093817000048],[69.51596113400007,22.448146877000056],[69.52564537900008,22.39207591400009],[69.47966556100005,22.342230536000045],[69.35987389400003,22.32916901200008],[69.28646894600007,22.28461334800005],[69.21208743600005,22.273911851000037],[69.17383873800009,22.308294989000046],[69.16968834700003,22.327948309000078],[69.20573978000004,22.39866771000004],[69.20215905000003,22.414862372000073],[69.17855879000007,22.42763906500005],[69.14698326900003,22.404852606000077],[69.07178795700008,22.39948151200008],[69.04818769600007,22.431586005000042],[69.08228600400008,22.459540106000077],[69.07357832100007,22.48187897300005],[68.98324629000007,22.41937897300005],[68.94459069100003,22.295070705000057],[68.99415123800009,22.203924872000073],[69.04818769600007,22.157904364000046],[69.10303795700008,22.07636139500005],[69.15064537900008,22.04120514500005],[69.19841556100005,21.979722398000035],[69.33619225400008,21.862453518000052],[69.36784915500004,21.85610586100006],[69.39087975400008,21.876695054000038],[69.39771569100003,21.815252997000073],[69.42741946700005,21.78123607000009],[69.47852623800009,21.75263092700004],[69.56820722700007,21.650132554000038],[69.62973066500007,21.616034247000073],[69.75635826900003,21.49042389500005],[69.80860436300009,21.46580638200004],[69.81470787900008,21.433661200000074],[69.84498131600003,21.389593817000048],[70.05444521916755,21.15315547561164],[70.33668053500008,20.927069403000075],[70.39877363400007,20.903509833000044],[70.45142662900008,20.855902411000045],[70.54151451900003,20.807847398000035],[70.69857832100007,20.74640534100007],[70.74024498800009,20.718491929000038],[70.77458743600005,20.727362372000073],[70.84017988400007,20.70189036700009],[70.98243248800009,20.710150458000044],[71.00766035200007,20.74160390800006],[71.06234785200007,20.73895905200004],[71.09546959700003,20.763739325000074],[71.14063561300009,20.765692450000074],[71.31861412900008,20.849310614000046],[71.46225019600007,20.885321356000077],[71.49341881600003,20.92914459800005],[71.55111738400007,20.973578192000048],[71.56934655000003,20.97919342700004],[71.54957116000008,20.951239325000074],[71.58350670700008,20.958238023000035],[71.71762129000007,21.032049872000073],[71.76295006600003,21.03229401200008],[71.92628014400003,21.130031643000052],[71.99073326900003,21.136379299000055],[72.10474694100003,21.20506419500009],[72.09083092500003,21.25291575700004],[72.09701582100007,21.287665106000077],[72.11150149800005,21.296087958000044],[72.10450280000003,21.315008856000077],[72.21989993600005,21.44472890800006],[72.24219811300003,21.48078034100007],[72.27515709700003,21.595526434000078],[72.29883873800003,21.626288153000075],[72.27173912900008,21.69090403900009],[72.22380618600005,21.70058828300006],[72.16602623800003,21.79393138200004],[72.11744225400008,21.776597398000035],[72.07390384200005,21.788723049000055],[72.02182050900007,21.774318752000056],[72.02182050900007,21.80097077000005],[72.00147545700008,21.787909247000073],[71.99610436300003,21.79950592700004],[72.00416100400008,21.85773346600007],[72.06283613400007,21.834377346000053],[72.10450280000003,21.835760809000078],[72.08643639400003,21.865627346000053],[72.04932701900003,21.88043854400007],[72.05795332100007,21.89874909100007],[72.09848066500007,21.880519924000055],[72.13086998800003,21.846258856000077],[72.16944420700008,21.84137604400007],[72.16000410200007,21.86591217700004],[72.16976972700007,21.890448309000078],[72.14535566500007,21.91083405200004],[72.15650475400008,21.925848700000074],[72.10450280000003,21.917669989000046],[72.02865644600007,21.938788153000075],[72.05518639400003,21.953517971000053],[72.10206139400003,21.945054429000038],[72.10450280000003,21.95921458500004],[72.07650800900007,21.979722398000035],[72.11491946700005,21.96938711100006],[72.12810306100005,21.983547268000052],[72.09701582100007,22.007025458000044],[72.13428795700008,22.00458405200004],[72.17310631600003,21.97565338700008],[72.19988040500004,22.006984768000052],[72.21436608200008,21.99404531500005],[72.22095787900008,22.010972398000035],[72.25766035200007,22.012152411000045],[72.30762780000003,22.079006252000056],[72.31723066500007,22.184881903000075],[72.30648847700007,22.22955963700008],[72.26832116000008,22.22675202000005],[72.23910566500007,22.23891836100006],[72.24040774800005,22.288234768000052],[72.19068444100003,22.251288153000075],[72.14877363400007,22.277899481000077],[72.20630944100003,22.273911851000037],[72.20850670700008,22.300441799000055],[72.24040774800005,22.301906643000052],[72.26465905000003,22.29523346600007],[72.27515709700003,22.260321356000077],[72.32829837300005,22.26072825700004],[72.36101321700005,22.343451239000046],[72.39722741000008,22.36676666900007],[72.40495853000004,22.332953192000048],[72.38038170700008,22.31240469000005],[72.39185631600003,22.25348541900007],[72.41374759200005,22.24632396000004],[72.46387780000003,22.26398346600007],[72.45484459700003,22.245306708000044],[72.46615644600007,22.232570705000057],[72.50171959700003,22.24042389500005],[72.57374108200008,22.288234768000052],[72.75660241000008,22.24371979400007],[72.81820722700007,22.27342357000009],[72.86947675900007,22.26239655200004],[72.90577233200008,22.281398830000057],[72.91749108200008,22.271429755000042],[72.91602623800003,22.223089911000045],[72.89722741000008,22.213039455000057],[72.84742272200003,22.24042389500005],[72.81226647200003,22.234116929000038],[72.74822024800005,22.16404857000009],[72.70777428500008,22.18577708500004],[72.68189537900008,22.181586005000042],[72.63445071700005,22.21039459800005],[72.57545006600003,22.194525458000044],[72.53589928500008,22.14052969000005],[72.50171959700003,21.97601959800005],[72.54273522200003,21.91083405200004],[72.58179772200003,21.928168036000045],[72.62305748800003,21.966620184000078],[72.69353274800005,21.972316799000055],[72.70777428500008,21.99404531500005],[72.73454837300005,21.99404531500005],[72.71404056100005,21.982977606000077],[72.69011478000004,21.938788153000075],[72.65211022200003,21.941066799000055],[72.61841881600003,21.925116278000075],[72.58545983200008,21.85887278900009],[72.56690514400003,21.849351304000038],[72.52849368600005,21.695135809000078],[72.53467858200008,21.67291901200008],[72.55030358200008,21.66669342700004],[72.61605879000007,21.68545156500005],[72.67644290500004,21.678127346000053],[72.73324629000007,21.68748607000009],[72.79810631600003,21.673529364000046],[72.85816491000008,21.694973049000055],[72.92693118600005,21.68496328300006],[73.11882571700005,21.76471588700008],[73.13200931100005,21.75779857000009],[73.11695397200003,21.737250067000048],[72.88965905000003,21.64052969000005],[72.82309004000007,21.64394765800006],[72.77320397200003,21.580511786000045],[72.69011478000004,21.540676174000055],[72.61963951900003,21.48737213700008],[72.58366946700005,21.41742584800005],[72.73829186300003,21.482855536000045],[72.74854576900003,21.479641018000052],[72.74708092500003,21.452866929000038],[72.72828209700003,21.46580638200004],[72.63510175900007,21.407456773000035],[72.56462649800005,21.38580963700008],[72.57886803500008,21.367010809000078],[72.64576256600003,21.36277903900009],[72.58676191500007,21.34121328300006],[72.61841881600003,21.25291575700004],[72.64576256600003,21.273382880000042],[72.64698326900003,21.253607489000046],[72.73454837300005,21.198919989000046],[72.63038170700008,21.135972398000035],[72.61500084700003,21.105861721000053],[72.63786868600005,21.08539459800005],[72.67123457100007,21.09979889500005],[72.67644290500004,21.153631903000075],[72.71404056100005,21.164129950000074],[72.72868899800005,21.148098049000055],[72.70036868600005,21.074774481000077],[72.73454837300005,21.09247467700004],[72.74195397200003,21.12323639500005],[72.75562584700003,21.10956452000005],[72.80958092500003,21.130031643000052],[72.84986412900008,21.048000393000052],[72.82309004000007,21.03384023600006],[72.76685631600003,21.03856028900009],[72.77198326900003,21.023871161000045],[72.81609134200005,20.99900950700004],[72.83269290500004,20.972357489000046],[72.88843834700003,20.98261139500005],[72.88648522200003,20.962103583000044],[72.83668053500008,20.92991771000004],[72.86491946700005,20.897284247000073],[72.83692467500003,20.83584219000005],[72.90040123800003,20.868109442000048],[72.88013756600003,20.829901434000078],[72.88575280000003,20.807114976000037],[72.90023847700007,20.79913971600007],[72.91944420700008,20.821519273000035],[72.91944420700008,20.78742096600007],[72.94678795700008,20.759466864000046],[72.89893639400003,20.732163804000038],[72.90943444100003,20.69867584800005],[72.90259850400008,20.641913153000075],[72.88526451900003,20.619208075000074],[72.88648522200003,20.53156159100007],[72.82943769600007,20.437933661000045],[72.81706790500004,20.375921942000048],[72.78158613400007,20.35228099200009],[72.74822024800005,20.28034088700008],[72.74195397200003,20.225043036000045],[72.75562584700003,20.21515534100007],[72.71029707100007,20.082912502000056],[72.70337975400008,19.99762604400007],[72.66521243600005,19.952948309000078],[72.66423587300005,19.88157786700009],[72.64918053500008,19.851996161000045],[72.67986087300005,19.800482489000046],[72.67790774800005,19.746568101000037],[72.72828209700003,19.79364655200004],[72.73275800900007,19.779730536000045],[72.73129316500007,19.75458405200004],[72.71404056100005,19.745835679000038],[72.72641035200007,19.70579661700009],[72.70777428500008,19.69745514500005],[72.68669681100005,19.72479889500005],[72.71802819100003,19.606675523000035],[72.71078535200007,19.587591864000046],[72.72250410200007,19.536281643000052],[72.74154707100007,19.516017971000053],[72.75562584700003,19.519354559000078],[72.73454837300005,19.546616929000038],[72.74195397200003,19.58079661700009],[72.77068118600005,19.566148179000038],[72.79590905000003,19.52680084800005],[72.85670006600003,19.54132721600007],[72.87916100400008,19.532375393000052],[72.75440514400003,19.481756903000075],[72.74822024800005,19.444240627000056],[72.76343834700003,19.380194403000075],[72.80209394600007,19.33193594000005],[72.81853274800005,19.33026764500005],[72.83692467500003,19.348049221000053],[72.89893639400003,19.307033596000053],[72.98780358200008,19.30068594000005],[73.02914472700007,19.25934479400007],[73.03003991000008,19.227728583000044],[73.04965254000007,19.217718817000048],[73.02662194100003,19.205511786000045],[72.97266686300003,19.29368724200009],[72.90056399800005,19.290757554000038],[72.86703535200007,19.316799221000053],[72.78541100400008,19.31391022300005],[72.77222741000008,19.26512278900009],[72.77540123800003,19.20465729400007],[72.81511478000004,19.253648179000038],[72.83008873800003,19.252427476000037],[72.78158613400007,19.15965403900009],[72.79216556100005,19.150458075000074],[72.81120853000004,19.175523179000038],[72.82309004000007,19.169256903000075],[72.80958092500003,19.146307684000078],[72.82309004000007,19.10846588700008],[72.80958092500003,19.066839911000045],[72.82422936300003,19.053534247000073],[72.81706790500004,19.03270091400009],[72.80274498800003,19.040187893000052],[72.80241946700005,18.999660549000055],[72.77035566500007,18.948187567000048],[72.77540123800003,18.93650950700004],[72.80274498800003,18.957586981000077],[72.80274498800003,18.909816799000055],[72.81251061300003,18.89744700700004],[72.82129967500003,18.90330638200004],[72.83627363400007,18.959133205000057],[72.86931399800005,19.011419989000046],[72.88526451900003,19.025864976000037],[72.89144941500007,18.99176666900007],[72.93425540500004,19.034084377000056],[72.94336998800003,19.055121161000045],[72.92693118600005,19.066839911000045],[72.93555748800003,19.115057684000078],[72.97478274800005,19.16307200700004],[72.96729576900003,19.091009833000044],[72.99187259200005,19.067206122000073],[72.98096764400003,19.04637278900009],[72.98829186300003,18.998602606000077],[73.05681399800005,19.015326239000046],[73.04664147200003,18.99518463700008],[72.95362389400003,18.971258856000077],[72.98829186300003,18.96442291900007],[72.97722415500004,18.948431708000044],[72.93677819100003,18.947414455000057],[72.92807050900007,18.911363023000035],[72.91260826900003,18.923488674000055],[72.89682050900007,18.894476630000042],[72.94613691500007,18.858303127000056],[72.98170006600003,18.871486721000053],[72.98129316500007,18.83270905200004],[73.01628665500004,18.813625393000052],[72.99170983200008,18.779364325000074],[72.99512780000003,18.731024481000077],[72.96957441500007,18.746975002000056],[72.97478274800005,18.77948639500005],[72.92693118600005,18.826646226000037],[72.91260826900003,18.799994208000044],[72.86557050900007,18.799383856000077],[72.85173587300005,18.719671942000048],[72.86451256600003,18.648911851000037],[72.88217207100007,18.63548411700009],[72.91016686300003,18.558986721000053],[72.96029707100007,18.55467357000009],[72.98878014400003,18.489935614000046],[73.01498457100007,18.469956773000092],[73.00879967500003,18.450506903000075],[72.94678795700008,18.532416083000044],[72.92465254000007,18.535630601000037],[72.89576256600003,18.50299713700008],[72.89144941500007,18.429388739000046],[72.91016686300003,18.399237372000073],[72.91260826900003,18.361151434000078],[72.97478274800005,18.32758209800005],[72.96802819100003,18.310614325000074],[72.97738691500007,18.295070705000057],[73.07154381600003,18.27301666900007],[73.07154381600003,18.20408763200004],[73.05746504000007,18.185614325000074],[73.04761803500008,18.20115794500009],[73.06348717500003,18.21035390800006],[73.05095462300005,18.227484442000048],[72.97266686300003,18.244696356000077],[72.93995201900003,18.286037502000056],[72.92693118600005,18.223944403000075],[72.95484459700003,18.21751536700009],[72.96729576900003,18.19599030200004],[72.98731530000003,18.066555080000057],[73.00879967500003,18.039007880000042],[73.04346764400003,18.066961981000077],[73.04224694100003,18.048976955000057],[73.00521894600007,18.01235586100006],[73.01889082100007,17.99249909100007],[73.03541100400008,17.991848049000055],[73.01710045700008,17.97211334800005],[73.01856530000003,17.951727606000077],[73.06519616000008,17.87836334800005],[73.12330162900008,17.73578522300005],[73.10547936300003,17.68891022300005],[73.12614993600005,17.655422268000052],[73.12134850400008,17.62641022300005],[73.13917076900003,17.600775458000044],[73.20069420700008,17.586493231000077],[73.12598717500003,17.55654531500005],[73.18067467500003,17.477687893000052],[73.17335045700008,17.457424221000053],[73.18539472700007,17.441880601000037],[73.16529381600003,17.413031317000048],[73.17058353000004,17.38971588700008],[73.19597415500004,17.36937083500004],[73.24903405000003,17.284857489000046],[73.23121178500008,17.27928294500009],[73.18702233200008,17.305975653000075],[73.23601321700005,17.22060781500005],[73.26059004000007,17.150539455000057],[73.25513756600003,17.12099844000005],[73.27572675900007,17.078599351000037],[73.26937910200007,17.031642971000053],[73.25896243600005,17.044094143000052],[73.25123131600003,17.032171942000048],[73.26270592500003,17.01854075700004],[73.25456790500004,17.006740627000056],[73.28939863400007,16.98383209800005],[73.27051842500003,16.945013739000046],[73.27955162900008,16.887640692000048],[73.26937910200007,16.87563711100006],[73.28663170700008,16.820868231000077],[73.29688561300003,16.80565013200004],[73.30372155000003,16.81313711100006],[73.28956139400003,16.74022044500009],[73.32162519600007,16.69245026200008],[73.31218509200005,16.64472077000005],[73.32349694100003,16.62067291900007],[73.35425866000008,16.63467031500005],[73.37126712300005,16.610174872000073],[73.36304772200003,16.596828518000052],[73.35824629000007,16.62067291900007],[73.31462649800005,16.599432684000078],[73.33643639400003,16.565619208000044],[73.37126712300005,16.55927155200004],[73.35084069100003,16.53815338700008],[73.37867272200003,16.51829661700009],[73.34400475400008,16.523586330000057],[73.30730228000004,16.56317780200004],[73.30298912900008,16.533026434000078],[73.34131920700008,16.432074286000045],[73.38493899800005,16.401597398000092],[73.36443118600005,16.38930898600006],[73.35824629000007,16.36749909100007],[73.37867272200003,16.35691966400009],[73.41358483200008,16.223944403000075],[73.43523196700005,16.21784088700008],[73.44703209700003,16.11359284100007],[73.45281009200005,16.166571356000077],[73.48796634200005,16.18935781500005],[73.46338951900003,16.15957265800006],[73.46070397200003,16.086330471000053],[73.44703209700003,16.068915106000077],[73.48389733200008,16.028225002000056],[73.51596113400007,16.02484772300005],[73.48731530000003,16.014227606000077],[73.49097741000008,15.993475653000075],[73.60466556100005,15.88084544500009],[73.64625084700003,15.792141018000052],[73.64625084700003,15.736883856000077],[73.70085696700005,15.723211981000077],[73.68588300900007,15.704291083000044],[73.71827233200008,15.627142645000049],[73.72828209700003,15.619574286000045],[73.78386478000004,15.659125067000048],[73.83814537900008,15.66111888200004],[73.76042728000004,15.632025458000044],[73.73707116000008,15.598537502000056],[73.73682701900003,15.57172272300005],[73.75611412900008,15.537583726000037],[73.75123131600003,15.51312897300005],[73.76628665500004,15.497259833000044],[73.78638756600003,15.49217357000009],[73.86597741000008,15.537583726000037],[73.85954837300005,15.521144924000055],[73.87224368600005,15.510931708000044],[73.81755618600005,15.496649481000077],[73.79639733200008,15.448879299000055],[73.84156334700003,15.448879299000055],[73.92758222700007,15.417385158000059],[73.96778405000003,15.37376536700009],[73.95411217500003,15.36627838700008],[73.93336022200003,15.395412502000056],[73.89958743600005,15.407904364000046],[73.88493899800005,15.398016669000071],[73.78288821700005,15.407904364000046],[73.82740319100003,15.365179755000042],[73.88257897200003,15.355292059000078],[73.89128665500004,15.34320709800005],[73.94727623800003,15.160834052000041],[73.95411217500003,15.16828034100007],[73.96216881600003,15.152044989000046],[73.92896569100003,15.120591539000088],[73.91309655000003,15.078924872000073],[73.96436608200008,15.064642645000049],[73.99577884200005,15.010687567000048],[74.03126061300003,14.995306708000044],[74.03598066500007,14.921291408000059],[74.09115644600007,14.887600002000056],[74.11182701900003,14.846177476000037],[74.14087975400008,14.852687893000052],[74.20801842500003,14.900824286000045],[74.23519941500007,14.876532294000071],[74.23308353000004,14.864569403000075],[74.17896569100003,14.856268622000073],[74.15951582100007,14.825669664000088],[74.14047285200007,14.838771877000056],[74.11866295700008,14.831854559000078],[74.10914147200003,14.80263906500005],[74.09131920700008,14.811428127000056],[74.09644616000008,14.793361721000053],[74.15333092500003,14.749945380000042],[74.17383873800003,14.749945380000042],[74.19434655000003,14.71580638200004],[74.22046959700003,14.738104559000078],[74.25294030000003,14.718939520000049],[74.27588951900003,14.610174872000073],[74.33904056100005,14.612779039000088],[74.29517662900008,14.587307033000059],[74.30054772200003,14.527411200000074],[74.33904056100005,14.523993231000077],[74.34294681100005,14.563666083000044],[74.35873457100007,14.571234442000048],[74.35873457100007,14.544582424000055],[74.37924238400007,14.544582424000055],[74.37240644600007,14.530218817000048],[74.42774498800003,14.476263739000046],[74.40113366000008,14.479722398000092],[74.40723717500003,14.46198151200008],[74.38884524800005,14.462713934000078],[74.35189863400007,14.530218817000048],[74.41260826900003,14.34479401200008],[74.41537519600007,14.30109284100007],[74.42774498800003,14.28384023600006],[74.50896243600005,14.25031159100007],[74.47103925900007,14.24868398600006],[74.43336022200003,14.263373114000046],[74.42904707100007,14.240423895000049],[74.46745853000004,14.181382554000038],[74.49537194100003,14.030585028000075],[74.58399498800003,13.903876044000071],[74.61459394600007,13.835516669000071],[74.66049238400007,13.66006094000005],[74.68775475400008,13.711818752000056],[74.70142662900008,13.69476959800005],[74.68832441500007,13.685939846000053],[74.71290123800003,13.656195380000042],[74.73560631600003,13.653794664000088],[74.70997155000003,13.640570380000042],[74.68091881600003,13.646958726000037],[74.67709394600007,13.63031647300005],[74.66667728000004,13.632757880000042],[74.67709394600007,13.526760158000059],[74.70826256600003,13.413031317000048],[74.69369550900007,13.415269273000092],[74.68091881600003,13.468247789000088],[74.68946373800003,13.38157786700009],[74.71509850400008,13.33104075700004],[74.76295006600003,13.118801174000055],[74.78337649800005,13.084662177000041],[74.77027428500008,13.052435614000046],[74.81755618600005,12.861761786000045],[74.85059655000003,12.857163804000038],[74.94092858200008,12.878607489000046],[74.85914147200003,12.824611721000053],[74.82496178500008,12.83820221600007],[74.82764733200008,12.824652411000045],[74.85230553500008,12.797308661000045],[74.85572350400008,12.759426174000055],[74.99203535200007,12.461737372000073],[75.08285566500007,12.305894273000092],[75.10547936300003,12.221258856000077],[75.13965905000003,12.248602606000077],[75.13086998800003,12.207831122000073],[75.19369550900007,12.022284247000073],[75.20850670700008,12.008368231000077],[75.22217858200008,12.022040106000077],[75.27670332100007,11.96743398600006],[75.26433353000004,12.013332424000055],[75.30420983200008,12.043158270000049],[75.32976321700005,12.012640692000048],[75.28109785200007,12.010646877000056],[75.30225670700008,11.966050523000092],[75.34913170700008,11.94757721600007],[75.39340254000007,11.97483958500004],[75.38282311300003,11.945502020000049],[75.40023847700007,11.92023346600007],[75.30762780000003,11.932196356000077],[75.32455488400007,11.899115302000041],[75.35580488400007,11.85765208500004],[75.37973066500007,11.864976304000038],[75.50611412900008,11.727240302000041],[75.53077233200008,11.69367096600007],[75.60889733200008,11.484930731000077],[75.66480553500008,11.462632554000038],[75.72217858200008,11.36749909100007],[75.73552493600005,11.371527411000045],[75.74244225400008,11.358710028000075],[75.73080488400007,11.331732489000046],[75.83277428500008,11.097845770000049],[75.89454186300003,10.849758205000057],[75.91114342500003,10.80923086100006],[75.94157962300005,10.796210028000075],[75.92204837300005,10.765570380000042],[76.00806725400008,10.567084052000041],[76.05241946700005,10.51398346600007],[76.07007897200003,10.432806708000044],[76.10613040500004,10.38467031500005],[76.15316816500007,10.22016022300005],[76.17058353000004,10.193752346000053],[76.20167076900003,10.199693101000037],[76.20785566500007,10.234564520000049],[76.19483483200008,10.26862213700008],[76.22282962300005,10.234442450000074],[76.24024498800003,10.238959052000041],[76.22413170700008,10.196926174000055],[76.17750084700003,10.17064036700009],[76.18238366000008,10.105658270000049],[76.21461022200003,10.02448151200008],[76.24268639400003,9.987453518000052],[76.20753014400003,10.117132880000042],[76.21534264400003,10.138251044000071],[76.22771243600005,10.109564520000049],[76.24512780000003,10.10219961100006],[76.25505618600005,10.047674872000073],[76.27393639400003,10.035834052000041],[76.27816816500007,9.977932033000059],[76.29428144600007,9.951320705000057],[76.31153405000003,9.966945705000057],[76.35922285200007,9.915432033000059],[76.39405358200008,9.84284088700008],[76.38038170700008,9.785101630000042],[76.39405358200008,9.706244208000044],[76.40259850400008,9.710598049000055],[76.41456139400003,9.68268463700008],[76.41968834700003,9.594183661000045],[76.40699303500008,9.56907786700009],[76.42823326900003,9.55540599200009],[76.44849694100003,9.563421942000048],[76.50326582100007,9.534979559000078],[76.45899498800003,9.497300523000092],[76.35743248800003,9.520697333000044],[76.37289472700007,9.624335028000075],[76.39405358200008,9.678941148000092],[76.36801191500007,9.71556224200009],[76.35922285200007,9.816107489000046],[76.33269290500004,9.870754299000055],[76.32007897200003,9.86163971600007],[76.34620201900003,9.816107489000046],[76.33887780000003,9.699408270000049],[76.30860436300003,9.87962474200009],[76.29712975400008,9.870754299000055],[76.29997806100005,9.847805080000057],[76.28077233200008,9.84284088700008],[76.28419030000003,9.891180731000077],[76.27735436300003,9.870754299000055],[76.26685631600003,9.87604401200008],[76.25684655000003,9.908596096000053],[76.29102623800003,9.908596096000053],[76.25147545700008,9.96312083500004],[76.23633873800003,9.952704169000071],[76.27735436300003,9.809271552000041],[76.31177819100003,9.492987372000073],[76.36296634200005,9.32518138200004],[76.44255618600005,9.14516836100006],[76.41456139400003,9.246975002000056],[76.42823326900003,9.245347398000092],[76.46241295700008,9.15135325700004],[76.48275800900007,9.171820380000042],[76.47657311300003,9.116603908000059],[76.46241295700008,9.138332424000055],[76.46045983200008,9.114935614000046],[76.52808678500008,8.946966864000046],[76.53809655000003,8.939113674000055],[76.53882897200003,8.972601630000042],[76.56544030000003,8.994330145000049],[76.55111738400007,8.966376044000071],[76.55860436300003,8.952093817000048],[76.58277428500008,9.000555731000077],[76.62061608200008,8.987127997000073],[76.64405358200008,9.007879950000074],[76.66846764400003,9.007391669000071],[76.63428795700008,8.986883856000077],[76.65756269600007,8.966376044000071],[76.60328209700003,8.973211981000077],[76.57398522200003,8.942572333000044],[76.58155358200008,8.91990794500009],[76.62061608200008,8.925441799000055],[76.57325280000003,8.904445705000057],[76.55909264400003,8.92523834800005],[76.54395592500003,8.912502346000053],[76.64454186300003,8.81899648600006],[76.69564863400007,8.739813544000071],[76.81373131600003,8.601263739000046],[76.82650800900007,8.569810289000088],[76.88013756600003,8.520697333000044],[76.99586022200003,8.368109442000048],[77.30860436300003,8.130926825000074],[77.51091556100005,8.075995184000078],[77.56527754000007,8.082505601000037],[77.56104576900003,8.114569403000075],[77.59522545700008,8.13898346600007],[77.76832116000008,8.18154531500005],[77.80616295700008,8.228664455000057],[77.99976647200003,8.344916083000044],[78.05591881600003,8.363714911000045],[78.07984459700003,8.43195221600007],[78.12826582100007,8.488023179000038],[78.14234459700003,8.593085028000075],[78.11459394600007,8.657904364000046],[78.14258873800003,8.657904364000046],[78.14047285200007,8.680609442000048],[78.16920006600003,8.733628648000092],[78.21517988400007,8.765448309000078],[78.21021569100003,8.788275458000044],[78.20045006600003,8.769680080000057],[78.16236412900008,8.753485419000071],[78.18279056100005,8.877101955000057],[78.23975670700008,8.96556224200009],[78.41211998800003,9.09983958500004],[78.48585045700008,9.124823309000078],[78.63477623800003,9.144598700000074],[78.67628014400003,9.184149481000077],[78.72779381600003,9.187445380000042],[78.84376061300003,9.243963934000078],[78.92896569100003,9.25381094000005],[78.95679772200003,9.27484772300005],[78.98894290500004,9.278265692000048],[79.08716881600003,9.25381094000005],[79.12940514400003,9.256333726000037],[79.16537519600007,9.274237372000073],[79.29273522200003,9.25031159100007],[79.36101321700005,9.213446356000077],[79.42400149800005,9.159084377000056],[79.45362389400003,9.159002997000073],[79.35352623800003,9.240912177000041],[79.33366946700005,9.278265692000048],[79.34107506600003,9.31586334800005],[79.32007897200003,9.32330963700008],[79.25171959700003,9.28851959800005],[79.07471764400003,9.29987213700008],[79.03988691500007,9.31468333500004],[78.95972741000008,9.384955145000049],[78.93344160200007,9.416449286000045],[78.91325931100005,9.474269924000055],[78.93832441500007,9.583685614000046],[78.97730553500008,9.637925523000092],[78.98080488400007,9.667181708000044],[79.09408613400007,9.802313544000071],[79.20036868600005,9.970282294000071],[79.27906334700003,10.035834052000041],[79.25416100400008,10.054266669000071],[79.23633873800003,10.166571356000077],[79.24830162900008,10.189195054000038],[79.26921634200005,10.197821356000077],[79.28614342500003,10.252834377000056],[79.39812259200005,10.324652411000045],[79.45972741000008,10.308294989000046],[79.53223717500003,10.323187567000048],[79.52857506600003,10.338324286000045],[79.58692467500003,10.343695380000042],[79.60401451900003,10.32908763200004],[79.55176842500003,10.313299872000073],[79.55665123800003,10.298651434000078],[79.75977623800003,10.258246161000045],[79.77369225400008,10.27366771000004],[79.75896243600005,10.28221263200004],[79.61410566500007,10.30955638200004],[79.63314863400007,10.328599351000037],[79.75709069100003,10.309068101000037],[79.78003991000008,10.296616929000038],[79.77857506600003,10.27537669500009],[79.79509524800005,10.269232489000046],[79.85132897200003,10.28221263200004],[79.85670006600003,10.29328034100007],[79.85962975400008,10.551459052000041],[79.84066816500007,10.950140692000048],[79.85531660200007,11.159857489000046],[79.83301842500003,11.341986395000049],[79.79688561300003,11.359035549000055],[79.75928795700008,11.358343817000048],[79.75196373800003,11.340521552000041],[79.67628014400003,11.296454169000071],[79.74984785200007,11.37368398600006],[79.81934655000003,11.38149648600006],[79.81666100400008,11.443060614000046],[79.79297936300003,11.453517971000053],[79.79737389400003,11.434881903000075],[79.78598066500007,11.426174221000053],[79.75196373800003,11.576971747000073],[79.78589928500008,11.769191799000055],[79.86182701900003,11.97797272300005],[79.86182701900003,12.022040106000077],[80.00513756600003,12.241766669000071],[79.94385826900003,12.21784088700008],[80.00513756600003,12.256048895000049],[80.05982506600003,12.33421458500004],[80.09595787900008,12.362250067000048],[80.17969811300003,12.532619533000059],[80.19646243600005,12.613714911000045],[80.22868899800005,12.674994208000044],[80.25171959700003,12.762518622000073],[80.28581790500004,13.067572333000044],[80.31373131600003,13.10578034100007],[80.30689537900008,13.146063544000071],[80.33277428500008,13.198146877000056],[80.33415774800005,13.221177476000037],[80.31373131600003,13.215033270000049],[80.31983483200008,13.249172268000052],[80.33415774800005,13.24290599200009],[80.34782962300005,13.34906647300005],[80.32699629000007,13.430365302000041],[80.30689537900008,13.413031317000048],[80.26238040500004,13.451239325000074],[80.26587975400008,13.468247789000088],[80.21973717500003,13.487779039000088],[80.11939537900008,13.500677802000041],[80.05648847700007,13.59516022300005],[80.05298912900008,13.619086005000042],[80.09131920700008,13.659125067000048],[80.09400475400008,13.69476959800005],[80.11784915500004,13.674505927000041],[80.12126712300005,13.62726471600007],[80.13559004000007,13.619086005000042],[80.14185631600003,13.728949286000045],[80.24545332100007,13.591742255000042],[80.31373131600003,13.440904039000088],[80.30958092500003,13.479315497000073],[80.22095787900008,13.696966864000046],[80.24545332100007,13.755601304000038],[80.24927819100003,13.800279039000088],[80.14966881600003,14.027736721000053],[80.12582441500007,14.148504950000074],[80.13559004000007,14.229193427000041],[80.12110436300003,14.242010809000078],[80.07349694100003,14.201849677000041],[80.05062910200007,14.196112372000073],[80.04664147200003,14.206610419000071],[80.08716881600003,14.25031159100007],[80.12818444100003,14.256537177000041],[80.17497806100005,14.344549872000073],[80.17595462300005,14.46873607000009],[80.19695071700005,14.565008856000077],[80.14185631600003,14.571234442000048],[80.16968834700003,14.58584219000005],[80.17847741000008,14.60578034100007],[80.15984134200005,14.662665106000077],[80.10816491000008,14.714341539000088],[80.05453535200007,15.014146226000037],[80.05298912900008,15.092596747000073],[80.08236738400007,15.20408763200004],[80.09058678500008,15.304877020000049],[80.12680097700007,15.38812897300005],[80.21119225400008,15.496649481000077],[80.19760175900007,15.503078518000052],[80.20134524800005,15.51829661700009],[80.27963300900007,15.700669664000088],[80.39332116000008,15.797023830000057],[80.43628991000008,15.808294989000046],[80.55388431100005,15.88084544500009],[80.57113691500007,15.868719794000071],[80.61841881600003,15.88768138200004],[80.66285241000008,15.889349677000041],[80.67017662900008,15.907700914000088],[80.77613366000008,15.884263414000088],[80.80274498800003,15.84243398600006],[80.80713951900003,15.716376044000071],[80.89014733200008,15.89524974200009],[80.89128665500004,15.978257554000038],[80.87533613400007,16.017401434000078],[80.88900800900007,16.003729559000078],[80.89649498800003,16.031073309000078],[80.90894616000008,15.98346588700008],[80.91000410200007,15.852687893000052],[81.01254316500007,15.777818101000037],[81.01921634200005,15.792385158000059],[80.99887129000007,15.84674713700008],[81.02686608200008,15.88084544500009],[81.14975019600007,15.969631252000056],[81.15601647200003,16.03851959800005],[81.23031660200007,16.24359772300005],[81.25416100400008,16.271307684000078],[81.24854576900003,16.320135809000078],[81.25961347700007,16.33270905200004],[81.31739342500003,16.36749909100007],[81.37574303500008,16.36749909100007],[81.41138756600003,16.382513739000046],[81.42823326900003,16.365668036000045],[81.41667728000004,16.34015534100007],[81.49586022200003,16.360663153000075],[81.54908287900008,16.352362372000073],[81.54021243600005,16.37368398600006],[81.55697675900007,16.37303294500009],[81.57390384200005,16.358343817000048],[81.56812584700003,16.34638092700004],[81.58497155000003,16.34210846600007],[81.65626061300003,16.33734772300005],[81.71159915500004,16.312201239000046],[81.76295006600003,16.32257721600007],[81.86166425900007,16.375392971000053],[81.99268639400003,16.40843333500004],[82.03736412900008,16.447658596000053],[82.06861412900008,16.444281317000048],[82.20346113400007,16.51268138200004],[82.25904381600003,16.56549713700008],[82.30738366000008,16.579779364000046],[82.28093509200005,16.620835679000038],[82.29379316500007,16.62563711100006],[82.31283613400007,16.60814036700009],[82.33814537900008,16.67841217700004],[82.36557050900007,16.81159088700008],[82.36654707100007,16.908636786000045],[82.34888756600003,16.95648834800005],[82.36247806100005,16.859076239000046],[82.35206139400003,16.845404364000046],[82.33464603000004,16.854071356000077],[82.31421959700003,16.846625067000048],[82.26791425900007,16.86749909100007],[82.25513756600003,16.885321356000077],[82.25269616000008,16.92918528900009],[82.29932701900003,17.03034088700008],[82.38770592500003,17.12693919500009],[82.42286217500003,17.139960028000075],[82.47486412900008,17.205959377000056],[82.71851647200003,17.34861888200004],[82.83765709700003,17.39276764500005],[82.88331139400003,17.42206452000005],[82.89682050900007,17.409328518000052],[83.08822675900007,17.53070709800005],[83.23894290500004,17.592962958000044],[83.21290123800003,17.634914455000057],[83.24691816500007,17.63422272300005],[83.29908287900008,17.66429271000004],[83.24927819100003,17.695379950000074],[83.24691816500007,17.71625397300005],[83.26823978000004,17.71747467700004],[83.29859459700003,17.69013092700004],[83.34131920700008,17.71743398600006],[83.40235436300003,17.784491278000075],[83.43116295700008,17.85423411700009],[83.45297285200007,17.868475653000075],[83.45191491000003,17.92291901200008],[83.47291100400008,17.902492580000057],[83.52613366000003,17.942531643000052],[83.61394290500004,18.04515208500004],[83.77515709700003,18.139593817000048],[84.07740319100003,18.271551825000074],[84.11312910200007,18.29828522300005],[84.14389082100007,18.374823309000078],[84.34994550900007,18.55292389500005],[84.27100670700008,18.50018952000005],[84.23764082100007,18.510931708000044],[84.24691816500007,18.52558014500005],[84.28174889400003,18.52558014500005],[84.33285566500007,18.55369700700004],[84.37045332100007,18.601304429000038],[84.42367597700007,18.636460679000038],[84.44825280000003,18.68065013200004],[84.54184004000007,18.775783596000053],[84.63086998800003,18.915716864000046],[84.66504967500003,18.930121161000045],[84.74105879000007,19.028143622000073],[84.78003991000003,19.09707265800006],[84.76099694100003,19.101629950000074],[84.74048912900008,19.07367584800005],[84.71998131600003,19.101629950000074],[84.73878014400003,19.147650458000044],[84.77515709700003,19.115301825000074],[84.79102623800003,19.12059153900009],[84.87208092500003,19.219875393000052],[85.06950931100005,19.37213776200008],[85.18043053500003,19.475002346000053],[85.33668053500003,19.57518138200004],[85.57650800900007,19.690619208000044],[85.33057701900003,19.57640208500004],[85.30290774800005,19.573919989000046],[85.28842207100007,19.601263739000046],[85.30909264400003,19.595038153000075],[85.31836998800003,19.619533596000053],[85.33676191500007,19.596096096000053],[85.37794030000003,19.614935614000046],[85.38461347700007,19.635972398000035],[85.40528405000003,19.64594147300005],[85.39144941500007,19.690619208000044],[85.38306725400008,19.67609284100007],[85.35059655000003,19.67763906500005],[85.30909264400003,19.642238674000055],[85.24756920700008,19.65648021000004],[85.23324629000007,19.632554429000038],[85.24756920700008,19.608710028000075],[85.21290123800003,19.58112213700008],[85.19304446700005,19.58079661700009],[85.23324629000007,19.55410390800006],[85.19922936300003,19.55410390800006],[85.20289147200003,19.51715729400007],[85.12403405000003,19.478338934000078],[85.12875410200007,19.509507554000038],[85.12403405000003,19.519354559000078],[85.10873457100007,19.506781317000048],[85.10287519600007,19.52960846600007],[85.15137780000003,19.560288804000038],[85.14014733200008,19.596584377000056],[85.20655358200008,19.68378327000005],[85.20337975400008,19.70726146000004],[85.24683678500003,19.762640692000048],[85.27808678500003,19.785589911000045],[85.31959069100003,19.79364655200004],[85.44011478000004,19.896226304000038],[85.47681725400008,19.90102773600006],[85.57032311300003,19.87563711100006],[85.56324303500003,19.75690338700008],[85.57650800900007,19.745835679000038],[85.51498457100007,19.71112702000005],[85.52198326900003,19.739081122000073],[85.42701256600003,19.70408763200004],[85.43043053500003,19.69171784100007],[85.44678795700008,19.690619208000044],[85.45679772200003,19.663316148000035],[85.54916425900007,19.690619208000044],[85.61426842500003,19.72793203300006],[85.63795006600003,19.731634833000044],[85.62427819100003,19.718573309000078],[85.73438561300003,19.763617255000042],[85.78882897200003,19.765692450000074],[85.84636478000004,19.795843817000048],[86.05665123800003,19.85687897300005],[86.08904056100005,19.844224351000037],[86.26856530000003,19.91034577000005],[86.37240644600007,19.964992580000057],[86.31495201900003,19.986883856000077],[86.28907311300003,20.02643463700008],[86.23023522200003,20.035305080000057],[86.16773522200003,20.07294342700004],[86.14503014400003,20.122015692000048],[86.15251712300005,20.143133856000077],[86.20915774800005,20.06663646000004],[86.27540123800003,20.06736888200004],[86.39722741000003,19.982855536000045],[86.42628014400003,19.999172268000052],[86.40414472700007,20.00263092700004],[86.39144941500007,20.02020905200004],[86.46713300900007,20.094671942000048],[86.49512780000003,20.184068101000037],[86.62818444100003,20.235256252000056],[86.71745853000004,20.286932684000078],[86.75464928500003,20.31443919500009],[86.70167076900003,20.28465403900009],[86.69369550900007,20.29393138200004],[86.76832116000003,20.343451239000046],[86.80982506600003,20.41510651200008],[86.79615319100003,20.437323309000078],[86.78874759200005,20.39012278900009],[86.76978600400008,20.40070221600007],[86.72046959700003,20.368475653000075],[86.72461998800003,20.43195221600007],[86.75147545700008,20.489162502000056],[86.92318769600007,20.62173086100006],[87.00359134200005,20.657049872000073],[87.04322350400008,20.69798411700009],[86.99488366000003,20.670721747000073],[86.98650149800005,20.684393622000073],[86.94019616000003,20.69798411700009],[86.96119225400008,20.712836005000042],[86.99870853000004,20.71112702000005],[86.98658287900008,20.75185781500005],[86.91065514400003,20.756415106000077],[86.87875410200007,20.780585028000075],[86.95386803500003,20.780585028000075],[86.96566816500007,20.805975653000075],[86.84400475400008,21.08222077000005],[86.83725019600007,21.174709377000056],[86.86695397200003,21.25604889500005],[86.91765384200005,21.327378648000035],[87.06373131600003,21.475002346000053],[87.11304772200003,21.507961330000057],[87.20093834700003,21.551988023000035],[87.25611412900008,21.56199778900009],[87.29346764400003,21.553656317000048],[87.40495853000004,21.58665599200009]]}},{"type":"Feature","properties":{"id":568,"source":"Natural Earth","provenance":"REAL DATA"},"geometry":{"type":"LineString","coordinates":[[55.65967858200008,-3.7911109349999492],[55.66586347700007,-3.8117815079999104],[55.65186608200008,-3.8012020809999285],[55.65967858200008,-3.7911109349999492]]}},{"type":"Feature","properties":{"id":576,"source":"Natural Earth","provenance":"REAL DATA"},"geometry":{"type":"LineString","coordinates":[[97.87183678500003,9.379584052000041],[97.84001712300005,9.40428294500009],[97.84359785200007,9.424953518000052],[97.86841881600003,9.420396226000037],[97.87183678500003,9.379584052000041]]}},{"type":"Feature","properties":{"id":578,"source":"Natural Earth","provenance":"REAL DATA"},"geometry":{"type":"LineString","coordinates":[[99.69874108200003,9.542222398000092],[99.70346113400007,9.521307684000078],[99.66814212300005,9.519191799000055],[99.69874108200003,9.542222398000092]]}},{"type":"Feature","properties":{"id":579,"source":"Natural Earth","provenance":"REAL DATA"},"geometry":{"type":"LineString","coordinates":[[99.68425540500004,9.620021877000056],[99.68043053500003,9.612209377000056],[99.67807050900007,9.61041901200008],[99.67530358200003,9.62445709800005],[99.68425540500004,9.620021877000056]]}},{"type":"Feature","properties":{"id":580,"source":"Natural Earth","provenance":"REAL DATA"},"geometry":{"type":"LineString","coordinates":[[98.05746504000007,9.79686107000009],[98.01832116000003,9.79490794500009],[98.00806725400008,9.807440497000073],[98.01539147200003,9.82640208500004],[98.04607181100005,9.827948309000078],[98.05746504000007,9.79686107000009]]}},{"type":"Feature","properties":{"id":581,"source":"Natural Earth","provenance":"REAL DATA"},"geometry":{"type":"LineString","coordinates":[[73.64633222700007,10.08470286700009],[73.64096113400007,10.06932200700004],[73.63257897200003,10.05727773600006],[73.64389082100007,10.094549872000073],[73.64633222700007,10.08470286700009]]}},{"type":"Feature","properties":{"id":583,"source":"Natural Earth","provenance":"REAL DATA"},"geometry":{"type":"LineString","coordinates":[[73.66228274800005,10.144598700000074],[73.65788821700005,10.139064846000053],[73.65463300900007,10.141506252000056],[73.65560957100007,10.14476146000004],[73.66228274800005,10.144598700000074]]}},{"type":"Feature","properties":{"id":584,"source":"Natural Earth","provenance":"REAL DATA"},"geometry":{"type":"LineString","coordinates":[[98.22868899800005,10.519964911000045],[98.22185306100005,10.498114325000074],[98.19271894600007,10.48240794500009],[98.18970787900008,10.515570380000042],[98.23365319100003,10.529364325000074],[98.22868899800005,10.519964911000045]]}},{"type":"Feature","properties":{"id":585,"source":"Natural Earth","provenance":"REAL DATA"},"geometry":{"type":"LineString","coordinates":[[72.64975019600007,10.566839911000045],[72.63851972700007,10.559393622000073],[72.62745201900003,10.554754950000074],[72.64861087300005,10.573960679000038],[72.64975019600007,10.566839911000045]]}},{"type":"Feature","properties":{"id":586,"source":"Natural Earth","provenance":"REAL DATA"},"geometry":{"type":"LineString","coordinates":[[72.54883873800003,10.779445705000057],[72.54875735800005,10.779323635000083],[72.54118899800005,10.77289459800005],[72.54086347700007,10.776516018000052],[72.54883873800003,10.779445705000057]]}},{"type":"Feature","properties":{"id":588,"source":"Natural Earth","provenance":"REAL DATA"},"geometry":{"type":"LineString","coordinates":[[73.67139733200008,10.829738674000055],[73.68124433700007,10.828070380000042],[73.68441816500007,10.827541408000059],[73.67286217500003,10.824693101000037],[73.67139733200008,10.829738674000055]]}},{"type":"Feature","properties":{"id":591,"source":"Natural Earth","provenance":"REAL DATA"},"geometry":{"type":"LineString","coordinates":[[98.42953535200007,10.977728583000044],[98.43287194100003,10.99359772300005],[98.45142662900008,11.00193919500009],[98.44027754000007,10.96556224200009],[98.42953535200007,10.977728583000044]]}},{"type":"Feature","properties":{"id":592,"source":"Natural Earth","provenance":"REAL DATA"},"geometry":{"type":"LineString","coordinates":[[72.75001061300003,11.119086005000042],[72.74496504000007,11.109523830000057],[72.73951256600003,11.10883209800005],[72.73951256600003,11.113959052000041],[72.75001061300003,11.119086005000042]]}},{"type":"Feature","properties":{"id":595,"source":"Natural Earth","provenance":"REAL DATA"},"geometry":{"type":"LineString","coordinates":[[73.01319420700008,11.50218333500004],[73.01091556100005,11.49013906500005],[73.00562584700003,11.479641018000052],[73.00440514400003,11.496486721000053],[73.01319420700008,11.50218333500004]]}},{"type":"Feature","properties":{"id":596,"source":"Natural Earth","provenance":"REAL DATA"},"geometry":{"type":"LineString","coordinates":[[72.71615644600007,11.694159247000073],[72.70525149800005,11.687323309000078],[72.70093834700003,11.686428127000056],[72.70508873800003,11.692328192000048],[72.71615644600007,11.694159247000073]]}},{"type":"Feature","properties":{"id":597,"source":"Natural Earth","provenance":"REAL DATA"},"geometry":{"type":"LineString","coordinates":[[97.46452884200005,11.782456773000092],[97.45923912900008,11.78620026200008],[97.44434655000003,11.80023834800005],[97.46290123800003,11.79979075700004],[97.47966556100005,11.77798086100006],[97.46452884200005,11.782456773000092]]}},{"type":"Feature","properties":{"id":604,"source":"Natural Earth","provenance":"REAL DATA"},"geometry":{"type":"LineString","coordinates":[[93.87281334700003,12.268866278000075],[93.85377037900008,12.260565497000073],[93.85189863400007,12.271551825000074],[93.86060631600003,12.281195380000042],[93.87281334700003,12.268866278000075]]}},{"type":"Feature","properties":{"id":608,"source":"Natural Earth","provenance":"REAL DATA"},"geometry":{"type":"LineString","coordinates":[[97.83692467500003,12.77244700700004],[97.83529707100007,12.792792059000078],[97.85279381600003,12.80654531500005],[97.86801191500007,12.774807033000059],[97.83692467500003,12.77244700700004]]}},{"type":"Feature","properties":{"id":615,"source":"Natural Earth","provenance":"REAL DATA"},"geometry":{"type":"LineString","coordinates":[[94.28093509200005,13.443548895000049],[94.29078209700003,13.42291901200008],[94.27491295700003,13.420314846000053],[94.26189212300005,13.429266669000071],[94.28093509200005,13.443548895000049]]}},{"type":"Feature","properties":{"id":1059,"source":"Natural Earth","provenance":"REAL DATA"},"geometry":{"type":"LineString","coordinates":[[55.401702493555085,-4.660533556469527],[55.44897949544782,-4.677852854192609],[55.478001021362175,-4.706406290979311],[55.491575606064046,-4.736363995148967],[55.4681711496815,-4.741512975553126],[55.463490258404995,-4.759768451531509],[55.48689471478754,-4.762108897169764],[55.50421401251062,-4.795811314360625],[55.53791642970148,-4.80376882953069],[55.51685241895719,-4.750406668978492],[55.52808655802082,-4.736832084276617],[55.52855464714847,-4.680193299830863],[55.45668242401321,-4.62580201670737],[55.46722058642541,-4.583426944168291],[55.454897187657004,-4.56223443264989],[55.43369823758125,-4.562544654049493],[55.41761752389521,-4.611384198066187],[55.36725817324441,-4.639265156734175],[55.401702493555085,-4.660533556469527]]}},{"type":"Feature","properties":{"id":1060,"source":"Natural Earth","provenance":"REAL DATA"},"geometry":{"type":"LineString","coordinates":[[55.26026451900003,-4.500095309999949],[55.26921634200005,-4.48015715899993],[55.25993899800005,-4.462985934999949],[55.22543379000007,-4.444919528999947],[55.22803795700008,-4.487481377999927],[55.24195397200003,-4.504001559999949],[55.26026451900003,-4.500095309999949]]}},{"type":"Feature","properties":{"id":1061,"source":"Natural Earth","provenance":"REAL DATA"},"geometry":{"type":"LineString","coordinates":[[55.71763486357105,-4.330116463929826],[55.73275746452325,-4.352239606559833],[55.75912465252325,-4.358424502559813],[55.77092478252329,-4.331324892559819],[55.787038063523234,-4.330592470559821],[55.70443715252325,-4.290227887559836],[55.67717478252329,-4.296412783559815],[55.6920080130026,-4.326297434962822],[55.71763486357105,-4.330116463929826]]}},{"type":"Feature","properties":{"id":1538,"source":"Natural Earth","provenance":"REAL DATA"},"geometry":{"type":"MultiLineString","coordinates":[[[100.0,-2.489919246999919],[99.97461998800003,-2.4939104149999594],[99.96094811300003,-2.552911065999922],[99.97559655000003,-2.594903252999927],[99.96713300900007,-2.6150041649999594],[99.98601321700005,-2.62468840899993],[100.0,-2.6564983505292386]],[[100.0,-2.6926404927761163],[99.98682701900003,-2.7671851539999466],[100.0,-2.765483027042267]]]}},{"type":"Feature","properties":{"id":1539,"source":"Natural Earth","provenance":"REAL DATA"},"geometry":{"type":"LineString","coordinates":[[99.82325280000003,-2.292901299999926],[99.77540123800003,-2.2587216129999206],[99.77540123800003,-2.2375627579999104],[99.70720462300005,-2.127699476999908],[99.69434655000003,-2.0678036439999232],[99.66285241000003,-2.0542945289999466],[99.63135826900003,-2.0184872379999206],[99.59400475400008,-2.014825127999927],[99.56495201900003,-2.0308570289999466],[99.54835045700003,-2.0614559879999206],[99.54883873800003,-2.1011695289999466],[99.56446373800003,-2.131117445999962],[99.53101647200003,-2.1342098939999232],[99.52767988400007,-2.1454403629999206],[99.57618248800003,-2.2240536439999232],[99.58985436300003,-2.2110328099999492],[99.59392337300005,-2.2277971329999104],[99.61646569100003,-2.233575127999927],[99.60352623800003,-2.265557549999926],[99.67172285200007,-2.2712541649999594],[99.71338951900003,-2.3134091129999206],[99.83334394600007,-2.352308851999908],[99.84620201900003,-2.380059502999927],[99.85873457100007,-2.3568661439999232],[99.82325280000003,-2.292901299999926]]}},{"type":"Feature","properties":{"id":1542,"source":"Natural Earth","provenance":"REAL DATA"},"geometry":{"type":"LineString","coordinates":[[99.27442467500003,-1.634942315999922],[99.26205488400007,-1.5866838519999078],[99.20972741000003,-1.5729305969999245],[99.20362389400003,-1.5172665339999298],[99.13062584700003,-1.4481747379999206],[99.12427819100003,-1.4288876279999272],[99.16529381600003,-1.4562313779999272],[99.16472415500004,-1.414239190999922],[99.11670983200003,-1.3666317689999232],[99.07764733200003,-1.283379815999922],[99.05307050900007,-1.2726376279999272],[99.06763756600003,-1.2413876279999272],[99.03638756600003,-1.2054989559999285],[98.98031660200007,-1.0936825499999259],[98.93832441500007,-1.0651180969999245],[98.90528405000003,-0.9906552059999285],[98.93930097700007,-1.0036760399999594],[98.94581139400003,-0.984633070999962],[98.91797936300003,-0.9401180969999245],[98.89161217500003,-0.9354794249999259],[98.89820397200003,-0.9157040339999298],[98.84001712300005,-0.9224585919999413],[98.78858483200003,-0.9566382789999466],[98.72364342500003,-0.9429664039999466],[98.65821373800003,-0.9634742169999413],[98.64893639400003,-1.0720354149999594],[98.59376061300003,-1.1984188779999272],[98.63086998800003,-1.2644182269999078],[98.63086998800003,-1.2848446589999298],[98.65137780000003,-1.2985165339999298],[98.81169681100005,-1.5289852839999298],[98.83033287900008,-1.5702450499999259],[98.82260175900007,-1.607598565999922],[98.88477623800003,-1.6793759089999298],[99.11850019600007,-1.8023414039999466],[99.18213951900003,-1.773695570999962],[99.25489342500003,-1.7720679669999413],[99.24537194100003,-1.7155087219999245],[99.20004316500007,-1.6281063779999272],[99.22673587300005,-1.6144345029999272],[99.25416100400008,-1.654473565999922],[99.27442467500003,-1.7379696589999298],[99.29200280000003,-1.718926690999922],[99.29428144600007,-1.6862118469999245],[99.27442467500003,-1.634942315999922]]}},{"type":"Feature","properties":{"id":1543,"source":"Natural Earth","provenance":"REAL DATA"},"geometry":{"type":"LineString","coordinates":[[98.50196373800003,-0.4605445289999466],[98.51238040500004,-0.42294687299994393],[98.50049889400003,-0.38738372199992455],[98.50733483200003,-0.36492278399992983],[98.45118248800003,-0.2583960919999413],[98.42920983200003,-0.24382903399992983],[98.41863040500004,-0.25758228999995936],[98.42546634200005,-0.29859791499995936],[98.38941491000003,-0.3208960919999413],[98.36402428500003,-0.36003997199992455],[98.36402428500003,-0.4419898419999413],[98.33611087300005,-0.5177548159999219],[98.30201256600003,-0.5109188779999272],[98.27515709700003,-0.5251604149999594],[98.42204837300005,-0.5866024719999245],[98.42554772200003,-0.5433895809999285],[98.44792728000004,-0.5262997379999206],[98.46778405000003,-0.5388322899999594],[98.45899498800003,-0.5518531229999439],[98.48682701900003,-0.5455868469999245],[98.50049889400003,-0.5656063779999272],[98.50269616000003,-0.535414320999962],[98.48682701900003,-0.5109188779999272],[98.50196373800003,-0.4605445289999466]]}},{"type":"Feature","properties":{"id":1544,"source":"Natural Earth","provenance":"REAL DATA"},"geometry":{"type":"LineString","coordinates":[[98.47999108200003,-0.1583798159999219],[98.44336998800003,-0.052015882999910446],[98.40609785200007,-0.007378838999954951],[98.36402428500003,0.010484117000089554],[98.29566491000003,-0.007256768999923224],[98.34351647200003,-0.044732354999950985],[98.40552819100003,-0.168226820999962],[98.54900149800005,-0.381117445999962],[98.54151451900003,-0.34303150799991045],[98.55982506600003,-0.2782528629999206],[98.49732506600003,-0.1998023419999413],[98.47999108200003,-0.1583798159999219]]}},{"type":"Feature","properties":{"id":1561,"source":"Natural Earth","provenance":"REAL DATA"},"geometry":{"type":"LineString","coordinates":[[98.55518639400003,1.6820335960000534],[98.52100670700003,1.6555850280000755],[98.46265709700003,1.7092959660000702],[98.43482506600003,1.6919619810000768],[98.43165123800003,1.6615257830000587],[98.49756920700003,1.6272647160000702],[98.59913170700003,1.631984768000052],[98.55518639400003,1.6820335960000534]]}},{"type":"Feature","properties":{"id":1562,"source":"Natural Earth","provenance":"REAL DATA"},"geometry":{"type":"LineString","coordinates":[[97.15113366000003,2.0580915390000882],[97.14291425900007,2.0922712260000935],[97.12012780000003,2.113348700000074],[97.06902103000004,2.087144273000092],[97.10230553500003,2.016058661000045],[97.12427819100003,2.021673895000049],[97.12305748800003,2.0392927100000406],[97.15113366000003,2.0580915390000882]]}},{"type":"Feature","properties":{"id":1564,"source":"Natural Earth","provenance":"REAL DATA"},"geometry":{"type":"LineString","coordinates":[[96.64405358200003,2.127020575000074],[96.61329186300003,2.119126695000091],[96.60962975400008,2.080145575000074],[96.62289472700007,2.07062409100007],[96.66537519600007,2.087876695000091],[96.67172285200007,2.101996161000045],[96.64405358200003,2.127020575000074]]}},{"type":"Feature","properties":{"id":1565,"source":"Natural Earth","provenance":"REAL DATA"},"geometry":{"type":"LineString","coordinates":[[97.32862389400003,2.1475283870000794],[97.31983483200003,2.1786563170000477],[97.28150475400008,2.2089297550000424],[97.28126061300003,2.2290713560000768],[97.24675540500004,2.230658270000049],[97.20801842500003,2.2075869810000768],[97.19157962300005,2.2089297550000424],[97.17172285200007,2.233099677000041],[97.10279381600003,2.212713934000078],[97.20736738400007,2.175523179000038],[97.30616295700003,2.0571963560000768],[97.32178795700003,2.0580915390000882],[97.32178795700003,2.031439520000049],[97.34229576900003,2.0580915390000882],[97.32862389400003,2.1475283870000794]]}},{"type":"Feature","properties":{"id":1571,"source":"Natural Earth","provenance":"REAL DATA"},"geometry":{"type":"LineString","coordinates":[[96.47950280000003,2.4149844420000477],[96.42432701900003,2.510565497000073],[96.39649498800003,2.5248477230000503],[96.39527428500003,2.477362372000073],[96.37525475400008,2.473863023000092],[96.35914147200003,2.5214297550000424],[96.32129967500003,2.566148179000038],[96.24610436300003,2.6000023460000534],[96.15796959700003,2.6804059920000896],[96.14372806100005,2.6787783870000794],[96.16187584700003,2.6477725280000755],[96.12973066500007,2.6647809920000896],[96.10279381600003,2.65460846600007],[96.10181725400008,2.6754417990000547],[96.13086998800003,2.715277411000045],[96.12631269600007,2.7337100280000755],[96.09050540500004,2.757798570000091],[96.00326582100007,2.7770042990000547],[95.98170006600003,2.7903506530000755],[95.96452884200005,2.827948309000078],[95.91724694100003,2.8606631530000755],[95.88306725400008,2.846380927000041],[95.88298587300005,2.883937893000052],[95.91041100400008,2.87368398600006],[95.91187584700003,2.906236070000091],[95.88404381600003,2.9190127620000794],[95.81413821700005,2.9221052100000406],[95.79151451900003,2.942531643000052],[95.76677493600005,2.8781192080000437],[95.78003991000003,2.846380927000041],[95.69955488400007,2.831773179000038],[95.69800866000003,2.7787539730000503],[95.74008222700007,2.7780622420000896],[95.73519941500007,2.757879950000074],[95.79428144600007,2.6962344420000477],[95.79053795700003,2.65460846600007],[95.86255944100003,2.65460846600007],[95.88306725400008,2.6204287780000755],[95.93140709700003,2.5956078150000508],[95.96509850400008,2.6142438820000393],[96.06568444100003,2.5794131530000755],[96.23991946700005,2.4486758480000503],[96.28516686300003,2.436428127000056],[96.32813561300003,2.394517320000091],[96.30762780000003,2.3740908870000794],[96.33497155000003,2.355454820000091],[96.36963951900003,2.367254950000074],[96.42090905000003,2.343003648000092],[96.48121178500003,2.3639997420000896],[96.47950280000003,2.4149844420000477]]}},{"type":"Feature","properties":{"id":1590,"source":"Natural Earth","provenance":"REAL DATA"},"geometry":{"type":"LineString","coordinates":[[95.17741946700005,5.62836334800005],[95.14177493600005,5.664129950000074],[95.10914147200003,5.622015692000048],[95.15626061300003,5.594794012000079],[95.19109134200005,5.608465887000079],[95.17741946700005,5.62836334800005]]}},{"type":"Feature","properties":{"id":1591,"source":"Natural Earth","provenance":"REAL DATA"},"geometry":{"type":"LineString","coordinates":[[95.11524498800003,5.711493231000077],[95.12208092500003,5.7046572940000715],[95.05827884200005,5.757310289000088],[95.03394616000003,5.759914455000057],[95.01465905000003,5.7446149760000935],[95.02312259200005,5.7320010440000715],[95.06072024800005,5.7320010440000715],[95.04786217500003,5.689642645000049],[95.06072024800005,5.683579820000091],[95.06072024800005,5.656236070000091],[95.09473717500003,5.683579820000091],[95.12208092500003,5.6692569030000755],[95.13331139400003,5.691310940000051],[95.12696373800003,5.702053127000056],[95.11524498800003,5.711493231000077]]}},{"type":"Feature","properties":{"id":1592,"source":"Natural Earth","provenance":"REAL DATA"},"geometry":{"type":"LineString","coordinates":[[95.34180748800003,5.896429755000042],[95.32496178500003,5.8980166690000715],[95.29712975400008,5.858587958000044],[95.28386478000004,5.857407945000091],[95.24781334700003,5.905218817000048],[95.21355228000004,5.902533270000049],[95.25269616000003,5.854966539000088],[95.27295983200003,5.807074286000045],[95.33838951900003,5.779201565000051],[95.35531660200007,5.795152085000041],[95.35547936300003,5.82758209800005],[95.38282311300003,5.807074286000045],[95.38282311300003,5.841864325000074],[95.34180748800003,5.896429755000042]]}},{"type":"Feature","properties":{"id":1593,"source":"Natural Earth","provenance":"REAL DATA"},"geometry":{"type":"LineString","coordinates":[[99.78629161100008,6.24182214800004],[99.76723441600006,6.223804251000047],[99.80559648300004,6.171792982000056],[99.82642783100005,6.190674611000077],[99.82485877300007,6.257720434000078],[99.83697849400005,6.294227056000068],[99.80044244900006,6.27281133200006],[99.78629161100008,6.24182214800004]]}},{"type":"Feature","properties":{"id":1594,"source":"Natural Earth","provenance":"REAL DATA"},"geometry":{"type":"LineString","coordinates":[[99.90061659800006,6.364303784000072],[99.91334069100003,6.3902041690000715],[99.86646569100003,6.429673570000091],[99.84202909600003,6.4696390390000715],[99.83277428500003,6.470851955000057],[99.83920332100007,6.454820054000038],[99.81429161100004,6.4540366600000425],[99.77092667200003,6.419841624000071],[99.64522806000008,6.435840878000079],[99.65870201900003,6.3626162780000755],[99.71904369200007,6.353230673000041],[99.71545779600007,6.310057516000086],[99.72873460300008,6.261475800000085],[99.77803186100004,6.282972726000082],[99.82533255000004,6.324098670000069],[99.84458594200004,6.324685901000066],[99.84941794500003,6.300711598000078],[99.86569178000008,6.2905266040000924],[99.87050805600006,6.304923615000064],[99.91627037900008,6.331529039000088],[99.90061659800006,6.364303784000072]]}},{"type":"Feature","properties":{"id":1595,"source":"Natural Earth","provenance":"REAL DATA"},"geometry":{"type":"LineString","coordinates":[[99.24781334700003,6.57485586100006],[99.23926842500003,6.57680898600006],[99.20630944100003,6.57485586100006],[99.17644290500004,6.550197658000059],[99.15845787900008,6.554388739000046],[99.17400149800005,6.539007880000042],[99.21729576900003,6.536932684000078],[99.25757897200003,6.560939846000053],[99.24781334700003,6.57485586100006]]}},{"type":"Feature","properties":{"id":1596,"source":"Natural Earth","provenance":"REAL DATA"},"geometry":{"type":"LineString","coordinates":[[99.67237389400003,6.516546942000048],[99.69971764400003,6.533270575000074],[99.70443769600007,6.558294989000046],[99.68028986000007,6.62403914500004],[99.68051191500007,6.672919012000079],[99.65699303500003,6.723822333000044],[99.60027103000004,6.58344147300005],[99.63414807500004,6.552054746000067],[99.65870201900003,6.492336330000057],[99.67237389400003,6.516546942000048]]}},{"type":"Feature","properties":{"id":1598,"source":"Natural Earth","provenance":"REAL DATA"},"geometry":{"type":"LineString","coordinates":[[93.92025800900007,7.024318752000056],[93.88705488400007,7.08930084800005],[93.86500084700003,7.200669664000088],[93.83082116000003,7.2359072940000715],[93.81397545700008,7.241848049000055],[93.71729576900003,7.187689520000049],[93.67644290500004,7.181870835000041],[93.64966881600003,7.1196149760000935],[93.64918053500003,7.013088283000059],[93.66456139400003,7.026516018000052],[93.70362389400003,7.006293036000045],[93.74805748800003,6.923570054000038],[93.76531009200005,6.9243024760000935],[93.77572675900007,6.867377020000049],[93.79322350400008,6.8491885440000715],[93.78443444100003,6.8364118510000935],[93.81373131600003,6.808294989000046],[93.81267337300005,6.753973700000074],[93.83423912900008,6.74555084800005],[93.85938561300003,6.8042666690000715],[93.90308678500003,6.808294989000046],[93.88941491000003,6.841782945000091],[93.92986087300005,6.959051825000074],[93.92025800900007,7.024318752000056]]}},{"type":"Feature","properties":{"id":1599,"source":"Natural Earth","provenance":"REAL DATA"},"geometry":{"type":"LineString","coordinates":[[99.40544681100005,7.266302802000041],[99.38550866000003,7.275580145000049],[99.37777754000007,7.252346096000053],[99.38331139400003,7.1940778670000896],[99.41724694100003,7.235337632000039],[99.45386803500003,7.2389997420000896],[99.40544681100005,7.266302802000041]]}},{"type":"Feature","properties":{"id":1602,"source":"Natural Earth","provenance":"REAL DATA"},"geometry":{"type":"LineString","coordinates":[[93.73121178500003,7.369370835000041],[93.69947350400008,7.39874909100007],[93.69695071700005,7.445054429000038],[93.66724694100003,7.382757880000042],[93.61670983200008,7.367254950000074],[93.59400475400008,7.31476471600007],[93.61508222700007,7.28742096600007],[93.61793053500003,7.259955145000049],[93.64421634200005,7.257513739000046],[93.72852623800003,7.337103583000044],[93.73121178500003,7.369370835000041]]}},{"type":"Feature","properties":{"id":1603,"source":"Natural Earth","provenance":"REAL DATA"},"geometry":{"type":"LineString","coordinates":[[99.03492272200003,7.644273179000038],[99.02068118600005,7.636867580000057],[99.03126061300003,7.561916408000059],[99.05713951900003,7.504055080000057],[99.09994550900007,7.467230536000045],[99.11744225400008,7.479193427000041],[99.08611087300005,7.536525783000059],[99.07585696700005,7.6089541690000715],[99.03492272200003,7.644273179000038]]}},{"type":"Feature","properties":{"id":1604,"source":"Natural Earth","provenance":"REAL DATA"},"geometry":{"type":"LineString","coordinates":[[99.12427819100003,7.657375393000052],[99.06706790500004,7.675197658000059],[99.04460696700005,7.6633975280000755],[99.06959069100003,7.622544664000088],[99.10873457100007,7.594183661000045],[99.12403405000003,7.606838283000059],[99.12427819100003,7.657375393000052]]}},{"type":"Feature","properties":{"id":1605,"source":"Natural Earth","provenance":"REAL DATA"},"geometry":{"type":"LineString","coordinates":[[81.73878014400003,7.66046784100007],[81.78736412900008,7.593451239000046],[81.78736412900008,7.4968122420000896],[81.80779056100005,7.479193427000041],[81.82260175900007,7.491359768000052],[81.82325280000003,7.511379299000055],[81.80632571700005,7.598578192000048],[81.72510826900003,7.739935614000046],[81.73878014400003,7.66046784100007]]}},{"type":"Feature","properties":{"id":1606,"source":"Natural Earth","provenance":"REAL DATA"},"geometry":{"type":"LineString","coordinates":[[93.42945397200003,7.955267645000049],[93.40121504000007,7.967962958000044],[93.39136803500003,8.015570380000042],[93.37029056100005,8.017320054000038],[93.32260175900007,8.002101955000057],[93.30502363400007,7.9499372420000896],[93.31364993600005,7.929185289000088],[93.34815514400003,7.924872137000079],[93.34034264400003,7.901271877000056],[93.35425866000003,7.883286851000037],[93.42123457100007,7.891791083000044],[93.45443769600007,7.869289455000057],[93.45980879000007,7.91079336100006],[93.42945397200003,7.955267645000049]]}},{"type":"Feature","properties":{"id":1607,"source":"Natural Earth","provenance":"REAL DATA"},"geometry":{"type":"LineString","coordinates":[[93.56592858200008,7.9993350280000755],[93.54835045700008,8.020086981000077],[93.53931725400008,7.9993350280000755],[93.51148522200003,7.995510158000059],[93.51075280000003,7.980169989000046],[93.57398522200003,7.924872137000079],[93.56592858200008,7.9993350280000755]]}},{"type":"Feature","properties":{"id":1608,"source":"Natural Earth","provenance":"REAL DATA"},"geometry":{"type":"LineString","coordinates":[[98.54053795700003,8.10492584800005],[98.52849368600005,8.123480536000045],[98.55111738400007,8.042547919000071],[98.58228600400008,8.015366929000038],[98.58041425900007,7.996161200000074],[98.56324303500003,7.986314195000091],[98.57732181100005,7.919623114000046],[98.60352623800003,7.90375397300005],[98.61182701900003,7.92609284100007],[98.60238691500007,8.06346263200004],[98.54053795700003,8.10492584800005]]}},{"type":"Feature","properties":{"id":1609,"source":"Natural Earth","provenance":"REAL DATA"},"geometry":{"type":"LineString","coordinates":[[98.41863040500004,7.90375397300005],[98.39812259200005,7.972642320000091],[98.41863040500004,7.993150132000039],[98.43913821700005,8.082505601000037],[98.42261803500003,8.099310614000046],[98.40552819100003,8.082505601000037],[98.36011803500003,8.118841864000046],[98.34351647200003,8.109198309000078],[98.33008873800003,8.170477606000077],[98.28142337300005,8.191799221000053],[98.29021243600005,8.130113023000092],[98.27442467500003,8.06932200700004],[98.28142337300005,8.003078518000052],[98.26596113400007,7.973781643000052],[98.27409915500004,7.953680731000077],[98.25416100400008,7.928290106000077],[98.28142337300005,7.91742584800005],[98.28532962300005,7.90375397300005],[98.26775149800005,7.89008209800005],[98.29184004000007,7.777492580000057],[98.32309004000007,7.77094147300005],[98.34392337300005,7.832912502000056],[98.39812259200005,7.815008856000077],[98.39966881600003,7.8645694030000755],[98.43978925900007,7.886623440000051],[98.43165123800003,7.91742584800005],[98.41863040500004,7.90375397300005]]}},{"type":"Feature","properties":{"id":1610,"source":"Natural Earth","provenance":"REAL DATA"},"geometry":{"type":"LineString","coordinates":[[98.63754316500007,8.171291408000059],[98.62403405000003,8.191799221000053],[98.59229576900003,8.14679596600007],[98.59669030000003,8.13031647300005],[98.57007897200003,8.118882554000038],[98.57960045700003,8.106146552000041],[98.62086022200003,8.089992580000057],[98.63754316500007,8.171291408000059]]}},{"type":"Feature","properties":{"id":1611,"source":"Natural Earth","provenance":"REAL DATA"},"geometry":{"type":"LineString","coordinates":[[93.53191165500004,8.034735419000071],[93.53760826900003,8.057318427000041],[93.50521894600007,8.147040106000077],[93.53166751400005,8.21320221600007],[93.50464928500003,8.226996161000045],[93.48585045700008,8.220119533000059],[93.44662519600007,8.154364325000074],[93.46631920700008,8.074408270000049],[93.49219811300003,8.063625393000052],[93.49781334700003,8.082505601000037],[93.51693769600007,8.063299872000073],[93.49781334700003,8.061997789000088],[93.48080488400007,8.040513414000088],[93.48438561300003,7.991888739000046],[93.53191165500004,8.034735419000071]]}},{"type":"Feature","properties":{"id":1612,"source":"Natural Earth","provenance":"REAL DATA"},"geometry":{"type":"LineString","coordinates":[[73.07715905000003,8.315252997000073],[73.04835045700008,8.26756419500009],[73.02930748800003,8.25999583500004],[73.02247155000003,8.274359442000048],[73.02409915500004,8.255438544000071],[73.04468834700003,8.252427476000037],[73.06609134200005,8.270453192000048],[73.08399498800003,8.30845774900007],[73.07715905000003,8.315252997000073]]}},{"type":"Feature","properties":{"id":1613,"source":"Natural Earth","provenance":"REAL DATA"},"geometry":{"type":"LineString","coordinates":[[93.13453209700003,8.240179755000042],[93.10401451900003,8.275580145000049],[93.10141035200007,8.345770575000074],[93.08375084700003,8.355902411000045],[93.06430097700007,8.336127020000049],[93.06576582100007,8.268133856000077],[93.10254967500003,8.221502997000073],[93.15349368600005,8.205511786000045],[93.17628014400003,8.21287669500009],[93.13453209700003,8.240179755000042]]}},{"type":"Feature","properties":{"id":1614,"source":"Natural Earth","provenance":"REAL DATA"},"geometry":{"type":"LineString","coordinates":[[93.60767662900008,8.548041083000044],[93.60767662900008,8.569159247000073],[93.59498131600003,8.558010158000059],[93.60767662900008,8.507066148000092],[93.60141035200007,8.438177802000041],[93.62818444100003,8.48655833500004],[93.60767662900008,8.548041083000044]]}},{"type":"Feature","properties":{"id":1616,"source":"Natural Earth","provenance":"REAL DATA"},"geometry":{"type":"LineString","coordinates":[[79.71412194100003,9.07562897300005],[79.79981530000003,9.048976955000057],[79.88575280000003,8.976223049000055],[79.90967858200008,8.973211981000077],[79.85434004000007,9.041489976000037],[79.91651451900003,9.020982164000088],[79.84164472700007,9.07721588700008],[79.75879967500003,9.103583075000074],[79.71412194100003,9.103583075000074],[79.69800866000008,9.089585679000038],[79.71412194100003,9.07562897300005]]}},{"type":"Feature","properties":{"id":1617,"source":"Natural Earth","provenance":"REAL DATA"},"geometry":{"type":"LineString","coordinates":[[98.29566491000003,9.14516836100006],[98.27328535200007,9.159979559000078],[98.24822024800005,9.150091864000046],[98.24048912900008,9.048976955000057],[98.25424238400007,9.036810614000046],[98.30933678500003,9.048976955000057],[98.30201256600003,9.055161851000037],[98.32300866000003,9.076239325000074],[98.31739342500003,9.117132880000042],[98.29566491000003,9.14516836100006]]}},{"type":"Feature","properties":{"id":1618,"source":"Natural Earth","provenance":"REAL DATA"},"geometry":{"type":"LineString","coordinates":[[92.81137327200008,9.23116996200008],[92.75098717500003,9.261216539000088],[92.74512780000003,9.229071356000077],[92.70850670700008,9.201605536000045],[92.73121178500003,9.13084544500009],[92.79956466200008,9.110154001000069],[92.83198132300004,9.145025417000056],[92.83384929400006,9.202359329000046],[92.81137327200008,9.23116996200008]]}},{"type":"Feature","properties":{"id":1619,"source":"Natural Earth","provenance":"REAL DATA"},"geometry":{"type":"LineString","coordinates":[[79.73080488400007,9.500189520000049],[79.71924889400003,9.524359442000048],[79.67628014400003,9.534979559000078],[79.65870201900003,9.555365302000041],[79.65577233200008,9.50389232000009],[79.66602623800003,9.49127838700008],[79.71469160200007,9.485052802000041],[79.73080488400007,9.500189520000049]]}},{"type":"Feature","properties":{"id":1620,"source":"Natural Earth","provenance":"REAL DATA"},"geometry":{"type":"LineString","coordinates":[[100.0,9.575157675388954],[99.95948326900003,9.580755927000041],[99.92628014400003,9.565985419000071],[99.94117272200003,9.511867580000057],[99.92628014400003,9.493963934000078],[99.94662519600007,9.41819896000004],[100.0,9.425865666880776]]}},{"type":"Feature","properties":{"id":1621,"source":"Natural Earth","provenance":"REAL DATA"},"geometry":{"type":"LineString","coordinates":[[79.89584394600007,9.61749909100007],[79.92652428500008,9.629461981000077],[79.95777428500008,9.61717357000009],[79.97787519600007,9.624335028000075],[79.93360436300003,9.654730536000045],[79.92644290500004,9.678941148000092],[79.89470462300005,9.688177802000041],[79.89405358200008,9.757391669000071],[79.88233483200008,9.760891018000052],[79.86052493600005,9.756252346000053],[79.84066816500007,9.699408270000049],[79.89584394600007,9.61749909100007]]}},{"type":"Feature","properties":{"id":1622,"source":"Natural Earth","provenance":"REAL DATA"},"geometry":{"type":"LineString","coordinates":[[98.41163170700003,9.76829661700009],[98.38493899800005,9.727932033000059],[98.39812259200005,9.706244208000044],[98.41667728000004,9.73346588700008],[98.41163170700003,9.76829661700009]]}},{"type":"Feature","properties":{"id":1623,"source":"Natural Earth","provenance":"REAL DATA"},"geometry":{"type":"LineString","coordinates":[[100.0,9.797078151376345],[99.98764082100007,9.80182526200008],[99.97055097700007,9.764593817000048],[100.0,9.710022622325718]]}},{"type":"Feature","properties":{"id":1625,"source":"Natural Earth","provenance":"REAL DATA"},"geometry":{"type":"LineString","coordinates":[[98.29566491000003,10.048895575000074],[98.25440514400003,10.062689520000049],[98.23462975400008,10.054185289000088],[98.12745201900003,9.960109768000052],[98.11719811300003,9.882025458000044],[98.13347415500004,9.84560781500005],[98.17156009200005,9.898098049000055],[98.17896569100003,9.932806708000044],[98.24390709700003,9.960109768000052],[98.26921634200005,10.00259023600006],[98.28825931100005,10.007961330000057],[98.29411868600005,10.019110419000071],[98.27393639400003,10.048041083000044],[98.29566491000003,10.048895575000074]]}},{"type":"Feature","properties":{"id":1626,"source":"Natural Earth","provenance":"REAL DATA"},"geometry":{"type":"LineString","coordinates":[[98.18580162900008,10.121161200000074],[98.18580162900008,10.04205963700008],[98.20142662900008,10.118068752000056],[98.23365319100003,10.144476630000042],[98.22779381600003,10.15525950700004],[98.24048912900008,10.172349351000037],[98.17896569100003,10.192857164000088],[98.18523196700005,10.17682526200008],[98.17156009200005,10.148138739000046],[98.18580162900008,10.121161200000074]]}},{"type":"Feature","properties":{"id":1628,"source":"Natural Earth","provenance":"REAL DATA"},"geometry":{"type":"LineString","coordinates":[[97.91146894600007,10.494533596000053],[97.89625084700003,10.487534898000092],[97.90406334700003,10.439276434000078],[97.88941491000003,10.419989325000074],[97.91016686300003,10.401922919000071],[97.93189537900008,10.41201406500005],[97.91773522200003,10.43305084800005],[97.94353274800005,10.443793036000045],[97.92505944100003,10.47406647300005],[97.90259850400008,10.479315497000073],[97.91146894600007,10.494533596000053]]}},{"type":"Feature","properties":{"id":1630,"source":"Natural Earth","provenance":"REAL DATA"},"geometry":{"type":"LineString","coordinates":[[98.49366295700003,10.891099351000037],[98.50049889400003,10.823472398000092],[98.51832116000003,10.829494533000059],[98.52849368600005,10.820054429000038],[98.49838300900007,10.79360586100006],[98.52711022200003,10.786932684000078],[98.55323326900003,10.832831122000073],[98.54224694100003,10.860052802000041],[98.49366295700003,10.891099351000037]]}},{"type":"Feature","properties":{"id":1631,"source":"Natural Earth","provenance":"REAL DATA"},"geometry":{"type":"LineString","coordinates":[[92.58509171100008,10.771268527000075],[92.56505953100003,10.849308437000047],[92.52759174000005,10.89546557400007],[92.48279630600007,10.885621584000091],[92.42896569100003,10.850816148000092],[92.41541966300008,10.79886279100009],[92.37672144300006,10.784019970000088],[92.37948613800006,10.672121597000057],[92.41700341400008,10.629058572000076],[92.40255653800006,10.575206237000089],[92.37805710600003,10.541328843000088],[92.38411072300005,10.529328010000086],[92.40646613500007,10.529265955000085],[92.42178793400006,10.546203260000084],[92.51302707600007,10.507968928000082],[92.53542331400007,10.52486095100005],[92.57421307300007,10.580623724000077],[92.54175975000004,10.591720078000037],[92.53983511800004,10.620669338000084],[92.59590764100005,10.678363602000047],[92.58509171100008,10.771268527000075]]}},{"type":"Feature","properties":{"id":1632,"source":"Natural Earth","provenance":"REAL DATA"},"geometry":{"type":"LineString","coordinates":[[97.89039147200003,10.884955145000049],[97.88355553500003,10.844549872000073],[97.92774498800003,10.871975002000056],[97.95183353000004,10.919094143000052],[97.91195722700007,10.924261786000045],[97.89633222700007,10.913275458000044],[97.89039147200003,10.884955145000049]]}},{"type":"Feature","properties":{"id":1633,"source":"Natural Earth","provenance":"REAL DATA"},"geometry":{"type":"LineString","coordinates":[[98.26775149800005,10.837144273000092],[98.23178144600007,10.870266018000052],[98.20573978000004,10.96002838700008],[98.17188561300003,10.978664455000057],[98.14087975400008,10.977443752000056],[98.13119550900007,10.94635651200008],[98.07740319100003,10.888088283000059],[98.10027103000004,10.882025458000044],[98.14673912900008,10.924505927000041],[98.16529381600003,10.919094143000052],[98.17156009200005,10.884955145000049],[98.17896569100003,10.898586330000057],[98.19874108200003,10.881659247000073],[98.21998131600003,10.84088776200008],[98.24048912900008,10.830959377000056],[98.23365319100003,10.768255927000041],[98.25554446700005,10.74640534100007],[98.23365319100003,10.74095286700009],[98.23218834700003,10.708319403000075],[98.25074303500003,10.693101304000038],[98.26783287900008,10.696519273000092],[98.29566491000003,10.73468659100007],[98.28296959700003,10.756537177000041],[98.29566491000003,10.781927802000041],[98.27637780000003,10.784491278000075],[98.26775149800005,10.837144273000092]]}},{"type":"Feature","properties":{"id":1634,"source":"Natural Earth","provenance":"REAL DATA"},"geometry":{"type":"LineString","coordinates":[[98.52849368600005,10.974310614000046],[98.54151451900003,10.953802802000041],[98.54460696700005,11.031195380000042],[98.52466881600003,11.08665599200009],[98.51417076900003,11.03579336100006],[98.48682701900003,11.00844961100006],[98.47706139400003,10.97370026200008],[98.50798587300005,10.94635651200008],[98.52849368600005,10.974310614000046]]}},{"type":"Feature","properties":{"id":1635,"source":"Natural Earth","provenance":"REAL DATA"},"geometry":{"type":"LineString","coordinates":[[98.27515709700003,11.24803294500009],[98.28142337300005,11.275946356000077],[98.21998131600003,11.269110419000071],[98.24317467500003,11.242987372000073],[98.24732506600003,11.214504299000055],[98.30201256600003,11.24119700700004],[98.27515709700003,11.24803294500009]]}},{"type":"Feature","properties":{"id":1637,"source":"Natural Earth","provenance":"REAL DATA"},"geometry":{"type":"LineString","coordinates":[[92.67652428500003,11.412543036000045],[92.69629967500003,11.454413153000075],[92.67505944100003,11.490423895000049],[92.63559004000007,11.50804271000004],[92.62761478000004,11.477362372000073],[92.63721764400003,11.430161851000037],[92.63119550900007,11.41624583500004],[92.60084069100003,11.406317450000074],[92.59351647200003,11.37836334800005],[92.63502037900008,11.357896226000037],[92.67318769600007,11.367336330000057],[92.69988040500004,11.384426174000055],[92.67652428500003,11.412543036000045]]}},{"type":"Feature","properties":{"id":1639,"source":"Natural Earth","provenance":"REAL DATA"},"geometry":{"type":"LineString","coordinates":[[92.26677493600005,11.589544989000046],[92.21729576900003,11.598089911000045],[92.23454837300005,11.540350653000075],[92.25212649800005,11.529242255000042],[92.28500410200007,11.54401276200008],[92.28687584700003,11.563177802000041],[92.26677493600005,11.589544989000046]]}},{"type":"Feature","properties":{"id":1641,"source":"Natural Earth","provenance":"REAL DATA"},"geometry":{"type":"LineString","coordinates":[[98.27833092500003,11.79979075700004],[98.26775149800005,11.741441148000092],[98.23365319100003,11.666408596000053],[98.24048912900008,11.624823309000078],[98.20264733200003,11.589178778000075],[98.21314537900008,11.553412177000041],[98.18751061300003,11.534979559000078],[98.19947350400008,11.488226630000042],[98.18409264400003,11.47264232000009],[98.16529381600003,11.473944403000075],[98.16529381600003,11.453517971000053],[98.17652428500003,11.449164130000042],[98.21998131600003,11.453517971000053],[98.20199629000007,11.46625397300005],[98.22681725400008,11.473944403000075],[98.23365319100003,11.501898505000042],[98.26091556100005,11.46775950700004],[98.28353925900007,11.509426174000055],[98.30030358200003,11.704779364000046],[98.32300866000003,11.731268622000073],[98.30665123800003,11.777411200000074],[98.27833092500003,11.79979075700004]]}},{"type":"Feature","properties":{"id":1642,"source":"Natural Earth","provenance":"REAL DATA"},"geometry":{"type":"LineString","coordinates":[[98.53532962300005,11.803615627000056],[98.44532311300003,11.803615627000056],[98.45281009200005,11.789252020000049],[98.43824303500003,11.787054755000042],[98.37077884200005,11.789252020000049],[98.38209069100003,11.776190497000073],[98.41309655000003,11.773382880000042],[98.37989342500003,11.750921942000048],[98.38135826900003,11.731350002000056],[98.40552819100003,11.707953192000048],[98.38209069100003,11.70416901200008],[98.37940514400003,11.691107489000046],[98.41863040500004,11.63226959800005],[98.41570071700005,11.604437567000048],[98.43165123800003,11.60492584800005],[98.43238366000003,11.56671784100007],[98.45899498800003,11.583807684000078],[98.53532962300005,11.529242255000042],[98.52849368600005,11.580471096000053],[98.54900149800005,11.62173086100006],[98.55640709700003,11.758734442000048],[98.53532962300005,11.803615627000056]]}},{"type":"Feature","properties":{"id":1643,"source":"Natural Earth","provenance":"REAL DATA"},"geometry":{"type":"LineString","coordinates":[[98.05543053500003,11.701117255000042],[98.08228600400008,11.73468659100007],[98.05795332100007,11.729071356000077],[98.05225670700003,11.77602773600006],[98.01392662900008,11.816595770000049],[98.01392662900008,11.864976304000038],[97.99976647200003,11.84178294500009],[98.00709069100003,11.76194896000004],[98.02247155000003,11.755804755000042],[98.02833092500003,11.717189846000053],[98.01172936300003,11.704738674000055],[98.08961022200003,11.63226959800005],[98.05543053500003,11.701117255000042]]}},{"type":"Feature","properties":{"id":1644,"source":"Natural Earth","provenance":"REAL DATA"},"geometry":{"type":"LineString","coordinates":[[97.66439863400007,11.905951239000046],[97.64283287900008,11.867661851000037],[97.65088951900003,11.844549872000073],[97.67188561300003,11.837713934000078],[97.66667728000004,11.863430080000057],[97.67847741000003,11.887884833000044],[97.66439863400007,11.905951239000046]]}},{"type":"Feature","properties":{"id":1645,"source":"Natural Earth","provenance":"REAL DATA"},"geometry":{"type":"LineString","coordinates":[[98.25416100400008,11.85814036700009],[98.27369225400008,11.853338934000078],[98.28907311300003,11.882391669000071],[98.26539147200003,11.90851471600007],[98.25416100400008,11.85814036700009]]}},{"type":"Feature","properties":{"id":1646,"source":"Natural Earth","provenance":"REAL DATA"},"geometry":{"type":"LineString","coordinates":[[98.26775149800005,11.93390534100007],[98.26091556100005,11.971136786000045],[98.23585045700003,11.968329169000071],[98.22706139400003,11.953924872000073],[98.24610436300003,11.925441799000055],[98.26775149800005,11.93390534100007]]}},{"type":"Feature","properties":{"id":1647,"source":"Natural Earth","provenance":"REAL DATA"},"geometry":{"type":"LineString","coordinates":[[93.04249108200008,11.96116771000004],[93.01856530000003,12.015814520000049],[93.02540123800003,12.03156159100007],[93.01465905000003,12.037176825000074],[92.98072350400008,12.036322333000044],[92.94703209700003,11.98969147300005],[93.02491295700008,11.940130927000041],[93.04932701900003,11.896144924000055],[93.06641686300003,11.899115302000041],[93.04249108200008,11.96116771000004]]}},{"type":"Feature","properties":{"id":1648,"source":"Natural Earth","provenance":"REAL DATA"},"geometry":{"type":"LineString","coordinates":[[98.60352623800003,11.96743398600006],[98.55958092500003,12.000799872000073],[98.54151451900003,11.995306708000044],[98.51986738400007,12.007025458000044],[98.43913821700005,12.112005927000041],[98.43091881600003,12.10065338700008],[98.44027754000007,12.015366929000038],[98.47095787900008,11.988104559000078],[98.45972741000003,11.933661200000074],[98.47803795700003,11.89093659100007],[98.51587975400008,11.895900783000059],[98.57260175900007,11.93162669500009],[98.65821373800003,11.93390534100007],[98.65919030000003,11.94867584800005],[98.60352623800003,11.96743398600006]]}},{"type":"Feature","properties":{"id":1650,"source":"Natural Earth","provenance":"REAL DATA"},"geometry":{"type":"LineString","coordinates":[[93.10328209700003,12.19049713700008],[93.09107506600003,12.204250393000052],[93.07325280000003,12.200832424000055],[93.05933678500003,12.153550523000092],[93.06430097700007,12.127142645000049],[93.09424889400003,12.090969143000052],[93.10328209700003,12.19049713700008]]}},{"type":"Feature","properties":{"id":1651,"source":"Natural Earth","provenance":"REAL DATA"},"geometry":{"type":"LineString","coordinates":[[98.09644616000003,12.187160549000055],[98.12378991000003,12.259466864000046],[98.10824629000007,12.284654039000088],[98.07252037900008,12.289536851000037],[98.04615319100003,12.26203034100007],[98.03939863400007,12.20734284100007],[98.07667076900003,12.161932684000078],[98.11670983200003,12.16547272300005],[98.13746178500003,12.138739325000074],[98.13184655000003,12.198553778000075],[98.09644616000003,12.187160549000055]]}},{"type":"Feature","properties":{"id":1652,"source":"Natural Earth","provenance":"REAL DATA"},"geometry":{"type":"LineString","coordinates":[[98.06527754000007,12.365301825000074],[98.08773847700007,12.360052802000041],[98.10450280000003,12.38304271000004],[98.09058678500003,12.422308661000045],[98.07593834700003,12.427394924000055],[98.06364993600005,12.397772528000075],[98.04558353000004,12.389064846000053],[98.04175866000003,12.35846588700008],[98.00538170700003,12.367336330000057],[98.01783287900008,12.40265534100007],[97.93995201900003,12.36627838700008],[97.93816165500004,12.337958075000074],[97.96607506600003,12.35846588700008],[97.97103925900007,12.344875393000052],[97.94556725400008,12.310044664000088],[97.98243248800003,12.306382554000038],[98.00025475400008,12.269029039000088],[98.01050866000003,12.310044664000088],[98.04802493600005,12.330511786000045],[98.06527754000007,12.365301825000074]]}},{"type":"Feature","properties":{"id":1653,"source":"Natural Earth","provenance":"REAL DATA"},"geometry":{"type":"LineString","coordinates":[[98.51417076900003,12.495591539000088],[98.49984785200007,12.513088283000059],[98.47429446700005,12.424994208000044],[98.49561608200003,12.405829169000071],[98.51417076900003,12.423651434000078],[98.51417076900003,12.495591539000088]]}},{"type":"Feature","properties":{"id":1654,"source":"Natural Earth","provenance":"REAL DATA"},"geometry":{"type":"LineString","coordinates":[[98.25416100400008,12.567613023000092],[98.23365319100003,12.553656317000048],[98.23023522200003,12.516994533000059],[98.26050866000003,12.495266018000052],[98.28288821700005,12.503851630000042],[98.28988691500007,12.526312567000048],[98.25416100400008,12.567613023000092]]}},{"type":"Feature","properties":{"id":1655,"source":"Natural Earth","provenance":"REAL DATA"},"geometry":{"type":"LineString","coordinates":[[97.82276451900003,12.587469794000071],[97.82943769600007,12.557074286000045],[97.84994550900007,12.537258205000057],[97.86182701900003,12.559800523000092],[97.84994550900007,12.594631252000056],[97.82276451900003,12.587469794000071]]}},{"type":"Feature","properties":{"id":1656,"source":"Natural Earth","provenance":"REAL DATA"},"geometry":{"type":"LineString","coordinates":[[98.46631920700003,12.583726304000038],[98.45093834700003,12.603989976000037],[98.42546634200005,12.529730536000045],[98.39812259200005,12.587469794000071],[98.40552819100003,12.63898346600007],[98.31560306100005,12.687445380000042],[98.30274498800003,12.598578192000048],[98.33301842500003,12.519232489000046],[98.31560306100005,12.495591539000088],[98.33611087300005,12.450913804000038],[98.30201256600003,12.337958075000074],[98.34994550900007,12.325913804000038],[98.39128665500004,12.361517645000049],[98.45582116000003,12.45774974200009],[98.47022545700003,12.517523505000042],[98.46631920700003,12.583726304000038]]}},{"type":"Feature","properties":{"id":1657,"source":"Natural Earth","provenance":"REAL DATA"},"geometry":{"type":"LineString","coordinates":[[92.73308353000004,12.972479559000078],[92.70834394600007,12.988674221000053],[92.68279056100005,12.961737372000073],[92.67025800900007,12.867661851000037],[92.68279056100005,12.797308661000045],[92.72437584700003,12.872381903000075],[92.73308353000004,12.972479559000078]]}},{"type":"Feature","properties":{"id":1658,"source":"Natural Earth","provenance":"REAL DATA"},"geometry":{"type":"LineString","coordinates":[[98.29566491000003,13.084662177000041],[98.26880944100003,13.198919989000046],[98.24732506600003,13.215033270000049],[98.24048912900008,13.13930898600006],[98.30201256600003,12.913316148000092],[98.31430097700007,12.925523179000038],[98.30201256600003,13.029445705000057],[98.33643639400003,13.073879299000055],[98.31853274800005,13.091376044000071],[98.29566491000003,13.084662177000041]]}},{"type":"Feature","properties":{"id":1659,"source":"Natural Earth","provenance":"REAL DATA"},"geometry":{"type":"LineString","coordinates":[[93.05274498800003,13.283880927000041],[93.02556399800005,13.316148179000038],[92.99048912900008,13.31781647300005],[92.97706139400003,13.345363674000055],[92.99512780000003,13.357367255000042],[93.00424238400007,13.33104075700004],[93.04688561300003,13.35740794500009],[93.07837975400008,13.39712148600006],[93.08008873800003,13.413031317000048],[93.05958092500003,13.406805731000077],[93.05372155000003,13.47142161700009],[93.06641686300003,13.53709544500009],[93.04997806100005,13.56639232000009],[93.01628665500004,13.56736888200004],[93.01172936300003,13.57811107000009],[93.01172936300003,13.55076732000009],[92.98438561300003,13.55760325700004],[92.94971764400003,13.544623114000046],[92.94288170700008,13.50922272300005],[92.89503014400003,13.454575914000088],[92.89136803500003,13.400946356000077],[92.84742272200003,13.344916083000044],[92.84115644600007,13.324896552000041],[92.85417728000004,13.310614325000074],[92.86402428500003,13.235500393000052],[92.84278405000003,13.226996161000045],[92.84473717500003,13.186997789000088],[92.83366946700005,13.174017645000049],[92.85417728000004,13.146063544000071],[92.82960045700008,13.103461005000042],[92.80795332100007,13.020086981000077],[92.83472741000003,13.002020575000074],[92.81324303500003,12.95807526200008],[92.80030358200008,12.857814846000053],[92.78565514400003,12.840033270000049],[92.76539147200003,12.845119533000059],[92.73747806100005,12.807196356000077],[92.74773196700005,12.692694403000075],[92.78321373800003,12.664984442000048],[92.77898196700005,12.65265534100007],[92.75473066500007,12.649562893000052],[92.72169030000003,12.599432684000078],[92.71778405000003,12.362494208000044],[92.73365319100003,12.318060614000046],[92.77849368600005,12.310126044000071],[92.79265384200005,12.296372789000088],[92.79420006600003,12.28318919500009],[92.75879967500003,12.276556708000044],[92.75855553500003,12.26593659100007],[92.78239993600005,12.248602606000077],[92.79265384200005,12.20766836100006],[92.78402754000007,12.18935781500005],[92.72779381600003,12.17283763200004],[92.72095787900008,12.22654857000009],[92.71306399800005,12.232570705000057],[92.69711347700007,12.20766836100006],[92.68181399800005,12.219631252000056],[92.64014733200008,12.136135158000059],[92.64185631600003,12.036322333000044],[92.62134850400008,11.987941799000055],[92.62940514400003,11.943752346000053],[92.61768639400003,11.866400458000044],[92.60767662900008,11.88279857000009],[92.61451256600003,11.899115302000041],[92.59473717500003,11.89874909100007],[92.57056725400008,11.93260325700004],[92.52491295700008,11.857489325000074],[92.56666100400008,11.82713450700004],[92.56324303500003,11.72557200700004],[92.57984459700003,11.714178778000075],[92.60377037900008,11.718898830000057],[92.61963951900003,11.651312567000048],[92.64869225400008,11.638495184000078],[92.62134850400008,11.61859772300005],[92.62566165500004,11.595404364000046],[92.65463300900007,11.573797919000071],[92.65894616000003,11.546291408000059],[92.71697024800005,11.49445221600007],[92.73511803500003,11.523871161000045],[92.74756920700008,11.597845770000049],[92.76539147200003,11.61859772300005],[92.76148522200003,11.663641669000071],[92.73601321700005,11.682440497000073],[92.73121178500003,11.652736721000053],[92.71070397200003,11.659572658000059],[92.71070397200003,11.62173086100006],[92.69678795700008,11.61123281500005],[92.68279056100005,11.615179755000042],[92.68392988400007,11.649888414000088],[92.72291100400008,11.693793036000045],[92.76002037900008,11.708685614000046],[92.79948978000004,11.899115302000041],[92.78793379000007,11.934515692000048],[92.76197350400008,11.940130927000041],[92.73747806100005,11.878648179000038],[92.74057050900007,11.983628648000092],[92.76368248800003,12.030951239000046],[92.79265384200005,12.036322333000044],[92.75749759200005,12.077460028000075],[92.79932701900003,12.089544989000046],[92.83366946700005,12.11823151200008],[92.82740319100003,12.140122789000088],[92.87452233200008,12.183742580000057],[92.87256920700008,12.20148346600007],[92.89421634200005,12.205023505000042],[92.87989342500003,12.24359772300005],[92.90015709700003,12.28318919500009],[92.87924238400007,12.312974351000037],[92.91504967500003,12.338364976000037],[92.86361738400007,12.38548411700009],[92.84669030000003,12.433539130000042],[92.90186608200008,12.433539130000042],[92.89503014400003,12.454657294000071],[92.93604576900003,12.41990794500009],[92.93864993600005,12.43813711100006],[92.97022545700008,12.468329169000071],[92.95590254000007,12.477443752000056],[92.99057050900007,12.519232489000046],[92.98902428500003,12.59210846600007],[92.97291100400008,12.628119208000044],[92.99048912900008,12.724310614000046],[92.95655358200008,12.783026434000078],[92.96802819100003,12.803168036000045],[92.96404056100005,12.864935614000046],[92.92448978000004,12.91437409100007],[92.91553795700008,12.919582424000055],[92.89633222700007,12.899725653000075],[92.87631269600007,12.91665273600006],[92.90528405000003,12.982245184000078],[92.92741946700005,12.981024481000077],[92.93604576900003,12.954291083000044],[92.95264733200008,12.970770575000074],[92.92839603000004,13.027492580000057],[92.93702233200008,13.067084052000041],[92.95655358200008,13.064154364000046],[92.96404056100005,13.084662177000041],[92.96404056100005,13.036851304000038],[92.97934004000007,13.02952708500004],[92.99057050900007,13.04368724200009],[93.01954186300003,13.033636786000045],[93.03679446700005,13.062160549000055],[93.05689537900008,13.224798895000049],[93.07943769600007,13.259833075000074],[93.05274498800003,13.283880927000041]]}},{"type":"Feature","properties":{"id":1660,"source":"Natural Earth","provenance":"REAL DATA"},"geometry":{"type":"LineString","coordinates":[[93.03907311300003,13.667466539000088],[93.03321373800003,13.680243231000077],[92.99057050900007,13.667466539000088],[93.05274498800003,13.640204169000071],[93.03907311300003,13.667466539000088]]}},{"type":"Feature","properties":{"id":1661,"source":"Natural Earth","provenance":"REAL DATA"},"geometry":{"type":"LineString","coordinates":[[97.93189537900008,13.85927969000005],[97.91871178500003,13.853257554000038],[97.91773522200003,13.783596096000053],[97.93816165500004,13.85179271000004],[97.93189537900008,13.85927969000005]]}},{"type":"Feature","properties":{"id":1662,"source":"Natural Earth","provenance":"REAL DATA"},"geometry":{"type":"LineString","coordinates":[[93.39600670700008,14.140448309000078],[93.39031009200005,14.15375397300005],[93.37484785200007,14.06468333500004],[93.39478600400008,14.076361395000049],[93.39600670700008,14.140448309000078]]}},{"type":"Feature","properties":{"id":1663,"source":"Natural Earth","provenance":"REAL DATA"},"geometry":{"type":"LineString","coordinates":[[93.67579186300003,14.859198309000078],[93.70443769600007,14.87099844000005],[93.72437584700003,14.913804429000038],[93.70386803500003,14.904445705000057],[93.67579186300003,14.859198309000078]]}},{"type":"Feature","properties":{"id":1664,"source":"Natural Earth","provenance":"REAL DATA"},"geometry":{"type":"LineString","coordinates":[[97.66439863400007,15.565578518000052],[97.65088951900003,15.592230536000045],[97.66439863400007,15.504095770000049],[97.67237389400003,15.533351955000057],[97.66439863400007,15.565578518000052]]}},{"type":"Feature","properties":{"id":1665,"source":"Natural Earth","provenance":"REAL DATA"},"geometry":{"type":"LineString","coordinates":[[94.82797285200007,15.932033596000053],[94.82325280000003,15.945786851000037],[94.80681399800005,15.93109772300005],[94.72486412900008,15.81195709800005],[94.77784264400003,15.791571356000077],[94.80372155000003,15.796576239000046],[94.84156334700003,15.877427476000037],[94.82797285200007,15.932033596000053]]}},{"type":"Feature","properties":{"id":1666,"source":"Natural Earth","provenance":"REAL DATA"},"geometry":{"type":"LineString","coordinates":[[94.66211998800003,16.221869208000044],[94.64283287900008,16.24551015800006],[94.61158287900008,16.22174713700008],[94.51880944100003,16.120428778000075],[94.48536217500003,16.058986721000053],[94.38965905000003,16.000921942000048],[94.38233483200003,15.969631252000056],[94.41724694100003,15.871771552000041],[94.40267988400007,15.839260158000059],[94.43311608200003,15.869614976000037],[94.43677819100003,15.90070221600007],[94.47836347700007,15.942328192000048],[94.47803795700003,15.966131903000075],[94.56959069100003,16.005194403000075],[94.62964928500003,16.07518138200004],[94.66749108200003,16.171942450000074],[94.66211998800003,16.221869208000044]]}},{"type":"Feature","properties":{"id":1667,"source":"Natural Earth","provenance":"REAL DATA"},"geometry":{"type":"LineString","coordinates":[[97.58936608200003,16.415269273000092],[97.61060631600003,16.446234442000048],[97.60629316500007,16.483547268000052],[97.52051842500003,16.510891018000052],[97.45964603000004,16.477362372000073],[97.45476321700005,16.43691640800006],[97.48487389400003,16.36391836100006],[97.45926940600003,16.301362208000057],[97.51050866000003,16.25421784100007],[97.51685669700004,16.209823449000055],[97.54746101900008,16.199927595000077],[97.57136418100004,16.22269311900004],[97.56885826900003,16.298570054000038],[97.58936608200003,16.34015534100007],[97.58936608200003,16.415269273000092]]}},{"type":"Feature","properties":{"id":1668,"source":"Natural Earth","provenance":"REAL DATA"},"geometry":{"type":"LineString","coordinates":[[93.74537194100003,18.799994208000044],[93.74244225400008,18.872300523000035],[93.66334069100003,18.873195705000057],[93.62175540500004,18.91034577000005],[93.57715905000003,18.88190338700008],[93.48414147200003,18.87498607000009],[93.49781334700003,18.84088776200008],[93.64527428500003,18.679348049000055],[93.69312584700003,18.673773505000042],[93.73194420700008,18.68968333500004],[93.75904381600003,18.755560614000046],[93.74537194100003,18.799994208000044]]}},{"type":"Feature","properties":{"id":1669,"source":"Natural Earth","provenance":"REAL DATA"},"geometry":{"type":"LineString","coordinates":[[93.97071373800003,19.416937567000048],[93.88021894600007,19.47919342700004],[93.81999759200005,19.471502997000073],[93.72364342500003,19.556382554000038],[93.68816165500004,19.559475002000056],[93.64918053500003,19.51312897300005],[93.65658613400007,19.497381903000075],[93.64177493600005,19.492010809000078],[93.66911868600005,19.446478583000044],[93.73047936300003,19.419256903000075],[93.73804772200003,19.403265692000048],[93.72535241000003,19.386867580000057],[93.74984785200007,19.333319403000075],[93.80274498800003,19.276678778000075],[93.85694420700008,19.27887604400007],[93.86280358200008,19.307766018000052],[93.87517337300005,19.31391022300005],[93.88941491000003,19.299627997000073],[93.91716556100005,19.318304755000042],[93.96583092500003,19.363023179000038],[93.97071373800003,19.416937567000048]]}},{"type":"Feature","properties":{"id":1670,"source":"Natural Earth","provenance":"REAL DATA"},"geometry":{"type":"LineString","coordinates":[[93.50521894600007,19.80731842700004],[93.49878991000003,19.88703034100007],[93.44263756600003,19.93813711100006],[93.40284264400003,19.953070380000042],[93.44068444100003,19.810939846000053],[93.51197350400008,19.745835679000038],[93.51685631600003,19.777167059000078],[93.50521894600007,19.80731842700004]]}},{"type":"Feature","properties":{"id":1671,"source":"Natural Earth","provenance":"REAL DATA"},"geometry":{"type":"LineString","coordinates":[[92.96404056100005,20.03668854400007],[92.94646243600005,20.07050202000005],[92.91195722700007,20.08470286700009],[92.90943444100003,20.06509023600006],[93.00123131600003,19.906642971000053],[93.02491295700008,19.827826239000046],[93.01465905000003,19.905585028000075],[92.96404056100005,20.03668854400007]]}},{"type":"Feature","properties":{"id":1689,"source":"Natural Earth","provenance":"REAL DATA"},"geometry":{"type":"LineString","coordinates":[[88.87289472700007,21.595526434000078],[88.84131920700008,21.61399974200009],[88.83082116000003,21.577378648000035],[88.83871504000007,21.53192780200004],[88.90796959700003,21.53070709800005],[88.91130618600005,21.566880601000037],[88.87289472700007,21.595526434000078]]}},{"type":"Feature","properties":{"id":1691,"source":"Natural Earth","provenance":"REAL DATA"},"geometry":{"type":"LineString","coordinates":[[91.93555748800003,21.75999583500004],[91.93555748800003,21.78115469000005],[91.90121504000007,21.774318752000056],[91.90951582100007,21.72679271000004],[91.88770592500003,21.68496328300006],[91.89795983200008,21.743312893000052],[91.87232506600003,21.754828192000048],[91.85352623800003,21.725816148000035],[91.84791100400008,21.688788153000075],[91.87403405000003,21.581854559000078],[91.85523522200003,21.519476630000042],[91.87712649800005,21.481024481000077],[91.89966881600003,21.486029364000046],[91.89454186300003,21.506781317000048],[91.96111087300005,21.50617096600007],[91.97022545700008,21.523586330000057],[91.98389733200008,21.609198309000078],[91.93873131600003,21.71482982000009],[91.93555748800003,21.75999583500004]]}},{"type":"Feature","properties":{"id":1692,"source":"Natural Earth","provenance":"REAL DATA"},"geometry":{"type":"LineString","coordinates":[[88.05054772200003,21.70538971600007],[88.04224694100003,21.66815827000005],[88.05176842500003,21.64158763200004],[88.13941491000003,21.63031647300005],[88.14437910200007,21.65778229400007],[88.13257897200003,21.68496328300006],[88.16342207100007,21.705471096000053],[88.16700280000003,21.765448309000078],[88.14673912900008,21.86985911700009],[88.11931399800005,21.859523830000057],[88.05054772200003,21.70538971600007]]}},{"type":"Feature","properties":{"id":1693,"source":"Natural Earth","provenance":"REAL DATA"},"geometry":{"type":"LineString","coordinates":[[89.11573326900003,21.78115469000005],[89.09278405000003,21.793402411000045],[89.06763756600003,21.904364325000074],[89.04566491000003,21.91705963700008],[89.06381269600007,21.841457424000055],[89.05152428500003,21.79319896000004],[89.10230553500003,21.736761786000045],[89.13249759200005,21.721625067000048],[89.14470462300005,21.73932526200008],[89.13900800900007,21.766831773000035],[89.11573326900003,21.78115469000005]]}},{"type":"Feature","properties":{"id":1694,"source":"Natural Earth","provenance":"REAL DATA"},"geometry":{"type":"LineString","coordinates":[[88.63624108200008,21.92137278900009],[88.59864342500003,21.86985911700009],[88.58497155000003,21.826605536000045],[88.59180748800003,21.804388739000046],[88.64633222700007,21.787909247000073],[88.64918053500003,21.842352606000077],[88.67058353000004,21.907416083000044],[88.65015709700003,21.927435614000046],[88.63624108200008,21.92137278900009]]}},{"type":"Feature","properties":{"id":1695,"source":"Natural Earth","provenance":"REAL DATA"},"geometry":{"type":"LineString","coordinates":[[91.88770592500003,21.866156317000048],[91.86719811300003,21.93195221600007],[91.83253014400003,21.876695054000038],[91.83985436300003,21.825506903000075],[91.82398522200003,21.742621161000045],[91.83253014400003,21.725816148000035],[91.88770592500003,21.866156317000048]]}},{"type":"Feature","properties":{"id":1696,"source":"Natural Earth","provenance":"REAL DATA"},"geometry":{"type":"LineString","coordinates":[[88.08090254000007,21.849351304000038],[88.12501061300003,21.88865794500009],[88.13257897200003,21.920477606000077],[88.11890709700003,21.945013739000046],[88.09424889400003,21.937892971000053],[88.07732181100005,21.90460846600007],[88.07105553500003,21.873602606000077],[88.08090254000007,21.849351304000038]]}},{"type":"Feature","properties":{"id":1697,"source":"Natural Earth","provenance":"REAL DATA"},"geometry":{"type":"LineString","coordinates":[[90.59351647200003,21.98655833500004],[90.52198326900003,21.938788153000075],[90.51042728000004,21.89785390800006],[90.53150475400008,21.876695054000038],[90.50359134200005,21.862453518000052],[90.54078209700003,21.875921942000048],[90.56560306100005,21.917669989000046],[90.58082116000003,21.912502346000053],[90.59083092500003,21.93512604400007],[90.60661868600005,21.938788153000075],[90.59351647200003,21.98655833500004]]}},{"type":"Feature","properties":{"id":1698,"source":"Natural Earth","provenance":"REAL DATA"},"geometry":{"type":"LineString","coordinates":[[90.33220462300005,21.938788153000075],[90.31861412900008,21.89280833500004],[90.32292728000004,21.843898830000057],[90.34156334700003,21.860296942000048],[90.39429772200003,22.00023021000004],[90.37142988400007,21.99477773600006],[90.33220462300005,21.938788153000075]]}},{"type":"Feature","properties":{"id":1700,"source":"Natural Earth","provenance":"REAL DATA"},"geometry":{"type":"LineString","coordinates":[[90.38746178500003,22.048041083000044],[90.35865319100003,22.022691148000035],[90.33961022200003,21.972316799000055],[90.38111412900008,22.023098049000055],[90.38746178500003,22.048041083000044]]}},{"type":"Feature","properties":{"id":1701,"source":"Natural Earth","provenance":"REAL DATA"},"geometry":{"type":"LineString","coordinates":[[90.43523196700005,22.04120514500005],[90.41553795700008,22.038316148000035],[90.41187584700003,21.97601959800005],[90.39429772200003,21.938788153000075],[90.40235436300003,21.90688711100006],[90.41553795700008,21.900539455000057],[90.47632897200003,21.945013739000046],[90.48617597700007,21.97679271000004],[90.43523196700005,22.04120514500005]]}},{"type":"Feature","properties":{"id":1703,"source":"Natural Earth","provenance":"REAL DATA"},"geometry":{"type":"LineString","coordinates":[[90.54444420700008,22.061672268000052],[90.50359134200005,22.02411530200004],[90.50904381600003,21.99941640800006],[90.53834069100003,22.00023021000004],[90.55974368600005,22.02374909100007],[90.58619225400008,22.130560614000046],[90.59351647200003,22.10260651200008],[90.61345462300005,22.16404857000009],[90.50310306100005,22.09634023600006],[90.48365319100003,22.034979559000078],[90.53834069100003,22.068508205000057],[90.54444420700008,22.061672268000052]]}},{"type":"Feature","properties":{"id":1704,"source":"Natural Earth","provenance":"REAL DATA"},"geometry":{"type":"LineString","coordinates":[[90.94174238400007,22.205023505000042],[90.93555748800003,22.21246979400007],[90.92025800900007,22.16006094000005],[90.92937259200005,22.116888739000046],[90.94898522200003,22.121649481000077],[90.95671634200005,22.14484284100007],[90.95671634200005,22.198879299000055],[90.95118248800003,22.21246979400007],[90.94174238400007,22.205023505000042]]}},{"type":"Feature","properties":{"id":1706,"source":"Natural Earth","provenance":"REAL DATA"},"geometry":{"type":"LineString","coordinates":[[90.97641035200007,22.18577708500004],[90.99781334700003,22.23509349200009],[90.99691816500007,22.25348541900007],[90.98292076900003,22.25918203300006],[90.97641035200007,22.18577708500004]]}},{"type":"Feature","properties":{"id":1707,"source":"Natural Earth","provenance":"REAL DATA"},"geometry":{"type":"LineString","coordinates":[[90.95289147200003,22.22675202000005],[90.99439537900008,22.302069403000075],[90.97641035200007,22.363348700000074],[90.93718509200005,22.23273346600007],[90.95289147200003,22.22675202000005]]}},{"type":"Feature","properties":{"id":1708,"source":"Natural Earth","provenance":"REAL DATA"},"geometry":{"type":"LineString","coordinates":[[91.14884715400007,22.35705696800005],[91.09225698400007,22.391338292000057],[91.07480066300008,22.38858982700009],[91.05909264400003,22.19204336100006],[91.00511111500003,22.116821943000048],[91.02247155000003,22.094875393000052],[91.06329364900006,22.089847552000037],[91.14146765000004,22.146201361000067],[91.18678466200004,22.22775746500008],[91.17139733200008,22.319647528000075],[91.14884715400007,22.35705696800005]]}},{"type":"Feature","properties":{"id":1709,"source":"Natural Earth","provenance":"REAL DATA"},"geometry":{"type":"LineString","coordinates":[[90.61963951900003,22.424750067000048],[90.64014733200008,22.349676825000074],[90.64014733200008,22.308742580000057],[90.64039147200003,22.366034247000073],[90.64747155000003,22.38377513200004],[90.66114342500003,22.355902411000045],[90.65870201900003,22.37954336100006],[90.63314863400007,22.43162669500009],[90.60157311300003,22.44830963700008],[90.60141035200007,22.42918528900009],[90.61963951900003,22.424750067000048]]}},{"type":"Feature","properties":{"id":1710,"source":"Natural Earth","provenance":"REAL DATA"},"geometry":{"type":"LineString","coordinates":[[90.64747155000003,22.424750067000048],[90.66732832100007,22.43903229400007],[90.65349368600005,22.48346588700008],[90.64747155000003,22.424750067000048]]}},{"type":"Feature","properties":{"id":1711,"source":"Natural Earth","provenance":"REAL DATA"},"geometry":{"type":"LineString","coordinates":[[91.15861860500007,22.503423074000068],[91.12356215000005,22.48914556400007],[91.11370966000004,22.46141485000004],[91.15953324100008,22.45067424700005],[91.20101719800005,22.47219599600004],[91.21083048600008,22.495521457000052],[91.19998796600004,22.514694415000065],[91.15861860500007,22.503423074000068]]}},{"type":"Feature","properties":{"id":1712,"source":"Natural Earth","provenance":"REAL DATA"},"geometry":{"type":"LineString","coordinates":[[91.46755661400005,22.58630965100008],[91.44676458700008,22.57630398300006],[91.42378639900005,22.525301950000085],[91.44651727100006,22.453242453000087],[91.47605216500006,22.413317257000074],[91.50751921700004,22.396796588000086],[91.55517907800004,22.402031244000057],[91.55636062500008,22.478210170000068],[91.46755661400005,22.58630965100008]]}},{"type":"Feature","properties":{"id":1713,"source":"Natural Earth","provenance":"REAL DATA"},"geometry":{"type":"LineString","coordinates":[[90.79055251900007,22.495333023000057],[90.76694021600008,22.51753139100009],[90.74697855800008,22.59690680300008],[90.68409525200008,22.694372801000043],[90.65056399800005,22.78742096600007],[90.58545983200008,22.768052476000037],[90.55632571700005,22.674709377000056],[90.55876712300005,22.60293203300006],[90.64747155000003,22.54828522300005],[90.68181399800005,22.445257880000042],[90.68799889400003,22.37763092700004],[90.67847741000003,22.28278229400007],[90.63184655000003,22.182114976000037],[90.62224368600005,22.145086981000077],[90.63331139400003,22.123114325000074],[90.60352623800003,22.04401276200008],[90.61003665500004,22.02411530200004],[90.62598717500003,22.027167059000078],[90.68181399800005,22.10260651200008],[90.63941491000003,22.016099351000037],[90.64747155000003,21.99404531500005],[90.69166100400008,22.007025458000044],[90.75001061300003,22.075995184000078],[90.75733483200008,22.061672268000052],[90.77475019600007,22.075913804000038],[90.83619225400008,22.178168036000045],[90.83502200900006,22.339615964000075],[90.85502409100008,22.43466514000005],[90.79055251900007,22.495333023000057]]}},{"type":"Feature","properties":{"id":1714,"source":"Natural Earth","provenance":"REAL DATA"},"geometry":{"type":"LineString","coordinates":[[90.64525350300005,22.84928934900006],[90.59229576900003,22.88190338700008],[90.47339928500003,22.86513906500005],[90.45573978000004,22.767401434000078],[90.49284915500004,22.753241278000075],[90.52099282900008,22.71176534400007],[90.53461211700005,22.72877529100009],[90.53155868500005,22.769236749000072],[90.59095563400007,22.813918922000084],[90.67823326900003,22.808335679000038],[90.64525350300005,22.84928934900006]]}},{"type":"Feature","properties":{"id":1715,"source":"Natural Earth","provenance":"REAL DATA"},"geometry":{"type":"LineString","coordinates":[[90.66732832100007,22.95302969000005],[90.58619225400008,23.034898179000038],[90.56128991000003,23.03261953300006],[90.52800540500004,23.007635809000078],[90.50806725400008,22.975775458000044],[90.52409915500004,22.95302969000005],[90.59913170700008,22.95917389500005],[90.63624108200008,22.92133209800005],[90.66732832100007,22.91819896000004],[90.63331139400003,22.95302969000005],[90.66732832100007,22.95302969000005]]}},{"type":"Feature","properties":{"id":1716,"source":"Natural Earth","provenance":"REAL DATA"},"geometry":{"type":"LineString","coordinates":[[90.51042728000004,23.06903717700004],[90.45573978000004,23.06281159100007],[90.46949303500003,23.007635809000078],[90.51563561300003,23.051947333000044],[90.51042728000004,23.06903717700004]]}},{"type":"Feature","properties":{"id":1717,"source":"Natural Earth","provenance":"REAL DATA"},"geometry":{"type":"LineString","coordinates":[[90.52409915500004,23.32225169500009],[90.52955162900008,23.33356354400007],[90.58619225400008,23.30174388200004],[90.57764733200008,23.32363515800006],[90.53939863400007,23.350002346000053],[90.42969811300003,23.385158596000053],[90.43726647200003,23.361802476000037],[90.48707116000003,23.31903717700004],[90.52409915500004,23.32225169500009]]}},{"type":"Feature","properties":{"id":2298,"source":"Natural Earth","provenance":"REAL DATA"},"geometry":{"type":"LineString","coordinates":[[73.16309655000003,-0.6818173159999219],[73.17253665500004,-0.6885718729999439],[73.16586347700007,-0.6884091129999206],[73.16309655000003,-0.6818173159999219]]}},{"type":"Feature","properties":{"id":2299,"source":"Natural Earth","provenance":"REAL DATA"},"geometry":{"type":"LineString","coordinates":[[73.20411217500003,-0.6711565079999104],[73.19646243600005,-0.6813290339999298],[73.19141686300003,-0.6827938779999272],[73.19516035200007,-0.6744930969999245],[73.20411217500003,-0.6711565079999104]]}},{"type":"Feature","properties":{"id":2300,"source":"Natural Earth","provenance":"REAL DATA"},"geometry":{"type":"LineString","coordinates":[[73.12427819100003,-0.6561825499999259],[73.12696373800003,-0.666273695999962],[73.12387129000007,-0.6647274719999245],[73.12427819100003,-0.6561825499999259]]}},{"type":"Feature","properties":{"id":2303,"source":"Natural Earth","provenance":"REAL DATA"},"geometry":{"type":"LineString","coordinates":[[73.24000084700003,-0.6255835919999413],[73.22730553500008,-0.642836195999962],[73.22999108200008,-0.623304945999962],[73.24000084700003,-0.6255835919999413]]}},{"type":"Feature","properties":{"id":2306,"source":"Natural Earth","provenance":"REAL DATA"},"geometry":{"type":"LineString","coordinates":[[73.24675540500004,-0.5886369769999078],[73.24463951900003,-0.6071916649999594],[73.23633873800003,-0.5923804669999413],[73.24732506600003,-0.5778947899999594],[73.24675540500004,-0.5886369769999078]]}},{"type":"Feature","properties":{"id":2313,"source":"Natural Earth","provenance":"REAL DATA"},"geometry":{"type":"LineString","coordinates":[[73.43506920700008,-0.2836239559999285],[73.44304446700005,-0.29273853999995936],[73.44450931100005,-0.3042945289999466],[73.43523196700005,-0.29363372199992455],[73.43506920700008,-0.2836239559999285]]}},{"type":"Feature","properties":{"id":2325,"source":"Natural Earth","provenance":"REAL DATA"},"geometry":{"type":"LineString","coordinates":[[73.09546959700003,0.22801341400008823],[73.10434004000007,0.2196719420000477],[73.10287519600007,0.21344635600007678],[73.09888756600003,0.2163760440000715],[73.09546959700003,0.22801341400008823]]}},{"type":"Feature","properties":{"id":2326,"source":"Natural Earth","provenance":"REAL DATA"},"geometry":{"type":"LineString","coordinates":[[73.20899498800003,0.239976304000038],[73.21745853000004,0.23773834800005034],[73.21094811300003,0.232163804000038],[73.20899498800003,0.239976304000038]]}},{"type":"Feature","properties":{"id":2328,"source":"Natural Earth","provenance":"REAL DATA"},"geometry":{"type":"LineString","coordinates":[[73.03679446700005,0.2699242210000534],[73.03679446700005,0.2696800800000574],[73.04037519600007,0.2593447940000715],[73.03614342500003,0.2609317080000437],[73.03679446700005,0.2699242210000534]]}},{"type":"Feature","properties":{"id":2329,"source":"Natural Earth","provenance":"REAL DATA"},"geometry":{"type":"LineString","coordinates":[[73.37916100400008,0.28522370000007413],[73.37907962300005,0.2851830100000825],[73.36963951900003,0.28001536700008955],[73.37110436300003,0.2859561220000728],[73.37916100400008,0.28522370000007413]]}},{"type":"Feature","properties":{"id":2330,"source":"Natural Earth","provenance":"REAL DATA"},"geometry":{"type":"LineString","coordinates":[[72.98365319100003,0.3052432310000768],[72.98812910200007,0.3019066430000521],[72.98601321700005,0.29954661700008955],[72.98121178500008,0.30206940300007545],[72.98365319100003,0.3052432310000768]]}},{"type":"Feature","properties":{"id":2333,"source":"Natural Earth","provenance":"REAL DATA"},"geometry":{"type":"LineString","coordinates":[[73.51343834700003,0.3877627620000794],[73.51335696700005,0.3876813820000393],[73.50855553500008,0.38056061400004637],[73.50660241000008,0.3877627620000794],[73.51343834700003,0.3877627620000794]]}},{"type":"Feature","properties":{"id":2334,"source":"Natural Earth","provenance":"REAL DATA"},"geometry":{"type":"LineString","coordinates":[[72.95834394600007,0.4033063820000393],[72.95842532600005,0.4031436220000728],[72.96119225400008,0.39402903900008823],[72.95777428500008,0.39679596600007017],[72.95834394600007,0.4033063820000393]]}},{"type":"Feature","properties":{"id":2336,"source":"Natural Earth","provenance":"REAL DATA"},"geometry":{"type":"LineString","coordinates":[[72.94092858200008,0.49632396000004064],[72.94092858200008,0.496283270000049],[72.94060306100005,0.4872907570000393],[72.93702233200008,0.49363841400008823],[72.94092858200008,0.49632396000004064]]}},{"type":"Feature","properties":{"id":2337,"source":"Natural Earth","provenance":"REAL DATA"},"geometry":{"type":"LineString","coordinates":[[73.49195397200003,0.508002020000049],[73.49203535200007,0.5077985700000909],[73.49463951900003,0.4989688170000477],[73.48975670700008,0.50259023600006],[73.49195397200003,0.508002020000049]]}},{"type":"Feature","properties":{"id":2338,"source":"Natural Earth","provenance":"REAL DATA"},"geometry":{"type":"LineString","coordinates":[[73.38786868600005,0.6417503930000521],[73.38672936300003,0.63540273600006],[73.38477623800003,0.6355654970000728],[73.38355553500008,0.6389020850000406],[73.38786868600005,0.6417503930000521]]}},{"type":"Feature","properties":{"id":2341,"source":"Natural Earth","provenance":"REAL DATA"},"geometry":{"type":"LineString","coordinates":[[73.37305748800003,0.7630882830000587],[73.37183678500008,0.7565778670000896],[73.36996504000007,0.7570254580000437],[73.36882571700005,0.7604434270000411],[73.37305748800003,0.7630882830000587]]}},{"type":"Feature","properties":{"id":2345,"source":"Natural Earth","provenance":"REAL DATA"},"geometry":{"type":"LineString","coordinates":[[73.35385175900007,0.8477237000000741],[73.35287519600007,0.841538804000038],[73.35108483200008,0.8406436220000728],[73.34978274800005,0.8440615910000702],[73.35385175900007,0.8477237000000741]]}},{"type":"Feature","properties":{"id":2349,"source":"Natural Earth","provenance":"REAL DATA"},"geometry":{"type":"LineString","coordinates":[[97.92847741000003,0.9960798200000909],[97.89039147200003,1.0581729190000715],[97.83627363400007,1.0699730490000547],[97.79224694100003,1.1439883480000503],[97.69361412900008,1.1860212260000935],[97.48633873800003,1.4765485700000909],[97.44166100400008,1.4796817080000437],[97.41675866000003,1.5192324890000464],[97.39161217500003,1.508937893000052],[97.34978274800005,1.5453962260000935],[97.33545983200003,1.5376651060000768],[97.32105553500003,1.4740664730000503],[97.23585045700003,1.416693427000041],[97.16480553500003,1.4107119810000768],[97.13949629000007,1.4321963560000768],[97.10694420700003,1.4360212260000935],[97.06364993600005,1.4152285830000437],[97.06861412900008,1.3945987000000741],[97.08228600400008,1.4076195330000587],[97.12842858200003,1.382635809000078],[97.16822350400008,1.3428408870000794],[97.19157962300005,1.297756252000056],[97.24724368600005,1.2670352230000503],[97.25684655000003,1.23501211100006],[97.30827884200005,1.1748721370000794],[97.37159264400003,1.0597598330000437],[97.39535566500007,0.9448916690000715],[97.47934004000007,0.9434268250000741],[97.49187259200005,0.9330101580000587],[97.48633873800003,0.9142113300000574],[97.61378014400003,0.8235537780000755],[97.65919030000003,0.7153994810000768],[97.65821373800003,0.6746279970000728],[97.69092858200003,0.6242129580000437],[97.67872155000003,0.5988630230000922],[97.70411217500003,0.5727399760000935],[97.72641035200007,0.5851911480000922],[97.76417076900003,0.5675723330000437],[97.77426191500007,0.5851911480000922],[97.81934655000003,0.5585391300000424],[97.87427819100003,0.6220156920000477],[97.90406334700003,0.814886786000045],[97.90137780000003,0.9059512390000464],[97.93441816500007,0.9636091170000896],[97.93921959700003,0.986070054000038],[97.92847741000003,0.9960798200000909]]}},{"type":"Feature","properties":{"id":2361,"source":"Natural Earth","provenance":"REAL DATA"},"geometry":{"type":"LineString","coordinates":[[72.83139082100007,3.510565497000073],[72.83513431100005,3.5054385440000715],[72.83106530000003,3.5035667990000547],[72.82797285200007,3.5054385440000715],[72.83139082100007,3.510565497000073]]}},{"type":"Feature","properties":{"id":2362,"source":"Natural Earth","provenance":"REAL DATA"},"geometry":{"type":"LineString","coordinates":[[72.79371178500008,3.5169131530000755],[72.79517662900008,3.5146345070000393],[72.79883873800003,3.5119489600000406],[72.79118899800005,3.510891018000052],[72.79371178500008,3.5169131530000755]]}},{"type":"Feature","properties":{"id":2363,"source":"Natural Earth","provenance":"REAL DATA"},"geometry":{"type":"LineString","coordinates":[[72.92839603000004,3.551906643000052],[72.91179446700005,3.5417341170000896],[72.91163170700008,3.54165273600006],[72.91993248800003,3.5521507830000587],[72.92839603000004,3.551906643000052]]}},{"type":"Feature","properties":{"id":2364,"source":"Natural Earth","provenance":"REAL DATA"},"geometry":{"type":"LineString","coordinates":[[72.94190514400003,3.6188418640000464],[72.94556725400008,3.613714911000045],[72.94157962300005,3.6118838560000768],[72.93848717500003,3.613714911000045],[72.94190514400003,3.6188418640000464]]}},{"type":"Feature","properties":{"id":2365,"source":"Natural Earth","provenance":"REAL DATA"},"geometry":{"type":"LineString","coordinates":[[72.69255618600005,3.7269554710000534],[72.69743899800005,3.718817450000074],[72.69459069100003,3.7149925800000574],[72.68970787900008,3.7179629580000437],[72.69255618600005,3.7269554710000534]]}},{"type":"Feature","properties":{"id":2369,"source":"Natural Earth","provenance":"REAL DATA"},"geometry":{"type":"LineString","coordinates":[[73.47730553500008,3.9421247420000896],[73.46998131600003,3.9351260440000715],[73.46753991000008,3.933661200000074],[73.46924889400003,3.9369570980000503],[73.47730553500008,3.9421247420000896]]}},{"type":"Feature","properties":{"id":2370,"source":"Natural Earth","provenance":"REAL DATA"},"geometry":{"type":"LineString","coordinates":[[72.70313561300003,4.003322658000059],[72.70671634200005,3.9979515650000508],[72.70460045700008,3.99640534100007],[72.69906660200007,3.9994570980000503],[72.70313561300003,4.003322658000059]]}},{"type":"Feature","properties":{"id":2372,"source":"Natural Earth","provenance":"REAL DATA"},"geometry":{"type":"LineString","coordinates":[[73.50814863400007,4.103583075000074],[73.50831139400003,4.093410549000055],[73.50831139400003,4.0933291690000715],[73.50228925900007,4.100775458000044],[73.50814863400007,4.103583075000074]]}},{"type":"Feature","properties":{"id":2373,"source":"Natural Earth","provenance":"REAL DATA"},"geometry":{"type":"LineString","coordinates":[[72.97046959700003,4.26593659100007],[72.97559655000003,4.26235586100006],[72.97575931100005,4.26040273600006],[72.97250410200007,4.26040273600006],[72.97046959700003,4.26593659100007]]}},{"type":"Feature","properties":{"id":2374,"source":"Natural Earth","provenance":"REAL DATA"},"geometry":{"type":"LineString","coordinates":[[73.70281009200005,4.434719143000052],[73.70085696700005,4.43227773600006],[73.69743899800005,4.431382554000038],[73.70281009200005,4.434719143000052]]}},{"type":"Feature","properties":{"id":2375,"source":"Natural Earth","provenance":"REAL DATA"},"geometry":{"type":"LineString","coordinates":[[73.70281009200005,4.453029690000051],[73.69996178500008,4.4516462260000935],[73.69988040500004,4.449164130000042],[73.70264733200008,4.4529076190000865],[73.70281009200005,4.453029690000051]]}},{"type":"Feature","properties":{"id":2376,"source":"Natural Earth","provenance":"REAL DATA"},"geometry":{"type":"LineString","coordinates":[[73.37671959700003,4.474432684000078],[73.37728925900007,4.465277411000045],[73.37387129000007,4.466986395000049],[73.37671959700003,4.474432684000078]]}},{"type":"Feature","properties":{"id":2379,"source":"Natural Earth","provenance":"REAL DATA"},"geometry":{"type":"LineString","coordinates":[[73.40495853000004,4.634995835000041],[73.40528405000003,4.628404039000088],[73.40300540500004,4.6274274760000935],[73.40121504000007,4.629828192000048],[73.40495853000004,4.634995835000041]]}},{"type":"Feature","properties":{"id":2380,"source":"Natural Earth","provenance":"REAL DATA"},"geometry":{"type":"LineString","coordinates":[[73.49048912900008,4.7233747420000896],[73.49073326900003,4.716742255000042],[73.48845462300005,4.715969143000052],[73.48666425900007,4.71820709800005],[73.49048912900008,4.7233747420000896]]}},{"type":"Feature","properties":{"id":2381,"source":"Natural Earth","provenance":"REAL DATA"},"geometry":{"type":"LineString","coordinates":[[72.97934004000007,4.895453192000048],[72.97934004000007,4.895371812000064],[72.96949303500008,4.880519924000055],[72.97266686300003,4.894354559000078],[72.97934004000007,4.895453192000048]]}},{"type":"Feature","properties":{"id":2382,"source":"Natural Earth","provenance":"REAL DATA"},"geometry":{"type":"LineString","coordinates":[[72.91749108200008,4.898586330000057],[72.92090905000003,4.897853908000059],[72.92286217500003,4.89907461100006],[72.91749108200008,4.898586330000057]]}},{"type":"Feature","properties":{"id":2383,"source":"Natural Earth","provenance":"REAL DATA"},"geometry":{"type":"LineString","coordinates":[[73.44727623800003,4.97134023600006],[73.43653405000003,4.969875393000052],[73.44117272200003,4.97492096600007],[73.44727623800003,4.97134023600006]]}},{"type":"Feature","properties":{"id":2384,"source":"Natural Earth","provenance":"REAL DATA"},"geometry":{"type":"LineString","coordinates":[[72.91285241000008,5.034084377000056],[72.91016686300003,5.032700914000088],[72.90919030000003,5.0305850280000755],[72.90943444100003,5.03078847900008],[72.91285241000008,5.034084377000056]]}},{"type":"Feature","properties":{"id":2385,"source":"Natural Earth","provenance":"REAL DATA"},"geometry":{"type":"LineString","coordinates":[[72.92774498800003,5.036525783000059],[72.92709394600007,5.0339216170000896],[72.92432701900003,5.033026434000078],[72.92774498800003,5.036525783000059]]}},{"type":"Feature","properties":{"id":2386,"source":"Natural Earth","provenance":"REAL DATA"},"geometry":{"type":"LineString","coordinates":[[73.04476972700007,5.1218122420000896],[73.04346764400003,5.118841864000046],[73.04127037900008,5.118394273000092],[73.04476972700007,5.1218122420000896]]}},{"type":"Feature","properties":{"id":2387,"source":"Natural Earth","provenance":"REAL DATA"},"geometry":{"type":"LineString","coordinates":[[73.04908287900008,5.1332868510000935],[73.05144290500004,5.126654364000046],[73.04761803500008,5.126369533000059],[73.04525800900007,5.128892320000091],[73.04908287900008,5.1332868510000935]]}},{"type":"Feature","properties":{"id":2388,"source":"Natural Earth","provenance":"REAL DATA"},"geometry":{"type":"LineString","coordinates":[[73.09131920700008,5.161363023000092],[73.09099368600005,5.15851471600007],[73.08773847700007,5.157945054000038],[73.09131920700008,5.161363023000092]]}},{"type":"Feature","properties":{"id":2389,"source":"Natural Earth","provenance":"REAL DATA"},"geometry":{"type":"LineString","coordinates":[[73.10385175900007,5.173041083000044],[73.10710696700005,5.170965887000079],[73.11052493600005,5.170314846000053],[73.10417728000004,5.172919012000079],[73.10385175900007,5.173041083000044]]}},{"type":"Feature","properties":{"id":2390,"source":"Natural Earth","provenance":"REAL DATA"},"geometry":{"type":"LineString","coordinates":[[72.86011803500008,5.237941799000055],[72.85922285200007,5.235500393000052],[72.85661868600005,5.234442450000074],[72.86011803500008,5.237941799000055]]}},{"type":"Feature","properties":{"id":2391,"source":"Natural Earth","provenance":"REAL DATA"},"geometry":{"type":"LineString","coordinates":[[73.13184655000003,5.244574286000045],[73.13184655000003,5.24249909100007],[73.12842858200008,5.241156317000048],[73.13184655000003,5.244574286000045]]}},{"type":"Feature","properties":{"id":2392,"source":"Natural Earth","provenance":"REAL DATA"},"geometry":{"type":"LineString","coordinates":[[73.49976647200003,5.246893622000073],[73.49724368600005,5.245021877000056],[73.49382571700005,5.245998440000051],[73.49976647200003,5.246893622000073]]}},{"type":"Feature","properties":{"id":2393,"source":"Natural Earth","provenance":"REAL DATA"},"geometry":{"type":"LineString","coordinates":[[73.59359785200007,5.282700914000088],[73.58285566500007,5.275580145000049],[73.56999759200005,5.276760158000059],[73.58204186300003,5.281805731000077],[73.59359785200007,5.282700914000088]]}},{"type":"Feature","properties":{"id":2394,"source":"Natural Earth","provenance":"REAL DATA"},"geometry":{"type":"LineString","coordinates":[[73.11280358200008,5.298570054000038],[73.10922285200007,5.296698309000078],[73.10922285200007,5.295152085000041],[73.11264082100007,5.298447984000063],[73.11280358200008,5.298570054000038]]}},{"type":"Feature","properties":{"id":2395,"source":"Natural Earth","provenance":"REAL DATA"},"geometry":{"type":"LineString","coordinates":[[73.47022545700008,5.307766018000052],[73.46705162900008,5.308335679000038],[73.46420332100007,5.306830145000049],[73.47014407600005,5.3077253280000605],[73.47022545700008,5.307766018000052]]}},{"type":"Feature","properties":{"id":2396,"source":"Natural Earth","provenance":"REAL DATA"},"geometry":{"type":"LineString","coordinates":[[73.62956790500004,5.332831122000073],[73.62720787900008,5.331122137000079],[73.62330162900008,5.331854559000078],[73.62956790500004,5.332831122000073]]}},{"type":"Feature","properties":{"id":2397,"source":"Natural Earth","provenance":"REAL DATA"},"geometry":{"type":"LineString","coordinates":[[73.64665774800005,5.343247789000088],[73.64340254000007,5.343939520000049],[73.63990319100003,5.342189846000053],[73.64649498800003,5.343247789000088],[73.64665774800005,5.343247789000088]]}},{"type":"Feature","properties":{"id":2399,"source":"Natural Earth","provenance":"REAL DATA"},"geometry":{"type":"LineString","coordinates":[[72.95313561300003,5.352769273000092],[72.95240319100003,5.3500837260000935],[72.94955488400007,5.349310614000046],[72.95313561300003,5.352769273000092]]}},{"type":"Feature","properties":{"id":2400,"source":"Natural Earth","provenance":"REAL DATA"},"geometry":{"type":"LineString","coordinates":[[73.39747155000003,5.362209377000056],[73.39869225400008,5.359605210000041],[73.40121504000007,5.356146552000041],[73.39616946700005,5.357123114000046],[73.39747155000003,5.362209377000056]]}},{"type":"Feature","properties":{"id":2401,"source":"Natural Earth","provenance":"REAL DATA"},"geometry":{"type":"LineString","coordinates":[[73.32325280000003,5.368231512000079],[73.32488040500004,5.3667666690000715],[73.33008873800003,5.366848049000055],[73.31918379000007,5.362941799000055],[73.32325280000003,5.368231512000079]]}},{"type":"Feature","properties":{"id":2403,"source":"Natural Earth","provenance":"REAL DATA"},"geometry":{"type":"LineString","coordinates":[[73.35075931100005,5.427679755000042],[73.34750410200007,5.428778387000079],[73.34457441500007,5.426743882000039],[73.34489993600005,5.426825262000079],[73.35075931100005,5.427679755000042]]}},{"type":"Feature","properties":{"id":2404,"source":"Natural Earth","provenance":"REAL DATA"},"geometry":{"type":"LineString","coordinates":[[73.53744550900007,5.451402085000041],[73.53492272200003,5.44985586100006],[73.53126061300003,5.450425523000092],[73.53744550900007,5.451402085000041]]}},{"type":"Feature","properties":{"id":2405,"source":"Natural Earth","provenance":"REAL DATA"},"geometry":{"type":"LineString","coordinates":[[73.36296634200005,5.463080145000049],[73.36312910200007,5.459377346000053],[73.36068769600007,5.457831122000073],[73.36296634200005,5.463080145000049]]}},{"type":"Feature","properties":{"id":2406,"source":"Natural Earth","provenance":"REAL DATA"},"geometry":{"type":"LineString","coordinates":[[72.94312584700003,5.467596747000073],[72.94027754000007,5.462144273000092],[72.93824303500008,5.461493231000077],[72.93702233200008,5.4655622420000896],[72.94312584700003,5.467596747000073]]}},{"type":"Feature","properties":{"id":2407,"source":"Natural Earth","provenance":"REAL DATA"},"geometry":{"type":"LineString","coordinates":[[73.01587975400008,5.492865302000041],[73.01303144600007,5.487453518000052],[73.01099694100003,5.4868024760000935],[73.00977623800003,5.490912177000041],[73.01587975400008,5.492865302000041]]}},{"type":"Feature","properties":{"id":2408,"source":"Natural Earth","provenance":"REAL DATA"},"geometry":{"type":"LineString","coordinates":[[73.46241295700008,5.54360586100006],[73.45932050900007,5.5417341170000896],[73.45630944100003,5.542669989000046],[73.46241295700008,5.54360586100006]]}},{"type":"Feature","properties":{"id":2409,"source":"Natural Earth","provenance":"REAL DATA"},"geometry":{"type":"LineString","coordinates":[[73.00562584700003,5.713324286000045],[73.00228925900007,5.707098700000074],[72.99976647200003,5.706976630000042],[72.99878991000008,5.711981512000079],[73.00562584700003,5.713324286000045]]}},{"type":"Feature","properties":{"id":2412,"source":"Natural Earth","provenance":"REAL DATA"},"geometry":{"type":"LineString","coordinates":[[72.94939212300005,6.349798895000049],[72.95394941500007,6.345607815000051],[72.95313561300003,6.343491929000038],[72.94849694100003,6.344427802000041],[72.94939212300005,6.349798895000049]]}},{"type":"Feature","properties":{"id":2414,"source":"Natural Earth","provenance":"REAL DATA"},"geometry":{"type":"LineString","coordinates":[[72.89258873800003,6.452093817000048],[72.89722741000008,6.44790273600006],[72.89633222700007,6.4457868510000935],[72.89087975400008,6.448228257000039],[72.89258873800003,6.452093817000048]]}},{"type":"Feature","properties":{"id":2914,"source":"Natural Earth","provenance":"REAL DATA"},"geometry":{"type":"LineString","coordinates":[[72.17269941500007,10.80923086100006],[72.20004316500007,10.864447333000044],[72.20004316500007,10.878119208000044],[72.17904707100007,10.84870026200008],[72.17269941500007,10.80923086100006]]}},{"type":"Feature","properties":{"id":2916,"source":"Natural Earth","provenance":"REAL DATA"},"geometry":{"type":"LineString","coordinates":[[72.78907311300003,11.261664130000042],[72.77035566500007,11.203680731000077],[72.77540123800003,11.18659088700008],[72.79558353000004,11.257228908000059],[72.78907311300003,11.261664130000042]]}},{"type":"Feature","properties":{"id":2936,"source":"Natural Earth","provenance":"REAL DATA"},"geometry":{"type":"LineString","coordinates":[[55.83619225400008,17.49091217700004],[55.87582441500007,17.495917059000078],[55.89087975400008,17.50458405200004],[55.86296634200005,17.518866278000075],[55.83708743600005,17.51007721600007],[55.83619225400008,17.49091217700004]]}},{"type":"Feature","properties":{"id":2937,"source":"Natural Earth","provenance":"REAL DATA"},"geometry":{"type":"LineString","coordinates":[[56.055349155000044,17.559800523000092],[55.96420332100007,17.519924221000053],[55.97282962300005,17.49835846600007],[56.046885613000086,17.493353583000044],[56.09555097700007,17.518866278000075],[56.06788170700008,17.53221263200004],[56.055349155000044,17.559800523000092]]}},{"type":"Feature","properties":{"id":2940,"source":"Natural Earth","provenance":"REAL DATA"},"geometry":{"type":"LineString","coordinates":[[58.906260613000086,20.62604401200008],[58.918304884000065,20.681341864000046],[58.906260613000086,20.69798411700009],[58.88257897200003,20.682521877000056],[58.85287519600007,20.613348700000074],[58.795583530000044,20.538397528000075],[58.76889082100007,20.451605536000045],[58.70069420700008,20.43109772300005],[58.69385826900003,20.407171942000048],[58.64820397200003,20.368841864000046],[58.63591556100005,20.277004299000055],[58.65219160200007,20.170477606000077],[58.674571160000085,20.179510809000078],[58.69125410200007,20.20774974200009],[58.72429446700005,20.21515534100007],[58.785166863000086,20.27952708500004],[58.80827884200005,20.37958405200004],[58.844086134000065,20.437323309000078],[58.95004316500007,20.508937893000052],[58.906260613000086,20.62604401200008]]}},{"type":"Feature","properties":{"id":2946,"source":"Natural Earth","provenance":"REAL DATA"},"geometry":{"type":"LineString","coordinates":[[67.37549889400003,24.06273021000004],[67.39340254000007,24.02806224200009],[67.42693118600005,24.007513739000046],[67.45394941500007,24.013413804000038],[67.46517988400007,24.04059479400007],[67.48536217500003,24.048529364000046],[67.45801842500003,24.06273021000004],[67.39039147200003,24.049261786000045],[67.37549889400003,24.06273021000004]]}},{"type":"Feature","properties":{"id":2957,"source":"Natural Earth","provenance":"REAL DATA"},"geometry":{"type":"LineString","coordinates":[[56.322276238000086,26.834418036000045],[56.34099368600005,26.82762278900009],[56.37916100400008,26.838690497000073],[56.409190300000034,26.862250067000048],[56.40414472700007,26.893052476000037],[56.34115644600007,26.879339911000045],[56.322276238000086,26.834418036000045]]}},{"type":"Feature","properties":{"id":2958,"source":"Natural Earth","provenance":"REAL DATA"},"geometry":{"type":"LineString","coordinates":[[56.21241295700008,27.00299713700008],[56.041026238000086,26.97565338700008],[55.935557488000086,26.91478099200009],[55.89771569100009,26.906805731000077],[55.75798587300005,26.954046942000048],[55.73259524800005,26.94090403900009],[55.78101647200003,26.88963450700004],[55.78565514400003,26.844956773000035],[55.76677493600005,26.81053294500009],[55.774180535000085,26.796942450000074],[55.64039147200003,26.760565497000073],[55.574229363000086,26.72068919500009],[55.40479576900003,26.67401764500005],[55.351898634000065,26.64744700700004],[55.28467858200008,26.660223700000074],[55.273773634000065,26.64980703300006],[55.28923587300005,26.61359284100007],[55.28060957100007,26.58466217700004],[55.29053795700008,26.548488674000055],[55.31983483200008,26.54828522300005],[55.33961022200003,26.56899648600006],[55.36955813900005,26.564113674000055],[55.502940300000034,26.594875393000052],[55.685557488000086,26.69049713700008],[55.77271569100009,26.688381252000056],[55.87663821700005,26.74290599200009],[55.94703209700003,26.69627513200004],[56.080821160000085,26.78534577000005],[56.19353274800005,26.92454661700009],[56.287445509000065,26.955145575000074],[56.25766035200007,26.988714911000045],[56.21241295700008,27.00299713700008]]}},{"type":"Feature","properties":{"id":2960,"source":"Natural Earth","provenance":"REAL DATA"},"geometry":{"type":"LineString","coordinates":[[56.472992384000065,27.106024481000077],[56.43685957100007,27.080023505000042],[56.434580925000034,27.054836330000057],[56.46615644600007,27.04393138200004],[56.50473066500007,27.061672268000052],[56.504649285000085,27.08893463700008],[56.472992384000065,27.106024481000077]]}},{"type":"Feature","properties":{"id":3151,"source":"Natural Earth","provenance":"REAL DATA"},"geometry":{"type":"LineString","coordinates":[[73.09750410200007,-0.5997046849999492],[73.10499108200008,-0.5791968729999439],[73.09115644600007,-0.5860328099999492],[73.09489993600005,-0.6046688779999272],[73.11866295700008,-0.6412899719999245],[73.09750410200007,-0.5997046849999492]]}},{"type":"Feature","properties":{"id":3167,"source":"Natural Earth","provenance":"REAL DATA"},"geometry":{"type":"LineString","coordinates":[[73.36500084700003,1.7910830750000741],[73.36516360800005,1.7910423850000825],[73.37582441500007,1.7885602890000882],[73.36817467500003,1.782945054000038],[73.36500084700003,1.7910830750000741]]}},{"type":"Feature","properties":{"id":3168,"source":"Natural Earth","provenance":"REAL DATA"},"geometry":{"type":"LineString","coordinates":[[73.40023847700007,1.8063418640000464],[73.40211022200003,1.795599677000041],[73.39437910200007,1.794745184000078],[73.39478600400008,1.7987735050000424],[73.40023847700007,1.8063418640000464]]}},{"type":"Feature","properties":{"id":3169,"source":"Natural Earth","provenance":"REAL DATA"},"geometry":{"type":"LineString","coordinates":[[73.45264733200008,1.82680898600006],[73.46363366000008,1.8263207050000574],[73.45671634200005,1.8203799500000741],[73.45264733200008,1.82680898600006]]}},{"type":"Feature","properties":{"id":3170,"source":"Natural Earth","provenance":"REAL DATA"},"geometry":{"type":"LineString","coordinates":[[73.51807701900003,1.8427188170000477],[73.49919681100005,1.8277041690000715],[73.49805748800003,1.828802802000041],[73.50228925900007,1.8349063170000477],[73.51807701900003,1.8427188170000477]]}},{"type":"Feature","properties":{"id":3171,"source":"Natural Earth","provenance":"REAL DATA"},"geometry":{"type":"LineString","coordinates":[[73.53646894600007,1.8701032570000393],[73.53296959700003,1.8616397160000702],[73.53239993600005,1.8600934920000896],[73.53150475400008,1.8635114600000406],[73.53646894600007,1.8701032570000393]]}},{"type":"Feature","properties":{"id":3172,"source":"Natural Earth","provenance":"REAL DATA"},"geometry":{"type":"LineString","coordinates":[[73.25171959700003,1.892401434000078],[73.24366295700008,1.8887393250000741],[73.24398847700007,1.8941104190000715],[73.25171959700003,1.892401434000078]]}},{"type":"Feature","properties":{"id":3173,"source":"Natural Earth","provenance":"REAL DATA"},"geometry":{"type":"LineString","coordinates":[[73.55307050900007,1.9324404970000728],[73.54883873800003,1.9113630230000922],[73.54086347700007,1.892401434000078],[73.54981530000003,1.9249942080000437],[73.55307050900007,1.9324404970000728]]}},{"type":"Feature","properties":{"id":3174,"source":"Natural Earth","provenance":"REAL DATA"},"geometry":{"type":"LineString","coordinates":[[73.55005944100003,1.976385809000078],[73.54981530000003,1.9656843120000644],[73.54981530000003,1.965521552000041],[73.54769941500007,1.9683291690000715],[73.55005944100003,1.976385809000078]]}},{"type":"Feature","properties":{"id":3175,"source":"Natural Earth","provenance":"REAL DATA"},"geometry":{"type":"LineString","coordinates":[[73.31723066500007,1.9914004580000437],[73.32325280000003,1.9864769550000574],[73.31836998800003,1.983099677000041],[73.31544030000003,1.985052802000041],[73.31723066500007,1.9914004580000437]]}},{"type":"Feature","properties":{"id":3176,"source":"Natural Earth","provenance":"REAL DATA"},"geometry":{"type":"LineString","coordinates":[[73.54420006600003,2.026597398000092],[73.54297936300003,2.022162177000041],[73.54029381600003,2.0225283870000794],[73.54224694100003,2.024562893000052],[73.54420006600003,2.026597398000092]]}},{"type":"Feature","properties":{"id":3177,"source":"Natural Earth","provenance":"REAL DATA"},"geometry":{"type":"LineString","coordinates":[[73.38697350400008,2.033026434000078],[73.38624108200008,2.0303408870000794],[73.38697350400008,2.0286319030000755],[73.38697350400008,2.033026434000078]]}},{"type":"Feature","properties":{"id":3179,"source":"Natural Earth","provenance":"REAL DATA"},"geometry":{"type":"LineString","coordinates":[[73.55567467500003,2.0825056010000935],[73.55144290500004,2.07257721600007],[73.55144290500004,2.0724144550000574],[73.55128014400003,2.0780703800000424],[73.55567467500003,2.0825056010000935]]}},{"type":"Feature","properties":{"id":3180,"source":"Natural Earth","provenance":"REAL DATA"},"geometry":{"type":"LineString","coordinates":[[73.56763756600003,2.1099307310000768],[73.58537845100005,2.1096052100000406],[73.58545983200008,2.1096052100000406],[73.56177819100003,2.0947126320000393],[73.56763756600003,2.1099307310000768]]}},{"type":"Feature","properties":{"id":3182,"source":"Natural Earth","provenance":"REAL DATA"},"geometry":{"type":"LineString","coordinates":[[73.04371178500008,2.166449286000045],[73.04135175900007,2.16469961100006],[73.03825931100005,2.1645368510000935],[73.03842207100007,2.1646182310000768],[73.04371178500008,2.166449286000045]]}},{"type":"Feature","properties":{"id":3183,"source":"Natural Earth","provenance":"REAL DATA"},"geometry":{"type":"LineString","coordinates":[[73.10385175900007,2.1865908870000794],[73.10230553500008,2.1809756530000755],[73.09945722700007,2.18195221600007],[73.09888756600003,2.1846377620000794],[73.10385175900007,2.1865908870000794]]}},{"type":"Feature","properties":{"id":3184,"source":"Natural Earth","provenance":"REAL DATA"},"geometry":{"type":"LineString","coordinates":[[73.11548912900008,2.1996931010000935],[73.11687259200005,2.1976585960000534],[73.12086022200003,2.1917992210000534],[73.11500084700003,2.1917992210000534],[73.11548912900008,2.1996931010000935]]}},{"type":"Feature","properties":{"id":3185,"source":"Natural Earth","provenance":"REAL DATA"},"geometry":{"type":"LineString","coordinates":[[72.94841556100005,2.2748884140000882],[72.94629967500003,2.272365627000056],[72.94312584700003,2.2730166690000715],[72.94841556100005,2.2748884140000882]]}},{"type":"Feature","properties":{"id":3186,"source":"Natural Earth","provenance":"REAL DATA"},"geometry":{"type":"LineString","coordinates":[[72.92611738400007,2.3274600280000755],[72.92701256600003,2.3160667990000547],[72.92253665500004,2.319566148000092],[72.92611738400007,2.3274600280000755]]}},{"type":"Feature","properties":{"id":3187,"source":"Natural Earth","provenance":"REAL DATA"},"geometry":{"type":"LineString","coordinates":[[73.34400475400008,2.3480492210000534],[73.34359785200007,2.344183661000045],[73.34205162900008,2.34210846600007],[73.34400475400008,2.3480492210000534]]}},{"type":"Feature","properties":{"id":3188,"source":"Natural Earth","provenance":"REAL DATA"},"geometry":{"type":"LineString","coordinates":[[73.35425866000008,2.4372012390000464],[73.36622155000003,2.4115257830000587],[73.36255944100003,2.3849144550000574],[73.35385175900007,2.4290225280000755],[73.35425866000008,2.4372012390000464]]}},{"type":"Feature","properties":{"id":3189,"source":"Natural Earth","provenance":"REAL DATA"},"geometry":{"type":"LineString","coordinates":[[73.31478925900007,2.5058047550000424],[73.31519616000008,2.494126695000091],[73.31519616000008,2.4940453150000508],[73.31153405000003,2.499253648000092],[73.31478925900007,2.5058047550000424]]}},{"type":"Feature","properties":{"id":3190,"source":"Natural Earth","provenance":"REAL DATA"},"geometry":{"type":"LineString","coordinates":[[73.14551842500003,2.5532901060000768],[73.14380944100003,2.5503604190000715],[73.14096113400007,2.5503604190000715],[73.14551842500003,2.5532901060000768]]}},{"type":"Feature","properties":{"id":3191,"source":"Natural Earth","provenance":"REAL DATA"},"geometry":{"type":"LineString","coordinates":[[72.90007571700005,2.6821963560000768],[72.90642337300005,2.679673570000091],[72.90447024800005,2.6757266300000424],[72.90113366000008,2.6761742210000534],[72.90007571700005,2.6821963560000768]]}},{"type":"Feature","properties":{"id":3192,"source":"Natural Earth","provenance":"REAL DATA"},"geometry":{"type":"LineString","coordinates":[[72.87256920700008,2.694159247000073],[72.87370853000004,2.683661200000074],[72.87370853000004,2.683579820000091],[72.86695397200003,2.6889509140000882],[72.87256920700008,2.694159247000073]]}},{"type":"Feature","properties":{"id":3193,"source":"Natural Earth","provenance":"REAL DATA"},"geometry":{"type":"LineString","coordinates":[[73.02230879000007,2.7416852890000882],[73.03223717500003,2.7451032570000393],[73.02800540500004,2.7382266300000424],[73.02230879000007,2.7416852890000882]]}},{"type":"Feature","properties":{"id":3194,"source":"Natural Earth","provenance":"REAL DATA"},"geometry":{"type":"LineString","coordinates":[[73.35352623800003,2.7782656920000477],[73.35352623800003,2.771918036000045],[73.35141035200007,2.7706973330000437],[73.34848066500007,2.775376695000091],[73.35352623800003,2.7782656920000477]]}},{"type":"Feature","properties":{"id":3195,"source":"Natural Earth","provenance":"REAL DATA"},"geometry":{"type":"LineString","coordinates":[[73.39926191500007,2.7857119810000768],[73.39063561300003,2.775376695000091],[73.39185631600003,2.7814802100000406],[73.39926191500007,2.7857119810000768]]}},{"type":"Feature","properties":{"id":3196,"source":"Natural Earth","provenance":"REAL DATA"},"geometry":{"type":"LineString","coordinates":[[73.54859459700003,2.8927269550000574],[73.55103600400008,2.890611070000091],[73.54908287900008,2.8881289730000503],[73.54908287900008,2.888739325000074],[73.54859459700003,2.8927269550000574]]}},{"type":"Feature","properties":{"id":3197,"source":"Natural Earth","provenance":"REAL DATA"},"geometry":{"type":"LineString","coordinates":[[73.36036217500003,2.9038760440000715],[73.36280358200008,2.8983828800000424],[73.36068769600007,2.8975283870000794],[73.35726972700007,2.8998070330000587],[73.36036217500003,2.9038760440000715]]}},{"type":"Feature","properties":{"id":3198,"source":"Natural Earth","provenance":"REAL DATA"},"geometry":{"type":"LineString","coordinates":[[73.00847415500004,2.953314520000049],[73.01490319100003,2.9474144550000574],[73.00904381600003,2.946437893000052],[73.00847415500004,2.953314520000049]]}},{"type":"Feature","properties":{"id":3199,"source":"Natural Earth","provenance":"REAL DATA"},"geometry":{"type":"LineString","coordinates":[[73.56421959700003,2.9547386740000547],[73.56421959700003,2.95461660400008],[73.56202233200008,2.946112372000073],[73.56128991000008,2.948472398000092],[73.56421959700003,2.9547386740000547]]}},{"type":"Feature","properties":{"id":3200,"source":"Natural Earth","provenance":"REAL DATA"},"geometry":{"type":"LineString","coordinates":[[73.58594811300003,2.961615302000041],[73.58586673300005,2.9615339210000684],[73.57748457100007,2.951157945000091],[73.57846113400007,2.95734284100007],[73.58594811300003,2.961615302000041]]}},{"type":"Feature","properties":{"id":3201,"source":"Natural Earth","provenance":"REAL DATA"},"geometry":{"type":"LineString","coordinates":[[72.87012780000003,2.969183661000045],[72.86768639400003,2.9608828800000424],[72.86508222700007,2.958156643000052],[72.86491946700005,2.9608828800000424],[72.87012780000003,2.969183661000045]]}},{"type":"Feature","properties":{"id":3203,"source":"Natural Earth","provenance":"REAL DATA"},"geometry":{"type":"LineString","coordinates":[[72.90162194100003,3.083807684000078],[72.90601647200003,3.08038971600007],[72.89991295700008,3.076849677000041],[72.89942467500003,3.078192450000074],[72.90162194100003,3.083807684000078]]}},{"type":"Feature","properties":{"id":3204,"source":"Natural Earth","provenance":"REAL DATA"},"geometry":{"type":"LineString","coordinates":[[73.61304772200003,3.1067569030000755],[73.61255944100003,3.1029727230000503],[73.60840905000003,3.100409247000073],[73.61304772200003,3.1067569030000755]]}},{"type":"Feature","properties":{"id":3205,"source":"Natural Earth","provenance":"REAL DATA"},"geometry":{"type":"LineString","coordinates":[[72.97787519600007,3.110174872000073],[72.98178144600007,3.1050479190000715],[72.97820071700005,3.1027285830000437],[72.97510826900003,3.104193427000041],[72.97787519600007,3.110174872000073]]}},{"type":"Feature","properties":{"id":3206,"source":"Natural Earth","provenance":"REAL DATA"},"geometry":{"type":"LineString","coordinates":[[73.04224694100003,3.2054710960000534],[73.04688561300003,3.202053127000056],[73.04070071700005,3.198472398000092],[73.04021243600005,3.1997744810000768],[73.04224694100003,3.2054710960000534]]}},{"type":"Feature","properties":{"id":3207,"source":"Natural Earth","provenance":"REAL DATA"},"geometry":{"type":"LineString","coordinates":[[73.03174889400003,3.2529971370000794],[73.03565514400003,3.247788804000038],[73.03199303500008,3.2455508480000503],[73.02898196700005,3.246893622000073],[73.03174889400003,3.2529971370000794]]}},{"type":"Feature","properties":{"id":3208,"source":"Natural Earth","provenance":"REAL DATA"},"geometry":{"type":"LineString","coordinates":[[72.83326256600003,3.312486070000091],[72.83765709700003,3.3090681010000935],[72.83139082100007,3.3056094420000477],[72.83122806100005,3.306830145000049],[72.83326256600003,3.312486070000091]]}},{"type":"Feature","properties":{"id":3209,"source":"Natural Earth","provenance":"REAL DATA"},"geometry":{"type":"LineString","coordinates":[[73.51636803500008,3.3612328150000508],[73.51880944100003,3.359116929000038],[73.51921634200005,3.3563906920000477],[73.51636803500008,3.3612328150000508]]}},{"type":"Feature","properties":{"id":3210,"source":"Natural Earth","provenance":"REAL DATA"},"geometry":{"type":"LineString","coordinates":[[73.74756920700008,3.4511172550000424],[73.74854576900003,3.4481875670000477],[73.75318444100003,3.4463565120000794],[73.74773196700005,3.450995184000078],[73.74756920700008,3.4511172550000424]]}},{"type":"Feature","properties":{"id":3211,"source":"Natural Earth","provenance":"REAL DATA"},"geometry":{"type":"LineString","coordinates":[[73.50586998800003,3.501206773000092],[73.50611412900008,3.4977074240000547],[73.50855553500008,3.4964867210000534],[73.50847415500004,3.4965681010000935],[73.50586998800003,3.501206773000092]]}},{"type":"Feature","properties":{"id":3212,"source":"Natural Earth","provenance":"REAL DATA"},"geometry":{"type":"LineString","coordinates":[[72.95240319100003,3.7338320980000503],[72.95582116000008,3.728705145000049],[72.95199629000007,3.72687409100007],[72.94898522200003,3.728583075000074],[72.95240319100003,3.7338320980000503]]}},{"type":"Feature","properties":{"id":3213,"source":"Natural Earth","provenance":"REAL DATA"},"geometry":{"type":"LineString","coordinates":[[72.94581139400003,3.77212148600006],[72.94939212300005,3.7669945330000587],[72.94532311300003,3.7652041690000715],[72.94239342500003,3.7669945330000587],[72.94581139400003,3.77212148600006]]}},{"type":"Feature","properties":{"id":3216,"source":"Natural Earth","provenance":"REAL DATA"},"geometry":{"type":"LineString","coordinates":[[72.94459069100003,3.8368594420000477],[72.94809004000007,3.8316917990000547],[72.94410241000008,3.829901434000078],[72.94117272200003,3.8316917990000547],[72.94459069100003,3.8368594420000477]]}},{"type":"Feature","properties":{"id":3217,"source":"Natural Earth","provenance":"REAL DATA"},"geometry":{"type":"LineString","coordinates":[[73.43726647200003,3.8466250670000477],[73.43523196700005,3.8449160830000437],[73.43230228000004,3.8417015650000508],[73.43246504000007,3.846828518000052],[73.43726647200003,3.8466250670000477]]}},{"type":"Feature","properties":{"id":3218,"source":"Natural Earth","provenance":"REAL DATA"},"geometry":{"type":"LineString","coordinates":[[73.44353274800005,3.92055898600006],[73.44304446700005,3.918768622000073],[73.43816165500004,3.916449286000045],[73.44353274800005,3.92055898600006]]}},{"type":"Feature","properties":{"id":3219,"source":"Natural Earth","provenance":"REAL DATA"},"geometry":{"type":"LineString","coordinates":[[73.34506269600007,3.9447289080000587],[73.34148196700005,3.943101304000038],[73.34148196700005,3.94204336100006],[73.34489993600005,3.944566148000092],[73.34506269600007,3.9447289080000587]]}},{"type":"Feature","properties":{"id":3221,"source":"Natural Earth","provenance":"REAL DATA"},"geometry":{"type":"LineString","coordinates":[[73.42261803500008,4.118353583000044],[73.42139733200008,4.116359768000052],[73.41895592500003,4.1157087260000935],[73.42261803500008,4.118353583000044]]}},{"type":"Feature","properties":{"id":3222,"source":"Natural Earth","provenance":"REAL DATA"},"geometry":{"type":"LineString","coordinates":[[73.54619719090421,4.24303891168205],[73.51201489529225,4.186300883534724],[73.43120106551027,4.1846494061525705],[73.51089134292747,4.162087459716128],[73.53817420541161,4.183312241903804],[73.54619719090421,4.24303891168205]]}},{"type":"Feature","properties":{"id":3223,"source":"Natural Earth","provenance":"REAL DATA"},"geometry":{"type":"LineString","coordinates":[[72.94516035200007,4.266302802000041],[72.95866946700005,4.262518622000073],[72.95435631600003,4.261460679000038],[72.94516035200007,4.266302802000041]]}},{"type":"Feature","properties":{"id":3224,"source":"Natural Earth","provenance":"REAL DATA"},"geometry":{"type":"LineString","coordinates":[[73.59587649800005,4.3422712260000935],[73.59245853000004,4.34015534100007],[73.58912194100003,4.3405622420000896],[73.59587649800005,4.3422712260000935]]}},{"type":"Feature","properties":{"id":3225,"source":"Natural Earth","provenance":"REAL DATA"},"geometry":{"type":"LineString","coordinates":[[73.61150149800005,4.363104559000078],[73.61182701900003,4.356512762000079],[73.60954837300005,4.355617580000057],[73.60767662900008,4.358099677000041],[73.61150149800005,4.363104559000078]]}},{"type":"Feature","properties":{"id":3226,"source":"Natural Earth","provenance":"REAL DATA"},"geometry":{"type":"LineString","coordinates":[[73.63795006600003,4.37055084800005],[73.63705488400007,4.363959052000041],[73.63363691500007,4.36469147300005],[73.63168379000007,4.3684756530000755],[73.63795006600003,4.37055084800005]]}},{"type":"Feature","properties":{"id":3227,"source":"Natural Earth","provenance":"REAL DATA"},"geometry":{"type":"LineString","coordinates":[[73.66797936300003,4.393500067000048],[73.66830488400007,4.386867580000057],[73.66618899800005,4.385931708000044],[73.66431725400008,4.388332424000055],[73.66797936300003,4.393500067000048]]}},{"type":"Feature","properties":{"id":3228,"source":"Natural Earth","provenance":"REAL DATA"},"geometry":{"type":"LineString","coordinates":[[72.95704186300003,4.438299872000073],[72.95606530000003,4.422105210000041],[72.94711347700007,4.423081773000092],[72.94336998800003,4.431586005000042],[72.95704186300003,4.438299872000073]]}},{"type":"Feature","properties":{"id":3229,"source":"Natural Earth","provenance":"REAL DATA"},"geometry":{"type":"LineString","coordinates":[[73.55355879000007,4.620510158000059],[73.55388431100005,4.61391836100006],[73.55160566500007,4.612982489000046],[73.54981530000003,4.615383205000057],[73.55355879000007,4.620510158000059]]}},{"type":"Feature","properties":{"id":3233,"source":"Natural Earth","provenance":"REAL DATA"},"geometry":{"type":"LineString","coordinates":[[73.62956790500004,5.418524481000077],[73.63672936300003,5.402899481000077],[73.63249759200005,5.3860537780000755],[73.62777754000007,5.413275458000044],[73.62956790500004,5.418524481000077]]}},{"type":"Feature","properties":{"id":3234,"source":"Natural Earth","provenance":"REAL DATA"},"geometry":{"type":"LineString","coordinates":[[73.00562584700003,5.46320221600007],[73.00261478000004,5.457586981000077],[73.00098717500003,5.456244208000044],[72.99903405000003,5.461086330000057],[73.00562584700003,5.46320221600007]]}},{"type":"Feature","properties":{"id":3235,"source":"Natural Earth","provenance":"REAL DATA"},"geometry":{"type":"LineString","coordinates":[[72.88396243600005,5.494086005000042],[72.88111412900008,5.488470770000049],[72.87916100400008,5.4878604190000715],[72.87769616000008,5.492132880000042],[72.88396243600005,5.494086005000042]]}},{"type":"Feature","properties":{"id":3237,"source":"Natural Earth","provenance":"REAL DATA"},"geometry":{"type":"LineString","coordinates":[[73.01905358200008,5.61782461100006],[73.01612389400003,5.612250067000048],[73.01400800900007,5.611558335000041],[73.01286868600005,5.6157087260000935],[73.01905358200008,5.61782461100006]]}},{"type":"Feature","properties":{"id":3239,"source":"Natural Earth","provenance":"REAL DATA"},"geometry":{"type":"LineString","coordinates":[[73.01465905000003,5.676988023000092],[73.01189212300005,5.671535549000055],[73.00977623800003,5.670843817000048],[73.00855553500008,5.675034898000092],[73.01465905000003,5.676988023000092]]}},{"type":"Feature","properties":{"id":3240,"source":"Natural Earth","provenance":"REAL DATA"},"geometry":{"type":"LineString","coordinates":[[73.39283287900008,5.737697658000059],[73.38070722700007,5.714585679000038],[73.37956790500004,5.71515534100007],[73.38257897200003,5.72211334800005],[73.39283287900008,5.737697658000059]]}},{"type":"Feature","properties":{"id":3241,"source":"Natural Earth","provenance":"REAL DATA"},"geometry":{"type":"LineString","coordinates":[[72.98682701900003,5.770738023000092],[72.98585045700008,5.765570380000042],[72.98275800900007,5.762518622000073],[72.98682701900003,5.770738023000092]]}},{"type":"Feature","properties":{"id":3243,"source":"Natural Earth","provenance":"REAL DATA"},"geometry":{"type":"LineString","coordinates":[[73.38233483200008,5.794989325000074],[73.38453209700003,5.786932684000078],[73.38070722700007,5.784125067000048],[73.37680097700007,5.787339585000041],[73.38233483200008,5.794989325000074]]}},{"type":"Feature","properties":{"id":3244,"source":"Natural Earth","provenance":"REAL DATA"},"geometry":{"type":"LineString","coordinates":[[72.97657311300003,5.813625393000052],[72.97510826900003,5.80455149900007],[72.97510826900003,5.804429429000038],[72.97103925900007,5.810451565000051],[72.97657311300003,5.813625393000052]]}},{"type":"Feature","properties":{"id":3245,"source":"Natural Earth","provenance":"REAL DATA"},"geometry":{"type":"LineString","coordinates":[[73.44988040500004,5.840765692000048],[73.43376712300005,5.830877997000073],[73.43344160200007,5.83071523600006],[73.44312584700003,5.84125397300005],[73.44988040500004,5.840765692000048]]}},{"type":"Feature","properties":{"id":3246,"source":"Natural Earth","provenance":"REAL DATA"},"geometry":{"type":"LineString","coordinates":[[72.96363366000008,5.864325262000079],[72.96371504000007,5.864040432000081],[72.96648196700005,5.85024648600006],[72.96192467500003,5.856675523000092],[72.96363366000008,5.864325262000079]]}},{"type":"Feature","properties":{"id":3247,"source":"Natural Earth","provenance":"REAL DATA"},"geometry":{"type":"LineString","coordinates":[[73.42904707100007,5.911363023000092],[73.42847741000008,5.904445705000057],[73.42628014400003,5.903265692000048],[73.42318769600007,5.90688711100006],[73.42904707100007,5.911363023000092]]}},{"type":"Feature","properties":{"id":3248,"source":"Natural Earth","provenance":"REAL DATA"},"geometry":{"type":"LineString","coordinates":[[72.93165123800003,5.96906159100007],[72.93018639400003,5.956935940000051],[72.92579186300003,5.963283596000053],[72.93165123800003,5.96906159100007]]}},{"type":"Feature","properties":{"id":3249,"source":"Natural Earth","provenance":"REAL DATA"},"geometry":{"type":"LineString","coordinates":[[73.38982181100005,5.9702822940000715],[73.39533279100004,5.957801545000052],[73.38453209700003,5.964748440000051],[73.38982181100005,5.9702822940000715]]}},{"type":"Feature","properties":{"id":3250,"source":"Natural Earth","provenance":"REAL DATA"},"geometry":{"type":"LineString","coordinates":[[72.91570071700005,5.981350002000056],[72.91285241000008,5.976304429000038],[72.90984134200005,5.977932033000059],[72.90967858200008,5.982123114000046],[72.91570071700005,5.981350002000056]]}},{"type":"Feature","properties":{"id":3251,"source":"Natural Earth","provenance":"REAL DATA"},"geometry":{"type":"LineString","coordinates":[[73.25074303500008,6.083400783000059],[73.24903405000003,6.07953522300005],[73.24545332100007,6.079779364000046],[73.25074303500008,6.083400783000059]]}},{"type":"Feature","properties":{"id":3252,"source":"Natural Earth","provenance":"REAL DATA"},"geometry":{"type":"LineString","coordinates":[[73.25212649800005,6.111232815000051],[73.24887129000007,6.110174872000073],[73.24683678500008,6.10773346600007],[73.25196373800003,6.111151434000078],[73.25212649800005,6.111232815000051]]}},{"type":"Feature","properties":{"id":3253,"source":"Natural Earth","provenance":"REAL DATA"},"geometry":{"type":"LineString","coordinates":[[73.22046959700003,6.132066148000092],[73.21900475400008,6.129299221000053],[73.21517988400007,6.128566799000055],[73.22046959700003,6.132066148000092]]}},{"type":"Feature","properties":{"id":3254,"source":"Natural Earth","provenance":"REAL DATA"},"geometry":{"type":"LineString","coordinates":[[73.27027428500008,6.156927802000041],[73.26726321700005,6.150946356000077],[73.26514733200008,6.150620835000041],[73.26539147200003,6.153550523000092],[73.27027428500008,6.156927802000041]]}},{"type":"Feature","properties":{"id":3255,"source":"Natural Earth","provenance":"REAL DATA"},"geometry":{"type":"LineString","coordinates":[[73.21908613400007,6.1723493510000935],[73.21583092500003,6.1712100280000755],[73.21404056100005,6.168768622000073],[73.21892337300005,6.172267971000053],[73.21908613400007,6.1723493510000935]]}},{"type":"Feature","properties":{"id":3256,"source":"Natural Earth","provenance":"REAL DATA"},"geometry":{"type":"LineString","coordinates":[[73.27084394600007,6.189439195000091],[73.27084394600007,6.189357815000051],[73.26807701900003,6.178697007000039],[73.26596113400007,6.18500397300005],[73.27084394600007,6.189439195000091]]}},{"type":"Feature","properties":{"id":3257,"source":"Natural Earth","provenance":"REAL DATA"},"geometry":{"type":"LineString","coordinates":[[73.03419030000003,6.222357489000046],[73.03044681100005,6.22101471600007],[73.02898196700005,6.218817450000074],[73.02914472700007,6.218980210000041],[73.03419030000003,6.222357489000046]]}},{"type":"Feature","properties":{"id":3258,"source":"Natural Earth","provenance":"REAL DATA"},"geometry":{"type":"LineString","coordinates":[[73.24170983200008,6.23969147300005],[73.24390709700003,6.231634833000044],[73.24024498800003,6.228949286000045],[73.23633873800003,6.232123114000046],[73.24170983200008,6.23969147300005]]}},{"type":"Feature","properties":{"id":3259,"source":"Natural Earth","provenance":"REAL DATA"},"geometry":{"type":"LineString","coordinates":[[73.12842858200008,6.286851304000038],[73.12614993600005,6.284002997000073],[73.12289472700007,6.283351955000057],[73.12842858200008,6.286851304000038]]}},{"type":"Feature","properties":{"id":3260,"source":"Natural Earth","provenance":"REAL DATA"},"geometry":{"type":"LineString","coordinates":[[73.21517988400007,6.294826565000051],[73.20932050900007,6.286851304000038],[73.20875084700003,6.2864444030000755],[73.21306399800005,6.289211330000057],[73.21517988400007,6.294826565000051]]}},{"type":"Feature","properties":{"id":3261,"source":"Natural Earth","provenance":"REAL DATA"},"geometry":{"type":"LineString","coordinates":[[73.08334394600007,6.308579820000091],[73.08139082100007,6.305609442000048],[73.07813561300003,6.305080471000053],[73.08334394600007,6.308579820000091]]}},{"type":"Feature","properties":{"id":3262,"source":"Natural Earth","provenance":"REAL DATA"},"geometry":{"type":"LineString","coordinates":[[73.19703209700003,6.3274600280000755],[73.20191491000008,6.322170315000051],[73.20101972700007,6.318264065000051],[73.19418379000007,6.3216006530000755],[73.19703209700003,6.3274600280000755]]}},{"type":"Feature","properties":{"id":3263,"source":"Natural Earth","provenance":"REAL DATA"},"geometry":{"type":"LineString","coordinates":[[73.12452233200008,6.3325056010000935],[73.12094160200007,6.331040757000039],[73.11931399800005,6.328924872000073],[73.12419681100005,6.332261460000041],[73.12452233200008,6.3325056010000935]]}},{"type":"Feature","properties":{"id":3264,"source":"Natural Earth","provenance":"REAL DATA"},"geometry":{"type":"LineString","coordinates":[[73.18726647200003,6.350775458000044],[73.18213951900003,6.34634023600006],[73.18018639400003,6.34711334800005],[73.18100019600007,6.349839585000041],[73.18726647200003,6.350775458000044]]}},{"type":"Feature","properties":{"id":3265,"source":"Natural Earth","provenance":"REAL DATA"},"geometry":{"type":"LineString","coordinates":[[73.02051842500003,6.368963934000078],[73.02491295700008,6.3648135440000715],[73.02418053500008,6.362697658000059],[73.01929772200003,6.36359284100007],[73.02051842500003,6.368963934000078]]}},{"type":"Feature","properties":{"id":3266,"source":"Natural Earth","provenance":"REAL DATA"},"geometry":{"type":"LineString","coordinates":[[72.69092858200008,6.411607164000088],[72.68718509200005,6.407416083000044],[72.68588300900007,6.406480210000041],[72.68588300900007,6.411607164000088],[72.69092858200008,6.411607164000088]]}},{"type":"Feature","properties":{"id":3267,"source":"Natural Earth","provenance":"REAL DATA"},"geometry":{"type":"LineString","coordinates":[[72.90284264400003,6.4401716170000896],[72.90748131600003,6.435939846000053],[72.90658613400007,6.433823960000041],[72.90202884200005,6.434759833000044],[72.90284264400003,6.4401716170000896]]}},{"type":"Feature","properties":{"id":3268,"source":"Natural Earth","provenance":"REAL DATA"},"geometry":{"type":"LineString","coordinates":[[73.04881327800007,6.4413421960000505],[73.04314212300005,6.433701890000066],[73.04623457100007,6.4362653670000896],[73.04881327800007,6.4413421960000505]]}},{"type":"Feature","properties":{"id":3269,"source":"Natural Earth","provenance":"REAL DATA"},"geometry":{"type":"LineString","coordinates":[[72.96208743600005,6.559027411000045],[72.95801842500003,6.554348049000055],[72.95582116000008,6.55532461100006],[72.95679772200003,6.56000397300005],[72.96208743600005,6.559027411000045]]}},{"type":"Feature","properties":{"id":3270,"source":"Natural Earth","provenance":"REAL DATA"},"geometry":{"type":"LineString","coordinates":[[72.92400149800005,6.565252997000073],[72.92872155000003,6.561102606000077],[72.92774498800003,6.55890534100007],[72.92310631600003,6.5598819030000755],[72.92400149800005,6.565252997000073]]}},{"type":"Feature","properties":{"id":3271,"source":"Natural Earth","provenance":"REAL DATA"},"geometry":{"type":"LineString","coordinates":[[73.02995853000004,6.58234284100007],[73.03044681100005,6.576076565000051],[73.02816816500007,6.575181382000039],[73.02556399800005,6.579250393000052],[73.02995853000004,6.58234284100007]]}},{"type":"Feature","properties":{"id":3272,"source":"Natural Earth","provenance":"REAL DATA"},"geometry":{"type":"LineString","coordinates":[[73.04476972700007,6.621893622000073],[73.04070071700005,6.617173570000091],[73.03842207100007,6.618150132000039],[73.03939863400007,6.622870184000078],[73.04476972700007,6.621893622000073]]}},{"type":"Feature","properties":{"id":3273,"source":"Natural Earth","provenance":"REAL DATA"},"geometry":{"type":"LineString","coordinates":[[73.06950931100005,6.667954820000091],[73.06177819100003,6.660956122000073],[73.06226647200003,6.666896877000056],[73.06950931100005,6.667954820000091]]}},{"type":"Feature","properties":{"id":3274,"source":"Natural Earth","provenance":"REAL DATA"},"geometry":{"type":"LineString","coordinates":[[73.10596764400003,6.709947007000039],[73.10043379000007,6.699774481000077],[73.09587649800005,6.698431708000044],[73.09669030000003,6.706122137000079],[73.10596764400003,6.709947007000039]]}},{"type":"Feature","properties":{"id":3277,"source":"Natural Earth","provenance":"REAL DATA"},"geometry":{"type":"LineString","coordinates":[[73.03663170700008,6.759711005000042],[73.03687584700003,6.7534854190000715],[73.03467858200008,6.75259023600006],[73.03199303500008,6.7565778670000896],[73.03663170700008,6.759711005000042]]}},{"type":"Feature","properties":{"id":3278,"source":"Natural Earth","provenance":"REAL DATA"},"geometry":{"type":"LineString","coordinates":[[72.91846764400003,6.76398346600007],[72.91431725400008,6.75922272300005],[72.91228274800005,6.760158596000053],[72.91325931100005,6.764878648000092],[72.91846764400003,6.76398346600007]]}},{"type":"Feature","properties":{"id":3279,"source":"Natural Earth","provenance":"REAL DATA"},"geometry":{"type":"LineString","coordinates":[[73.15951582100007,6.786525783000059],[73.13599694100003,6.741197007000039],[73.13168379000007,6.725043036000045],[73.15284264400003,6.749212958000044],[73.15951582100007,6.786525783000059]]}},{"type":"Feature","properties":{"id":3280,"source":"Natural Earth","provenance":"REAL DATA"},"geometry":{"type":"LineString","coordinates":[[73.18165123800003,6.830511786000045],[73.19727623800003,6.828111070000091],[73.18376712300005,6.821112372000073],[73.18165123800003,6.830511786000045]]}},{"type":"Feature","properties":{"id":3281,"source":"Natural Earth","provenance":"REAL DATA"},"geometry":{"type":"LineString","coordinates":[[72.99577884200005,6.841498114000046],[72.99154707100007,6.836737372000073],[72.98943118600005,6.837632554000038],[72.99024498800003,6.84243398600006],[72.99577884200005,6.841498114000046]]}},{"type":"Feature","properties":{"id":3282,"source":"Natural Earth","provenance":"REAL DATA"},"geometry":{"type":"LineString","coordinates":[[73.14437910200007,6.843410549000055],[73.14031009200005,6.838690497000073],[73.13803144600007,6.839667059000078],[73.13900800900007,6.844427802000041],[73.14437910200007,6.843410549000055]]}},{"type":"Feature","properties":{"id":3283,"source":"Natural Earth","provenance":"REAL DATA"},"geometry":{"type":"LineString","coordinates":[[72.97608483200008,6.8528506530000755],[72.97632897200003,6.846665757000039],[72.97413170700008,6.845851955000057],[72.97152754000007,6.849758205000057],[72.97608483200008,6.8528506530000755]]}},{"type":"Feature","properties":{"id":3284,"source":"Natural Earth","provenance":"REAL DATA"},"geometry":{"type":"LineString","coordinates":[[73.09815514400003,6.85219961100006],[73.09400475400008,6.847560940000051],[73.09180748800003,6.848334052000041],[73.09294681100005,6.8530947940000715],[73.09815514400003,6.85219961100006]]}},{"type":"Feature","properties":{"id":3285,"source":"Natural Earth","provenance":"REAL DATA"},"geometry":{"type":"LineString","coordinates":[[72.96469160200007,6.8606631530000755],[72.96062259200005,6.856024481000077],[72.95834394600007,6.8570010440000715],[72.95923912900008,6.86163971600007],[72.96469160200007,6.8606631530000755]]}},{"type":"Feature","properties":{"id":3286,"source":"Natural Earth","provenance":"REAL DATA"},"geometry":{"type":"LineString","coordinates":[[73.10621178500008,6.896714585000041],[73.10661868600005,6.890448309000078],[73.10434004000007,6.889553127000056],[73.10173587300005,6.893540757000039],[73.10621178500008,6.896714585000041]]}},{"type":"Feature","properties":{"id":3287,"source":"Natural Earth","provenance":"REAL DATA"},"geometry":{"type":"LineString","coordinates":[[73.21404056100005,6.91860586100006],[73.21306399800005,6.90460846600007],[73.20394941500007,6.884955145000049],[73.20191491000008,6.902248440000051],[73.21404056100005,6.91860586100006]]}},{"type":"Feature","properties":{"id":3289,"source":"Natural Earth","provenance":"REAL DATA"},"geometry":{"type":"LineString","coordinates":[[72.92595462300005,6.957424221000053],[72.92628014400003,6.953802802000041],[72.92458500800007,6.951704061000044],[72.92595462300005,6.957424221000053]]}},{"type":"Feature","properties":{"id":3290,"source":"Natural Earth","provenance":"REAL DATA"},"geometry":{"type":"LineString","coordinates":[[73.19849694100003,6.97134023600006],[73.19467207100007,6.951239325000074],[73.19320722700007,6.950995184000078],[73.19190514400003,6.967596747000073],[73.19849694100003,6.97134023600006]]}},{"type":"Feature","properties":{"id":3291,"source":"Natural Earth","provenance":"REAL DATA"},"geometry":{"type":"LineString","coordinates":[[72.89193769600007,6.991034247000073],[72.89193769600007,6.987697658000059],[72.89047285200007,6.985419012000079],[72.89193769600007,6.991034247000073]]}},{"type":"Feature","properties":{"id":3292,"source":"Natural Earth","provenance":"REAL DATA"},"geometry":{"type":"LineString","coordinates":[[72.97974694100003,7.027736721000053],[72.97974694100003,7.027533270000049],[72.98145592500003,7.01398346600007],[72.97730553500008,7.019029039000088],[72.97974694100003,7.027736721000053]]}},{"type":"Feature","properties":{"id":3293,"source":"Natural Earth","provenance":"REAL DATA"},"geometry":{"type":"LineString","coordinates":[[72.94996178500008,7.056545315000051],[72.94776451900003,7.053900458000044],[72.94849694100003,7.050848700000074],[72.94996178500008,7.0564232440000865],[72.94996178500008,7.056545315000051]]}},{"type":"Feature","properties":{"id":3295,"source":"Natural Earth","provenance":"REAL DATA"},"geometry":{"type":"LineString","coordinates":[[72.91285241000008,7.092718817000048],[72.91285241000008,7.092596747000073],[72.91187584700003,7.083197333000044],[72.90658613400007,7.091009833000044],[72.91285241000008,7.092718817000048]]}},{"type":"Feature","properties":{"id":3296,"source":"Natural Earth","provenance":"REAL DATA"},"geometry":{"type":"LineString","coordinates":[[72.88379967500003,7.107245184000078],[72.88453209700003,7.103705145000049],[72.88249759200005,7.101629950000074],[72.88379967500003,7.107245184000078]]}},{"type":"Feature","properties":{"id":3311,"source":"Natural Earth","provenance":"REAL DATA"},"geometry":{"type":"LineString","coordinates":[[97.86996504000007,9.42523834800005],[97.84961998800003,9.44212474200009],[97.85328209700003,9.461371161000045],[97.87183678500003,9.473049221000053],[97.89527428500003,9.467352606000077],[97.89478600400008,9.438706773000092],[97.86988366000003,9.440741278000075],[97.86996504000007,9.42523834800005]]}},{"type":"Feature","properties":{"id":3586,"source":"Natural Earth","provenance":"REAL DATA"},"geometry":{"type":"LineString","coordinates":[[98.54759660600007,0.1593266210000479],[98.62541622300006,0.17515444500008925],[98.80574359100007,0.16091595800008918],[98.83579891300008,0.14146886000008863],[98.85168541500008,0.1096213410000928],[98.84458901000005,0.08485940800005665],[98.76325605100004,0.08664761100004625],[98.68900355200003,0.07077530300006174],[98.53873988200007,0.0903351290000387],[98.52460056700005,0.14519707000005155],[98.54759660600007,0.1593266210000479]]}},{"type":"Feature","properties":{"id":3607,"source":"Natural Earth","provenance":"REAL DATA"},"geometry":{"type":"LineString","coordinates":[[98.28842207100007,9.004461981000077],[98.26091556100005,9.012925523000092],[98.25220787900008,8.997015692000048],[98.26156660200007,8.878566799000055],[98.27051842500003,8.87718333500004],[98.30697675900007,8.957912502000056],[98.31088300900007,8.978176174000055],[98.28842207100007,9.004461981000077]]}},{"type":"Feature","properties":{"id":3761,"source":"Natural Earth","provenance":"REAL DATA"},"geometry":{"type":"LineString","coordinates":[[55.89429772200003,26.679429429000038],[55.86833743600005,26.666449286000045],[55.85320071700005,26.621039130000042],[55.86931399800005,26.613023179000038],[55.889659050000034,26.62376536700009],[55.90398196700005,26.64524974200009],[55.89429772200003,26.679429429000038]]}},{"type":"Feature","properties":{"id":4065,"source":"Natural Earth","provenance":"REAL DATA"},"geometry":{"type":"LineString","coordinates":[[55.362699624339186,-4.659322771917135],[55.361970256514354,-4.663698978866144],[55.37291077388688,-4.667892843858945],[55.37382248366792,-4.666434108209275],[55.362699624339186,-4.659322771917135]]}},{"type":"Feature","properties":{"id":4066,"source":"Natural Earth","provenance":"REAL DATA"},"geometry":{"type":"LineString","coordinates":[[55.39898567362472,-4.66862221168378],[55.39752693797505,-4.673363102545206],[55.40536764209203,-4.679927412968721],[55.406826377741695,-4.675004180151085],[55.39898567362472,-4.66862221168378]]}},{"type":"Feature","properties":{"id":4067,"source":"Natural Earth","provenance":"REAL DATA"},"geometry":{"type":"LineString","coordinates":[[55.50158949238337,-4.628853431034658],[55.504069342987805,-4.629728672424459],[55.50581982576741,-4.639648074842214],[55.491961837095545,-4.634250752938436],[55.50158949238337,-4.628853431034658]]}},{"type":"Feature","properties":{"id":4068,"source":"Natural Earth","provenance":"REAL DATA"},"geometry":{"type":"LineString","coordinates":[[55.50421521655277,-4.621413879221342],[55.50509045794257,-4.626227706865253],[55.51107127410622,-4.629582798859492],[55.51150889480112,-4.624768971215582],[55.50421521655277,-4.621413879221342]]}},{"type":"Feature","properties":{"id":4069,"source":"Natural Earth","provenance":"REAL DATA"},"geometry":{"type":"LineString","coordinates":[[55.497942653259194,-4.600845706560999],[55.49677566473945,-4.614703695232861],[55.51442636610046,-4.600553959431065],[55.50377759585787,-4.59836585595656],[55.497942653259194,-4.600845706560999]]}},{"type":"Feature","properties":{"id":4070,"source":"Natural Earth","provenance":"REAL DATA"},"geometry":{"type":"LineString","coordinates":[[55.71208743600005,-4.280368747999944],[55.71506267748153,-4.276841461161244],[55.742951384512494,-4.278328858869562],[55.732911449981344,-4.292459137098584],[55.71208743600005,-4.280368747999944]]}},{"type":"Feature","properties":{"id":4071,"source":"Natural Earth","provenance":"REAL DATA"},"geometry":{"type":"LineString","coordinates":[[55.66300375769039,-4.32815668209822],[55.660028962273756,-4.330387778660697],[55.66040081170084,-4.334849971785651],[55.66560670367995,-4.334106272931492],[55.66300375769039,-4.32815668209822]]}},{"type":"Feature","properties":{"id":4072,"source":"Natural Earth","provenance":"REAL DATA"},"geometry":{"type":"LineString","coordinates":[[55.64701423232597,-4.346749153452196],[55.643667587482255,-4.349352099441753],[55.65110457602385,-4.3534424431396275],[55.64887347946137,-4.348608400587594],[55.64701423232597,-4.346749153452196]]}},{"type":"Feature","properties":{"id":4073,"source":"Natural Earth","provenance":"REAL DATA"},"geometry":{"type":"LineString","coordinates":[[55.66672225196119,-4.209908564286929],[55.6592852634196,-4.212883359703564],[55.675274788784016,-4.212139660849405],[55.67044074623198,-4.210652263141087],[55.66672225196119,-4.209908564286929]]}},{"type":"Feature","properties":{"id":4074,"source":"Natural Earth","provenance":"REAL DATA"},"geometry":{"type":"LineString","coordinates":[[55.831823397584515,-4.337452917775207],[55.82550195732416,-4.372034914493604],[55.84149148268858,-4.38281854787891],[55.85710915862592,-4.364969775379093],[55.831823397584515,-4.337452917775207]]}},{"type":"Feature","properties":{"id":4075,"source":"Natural Earth","provenance":"REAL DATA"},"geometry":{"type":"LineString","coordinates":[[55.868636490865384,-4.317373048712913],[55.87347053341742,-4.332618875223173],[55.8846260162298,-4.336709218921048],[55.883138618521485,-4.328900380952378],[55.868636490865384,-4.317373048712913]]}},{"type":"Feature","properties":{"id":4076,"source":"Natural Earth","provenance":"REAL DATA"},"geometry":{"type":"LineString","coordinates":[[55.86640539430291,-4.283162901421595],[55.8701238885737,-4.296549480796458],[55.8738423828445,-4.296177631369379],[55.869752039146626,-4.283534750848675],[55.86640539430291,-4.283162901421595]]}},{"type":"Feature","properties":{"id":4077,"source":"Natural Earth","provenance":"REAL DATA"},"geometry":{"type":"LineString","coordinates":[[55.91995171180236,-4.334106272931491],[55.91883616352112,-4.3478647017334335],[55.92255465779192,-4.3497239488688315],[55.924785754354396,-4.337081068348128],[55.91995171180236,-4.334106272931491]]}},{"type":"Feature","properties":{"id":4078,"source":"Natural Earth","provenance":"REAL DATA"},"geometry":{"type":"LineString","coordinates":[[55.94007392970612,-4.57865701180308],[55.9330248619926,-4.586209584353277],[55.950144026439716,-4.5909928803017355],[55.944353720817894,-4.579915773894779],[55.94007392970612,-4.57865701180308]]}},{"type":"Feature","properties":{"id":4106,"source":"Natural Earth","provenance":"REAL DATA"},"geometry":{"type":"LineString","coordinates":[[55.04867597700019,25.885768947000088],[55.05437259200016,25.86461009300001],[55.018402540000125,25.859605210000097],[55.01205488400018,25.88161855700008],[55.04867597700019,25.885768947000088]]}}]}