{"type":"FeatureCollection","features":[{"type":"Feature","properties":{"id":123,"source":"Natural Earth","provenance":"REAL DATA"},"geometry":{"type":"MultiLineString","coordinates":[[[100.0,-0.45544466052467597],[99.93043053500003,-0.40943775799991045],[99.91944420700003,-0.3980445289999466],[99.91032962300005,-0.3751766909999219],[99.88884524800005,-0.3575985659999219],[99.84359785200007,-0.3321265599999492],[99.82398522200003,-0.3134091129999206],[99.81381269600007,-0.29461028399992983],[99.81006920700003,-0.27337004999992587],[99.80958092500003,-0.24716562299994393],[99.80591881600003,-0.22779713299991045],[99.79721113400007,-0.21591562299994393],[99.78598066500007,-0.20663827899994658],[99.77540123800003,-0.195570570999962],[99.76587975400008,-0.18124765399994658],[99.75945071700005,-0.1683895809999285],[99.75603274800005,-0.1547177059999285],[99.75489342500003,-0.1373023419999413],[99.75798587300005,-0.11581796699994129],[99.76384524800005,-0.0958798159999219],[99.76677493600005,-0.07537200299992719],[99.76172936300003,-0.052178643999923224],[99.74724368600005,-0.029839776999949663],[99.68946373800003,0.020086981000076776],[99.63282311300003,0.08100006700004769],[99.61085045700003,0.09857819200004769],[99.53402754000007,0.14032623900004637],[99.49048912900008,0.1554222680000521],[99.45020592500003,0.1612816430000521],[99.42693118600005,0.1613630230000922],[99.40821373800003,0.1638858090000781],[99.39258873800003,0.1716983090000781],[99.37818444100003,0.18797435100009352],[99.35661868600005,0.22565338700007942],[99.34107506600003,0.23875560100009352],[99.31617272200003,0.24262116100004505],[99.29656009200005,0.2376976580000587],[99.26059004000007,0.2198753930000521],[99.24415123800003,0.2159691430000521],[99.23340905000003,0.21702708500004064],[99.22193444100003,0.22036367400005474],[99.21127363400007,0.22565338700007942],[99.20313561300003,0.23273346600007017],[99.19369550900007,0.24315013200003932],[99.18881269600007,0.24559153900008823],[99.18230228000004,0.2440860050000424],[99.16871178500003,0.24262116100004505],[99.16211998800003,0.2452660180000521],[99.14234459700003,0.25824616100004505],[99.13795006600003,0.2630882830000587],[99.13933353000004,0.27374909100007017],[99.15308678500003,0.28717682500007413],[99.15845787900008,0.2978376320000393],[99.15845787900008,0.32001373900004637],[99.14844811300003,0.3331566430000521],[99.13152103000004,0.34056224200008955],[99.11060631600003,0.3456485050000424],[99.12875410200007,0.3917910830000437],[99.13233483200003,0.4120547550000424],[99.12720787900008,0.4843610700000909],[99.12256920700003,0.5090192730000922],[99.11060631600003,0.5238304710000534],[99.09839928500003,0.5142276060000768],[99.09734134200005,0.5307477890000882],[99.10385175900007,0.5784365910000702],[99.10027103000004,0.601752020000049],[99.08985436300003,0.6220156920000477],[99.07276451900003,0.6308047550000424],[99.04859459700003,0.6199404970000728],[99.04004967500003,0.6504580750000741],[99.04737389400003,0.7397321640000882],[99.04175866000003,0.7770449890000464],[99.00611412900008,0.8187523460000534],[98.99732506600003,0.8254255230000922],[98.98121178500003,0.8317324890000464],[98.97673587300005,0.8473574890000464],[98.98031660200007,0.8862165390000882],[98.97584069100003,0.9208438170000477],[98.91732832100007,1.1171735700000909],[98.85059655000003,1.2772891300000424],[98.83904056100005,1.3012556010000935],[98.83692467500003,1.3114688170000477],[98.83887780000003,1.3213565120000794],[98.84294681100005,1.3334414730000503],[98.84457441500007,1.345892645000049],[98.84001712300005,1.3567569030000755],[98.79908287900008,1.3987490910000702],[98.78858483200003,1.413804429000038],[98.77540123800003,1.4515648460000534],[98.77027428500003,1.4745954450000909],[98.76807701900003,1.4935977230000503],[98.76465905000003,1.4988467470000728],[98.75652103000004,1.5044619810000768],[98.74626712300005,1.508937893000052],[98.73698978000004,1.5106875670000477],[98.73023522200003,1.5143903670000896],[98.72584069100003,1.523627020000049],[98.72022545700003,1.5453962260000935],[98.70964603000004,1.5641136740000547],[98.71127363400007,1.5695661480000922],[98.72706139400003,1.5721703150000508],[98.73365319100003,1.5698916690000715],[98.74040774800005,1.5639102230000503],[98.74537194100003,1.5561384140000882],[98.74740644600007,1.5485293640000464],[98.75342858200003,1.5356306010000935],[98.76644941500007,1.549017645000049],[98.78858483200003,1.5864118510000935],[98.79818769600007,1.5990664730000503],[98.81885826900003,1.6196963560000768],[98.82260175900007,1.6304385440000715],[98.82357832100007,1.666693427000041],[98.81910241000003,1.682318427000041],[98.80591881600003,1.6888695330000587],[98.78809655000003,1.6913516300000424],[98.78370201900003,1.699042059000078],[98.78451582100007,1.7118594420000477],[98.78296959700003,1.7297223980000922],[98.77393639400003,1.7486026060000768],[98.76010175900007,1.7641462260000935],[98.72706139400003,1.791896877000056],[98.71501712300005,1.784979559000078],[98.71111087300005,1.779120184000078],[98.71273847700007,1.7639020850000406],[98.71509850400008,1.7639834660000702],[98.72494550900007,1.7568220070000393],[98.72706139400003,1.75649648600006],[98.72673587300005,1.7494164080000587],[98.72152754000007,1.7390811220000728],[98.72022545700003,1.7334658870000794],[98.71111087300005,1.7257754580000437],[98.69068444100003,1.7362735050000424],[98.65821373800003,1.7639020850000406],[98.57618248800003,1.8880882830000587],[98.53516686300003,1.9364688170000477],[98.44402103000004,1.9911563170000477],[98.42611738400007,1.9976260440000715],[98.40699303500003,2.001939195000091],[98.38786868600005,2.0034854190000715],[98.36597741000003,2.0028750670000477],[98.35450280000003,2.0038109400000508],[98.34961998800003,2.0072289080000587],[98.34937584700003,2.0214297550000424],[98.34717858200003,2.0289981140000464],[98.34115644600007,2.033392645000049],[98.32984459700003,2.0382754580000437],[98.31177819100003,2.0396182310000768],[98.28882897200003,2.0373395850000406],[98.26921634200005,2.0380720070000393],[98.26091556100005,2.0485293640000464],[98.25611412900008,2.0733096370000794],[98.24366295700003,2.0875511740000547],[98.20948326900003,2.1099307310000768],[98.15259850400008,2.156927802000041],[98.08961022200003,2.1958682310000768],[97.98357181100005,2.2443708350000406],[97.95590254000007,2.2717145850000406],[97.93336022200003,2.2697614600000406],[97.88111412900008,2.25031159100007],[97.86687259200005,2.2474632830000587],[97.85075931100005,2.251206773000092],[97.82943769600007,2.2642276060000768],[97.81771894600007,2.258937893000052],[97.80990644600007,2.263657945000091],[97.80339603000004,2.2720401060000768],[97.79476972700007,2.2778181010000935],[97.78614342500003,2.278021552000041],[97.76856530000003,2.2730166690000715],[97.75733483200003,2.271673895000049],[97.74439537900008,2.281073309000078],[97.70606530000003,2.346136786000045],[97.67644290500004,2.3759219420000477],[97.66358483200003,2.3920759140000882],[97.65821373800003,2.4115664730000503],[97.66114342500003,2.527329820000091],[97.64405358200003,2.6688906920000477],[97.60889733200003,2.8486188820000393],[97.60271243600005,2.8661970070000393],[97.59278405000003,2.87368398600006],[97.57740319100003,2.8759219420000477],[97.53532962300005,2.8882510440000715],[97.48462975400008,2.9130313170000477],[97.46387780000003,2.9196231140000464],[97.44166100400008,2.9221052100000406],[97.42212975400008,2.92837148600006],[97.40503991000003,2.943345445000091],[97.33204186300003,3.0313988300000574],[97.31348717500003,3.061672268000052],[97.30079186300003,3.0934105490000547],[97.28516686300003,3.1784528670000896],[97.27076256600003,3.2144229190000715],[97.24048912900008,3.238023179000038],[97.20671634200005,3.2407901060000768],[97.18262780000003,3.2459984400000508],[97.17164147200003,3.2548281920000477],[97.16635175900007,3.2679710960000534],[97.01856530000003,3.522691148000092],[96.99976647200003,3.5458845070000393],[96.92172285200007,3.6056989600000406],[96.90349368600005,3.6346703150000508],[96.89210045700003,3.6664899760000935],[96.88355553500003,3.682440497000073],[96.87305748800003,3.689276434000078],[96.86605879000007,3.6921247420000896],[96.84205162900008,3.7067324890000464],[96.83814537900008,3.712632554000038],[96.82886803500003,3.716620184000078],[96.81763756600003,3.7199160830000437],[96.80787194100003,3.7240664730000503],[96.77800540500004,3.742987372000073],[96.76050866000003,3.74868398600006],[96.55982506600003,3.7465681010000935],[96.51986738400007,3.7548281920000477],[96.47950280000003,3.7787132830000587],[96.43034915500004,3.8252627620000794],[96.27930748800003,4.025783596000053],[96.21143639400003,4.093939520000049],[96.20753014400003,4.100490627000056],[96.20191491000003,4.115179755000042],[96.19776451900003,4.121283270000049],[96.19092858200003,4.125962632000039],[96.17530358200003,4.132717190000051],[96.16765384200005,4.138373114000046],[96.15967858200003,4.141302802000041],[96.14714603000004,4.142482815000051],[96.13526451900003,4.141669012000079],[96.13013756600003,4.138373114000046],[96.12517337300005,4.136419989000046],[96.11378014400003,4.147162177000041],[96.06519616000003,4.205023505000042],[96.04965254000007,4.21430084800005],[96.03077233200003,4.217474677000041],[96.01002037900008,4.225653387000079],[95.90349368600005,4.344712632000039],[95.81413821700005,4.432847398000092],[95.80713951900003,4.446112372000073],[95.75896243600005,4.484442450000074],[95.72584069100003,4.531683661000045],[95.65650475400008,4.579982815000051],[95.61654707100007,4.628404039000088],[95.59896894600007,4.635199286000045],[95.57618248800003,4.634670315000051],[95.56544030000003,4.637518622000073],[95.56088300900007,4.645738023000092],[95.56324303500003,4.651556708000044],[95.57292728000004,4.660711981000077],[95.57520592500003,4.666571356000077],[95.57252037900008,4.673814195000091],[95.56666100400008,4.675197658000059],[95.55958092500003,4.674627997000073],[95.55404707100007,4.676214911000045],[95.52686608200003,4.697251695000091],[95.51514733200003,4.71352773600006],[95.48910566500007,4.7624372420000896],[95.46843509200005,4.789496161000045],[95.45997155000003,4.79718659100007],[95.44125410200007,4.810614325000074],[95.43433678500003,4.8171247420000896],[95.42628014400003,4.827337958000044],[95.42457116000003,4.83234284100007],[95.42505944100003,4.83734772300005],[95.42383873800003,4.847479559000078],[95.41846764400003,4.862494208000044],[95.40577233200003,4.887681382000039],[95.40015709700003,4.910549221000053],[95.38599694100003,4.9351260440000715],[95.37989342500003,4.960435289000088],[95.34888756600003,5.037502346000053],[95.33887780000003,5.053534247000073],[95.32447350400008,5.070298570000091],[95.31283613400007,5.087144273000092],[95.30591881600003,5.103583075000074],[95.29688561300003,5.116400458000044],[95.27979576900003,5.12250397300005],[95.29916425900007,5.150336005000042],[95.30160566500007,5.172430731000077],[95.29127037900008,5.191636460000041],[95.27295983200003,5.211167710000041],[95.25603274800005,5.2233747420000896],[95.24870853000004,5.231024481000077],[95.24561608200003,5.24164459800005],[95.24398847700007,5.256048895000049],[95.23951256600003,5.2708194030000755],[95.23194420700003,5.282294012000079],[95.22144616000003,5.286932684000078],[95.19898522200003,5.292873440000051],[95.20533287900008,5.307562567000048],[95.22217858200003,5.326402085000041],[95.23194420700003,5.344631252000056],[95.23389733200003,5.359320380000042],[95.24529056100005,5.379136460000041],[95.25171959700003,5.395575262000079],[95.25359134200005,5.41156647300005],[95.24968509200005,5.424953518000052],[95.23194420700003,5.4507510440000715],[95.24545332100007,5.4605166690000715],[95.23682701900003,5.474025783000059],[95.22388756600003,5.4895694030000755],[95.22510826900003,5.5054385440000715],[95.20362389400003,5.5336774760000935],[95.19727623800003,5.546372789000088],[95.21273847700007,5.573146877000056],[95.22388756600003,5.580267645000049],[95.23878014400003,5.574367580000057],[95.25049889400003,5.579046942000048],[95.26042728000004,5.577541408000059],[95.26970462300005,5.574408270000049],[95.27979576900003,5.574367580000057],[95.28834069100003,5.57876211100006],[95.30494225400008,5.591986395000049],[95.31576582100007,5.59796784100007],[95.33529707100007,5.612127997000073],[95.34522545700003,5.615301825000074],[95.35889733200003,5.616888739000046],[95.36915123800003,5.621283270000049],[95.41285241000003,5.649562893000052],[95.43189537900008,5.654689846000053],[95.44971764400003,5.649562893000052],[95.47706139400003,5.623602606000077],[95.49431399800005,5.612290757000039],[95.50269616000003,5.605129299000055],[95.51124108200003,5.603013414000088],[95.52125084700003,5.609198309000078],[95.53370201900003,5.622137762000079],[95.57618248800003,5.631252346000053],[95.61158287900008,5.626654364000046],[95.76221764400003,5.576849677000041],[95.83961022200003,5.528550523000092],[95.85547936300003,5.522162177000041],[95.87256920700003,5.519720770000049],[95.88754316500007,5.512152411000045],[95.89437910200007,5.493801174000055],[95.90357506600003,5.4507510440000715],[95.93043053500003,5.414496161000045],[96.05494225400008,5.313625393000052],[96.08806399800005,5.295477606000077],[96.12623131600003,5.281805731000077],[96.29053795700003,5.258978583000044],[96.30396569100003,5.254299221000053],[96.34441165500004,5.232326565000051],[96.36215254000007,5.225490627000056],[96.40658613400007,5.217230536000045],[96.42945397200003,5.2183291690000715],[96.44849694100003,5.228583075000074],[96.46631920700003,5.235541083000044],[96.48633873800003,5.229396877000056],[96.50709069100003,5.218573309000078],[96.52735436300003,5.211167710000041],[96.56763756600003,5.20844147300005],[96.65056399800005,5.21625397300005],[96.68490644600007,5.225490627000056],[96.78513172900006,5.259857206000049],[96.82837975400008,5.280178127000056],[96.84864342500003,5.276597398000092],[96.89437910200007,5.262111721000053],[96.90723717500003,5.262681382000039],[96.92286217500003,5.269476630000042],[96.97339928500003,5.273423570000091],[97.03019801000005,5.251295019000054],[97.07433856600005,5.238154799000085],[97.10964054600004,5.214092463000043],[97.14934477700007,5.198772387000076],[97.16602623800003,5.173732815000051],[97.17595462300005,5.161281643000052],[97.19516035200007,5.156642971000053],[97.22655294300006,5.146221342000047],[97.26836827800008,5.155068075000088],[97.49683678500003,5.251898505000042],[97.52621504000007,5.242254950000074],[97.66439863400007,5.073431708000044],[97.83008873800003,4.9387881530000755],[97.87387129000007,4.918850002000056],[97.89380944100003,4.9058291690000715],[97.90919030000003,4.889593817000048],[97.95606530000003,4.808010158000059],[97.96322675900007,4.789496161000045],[97.97535241000003,4.706244208000044],[97.98373457100007,4.678412177000041],[98.00700931100005,4.633856512000079],[98.00879967500003,4.62368398600006],[98.00709069100003,4.597723700000074],[97.99683678500003,4.570217190000051],[97.99252363400007,4.553778387000079],[97.99683678500003,4.5464541690000715],[98.02621504000007,4.553168036000045],[98.03882897200003,4.551947333000044],[98.04802493600005,4.539007880000042],[98.05396569100003,4.553168036000045],[98.06128991000003,4.554836330000057],[98.07593834700003,4.5464541690000715],[98.07886803500003,4.540513414000088],[98.08285566500007,4.536078192000048],[98.08961022200003,4.5327822940000715],[98.09400475400008,4.533189195000091],[98.10572350400008,4.5378278670000896],[98.11353600400008,4.539007880000042],[98.13819420700003,4.534409898000092],[98.15967858200003,4.522284247000073],[98.17611738400007,4.504828192000048],[98.18580162900008,4.484442450000074],[98.19214928500003,4.484442450000074],[98.19516035200007,4.489203192000048],[98.20191491000003,4.494086005000042],[98.20573978000004,4.498032945000091],[98.21900475400008,4.484767971000053],[98.24057050900007,4.456732489000046],[98.25416100400008,4.443426825000074],[98.26832116000003,4.432318427000041],[98.27556399800005,4.4253604190000715],[98.27857506600003,4.41547272300005],[98.28248131600003,4.364935614000046],[98.26775149800005,4.292629299000055],[98.26758873800003,4.287909247000073],[98.26636803500003,4.21157461100006],[98.26343834700003,4.202866929000038],[98.24048912900008,4.1901716170000896],[98.19613691500007,4.1751162780000755],[98.18580162900008,4.169745184000078],[98.18002363400007,4.158189195000091],[98.17807050900007,4.141831773000092],[98.17896569100003,4.108221747000073],[98.20183353000004,4.1321475280000755],[98.21705162900008,4.1441104190000715],[98.23707116000003,4.149237372000073],[98.23959394600007,4.153713283000059],[98.25684655000003,4.171779690000051],[98.26091556100005,4.1731631530000755],[98.26303144600007,4.1773135440000715],[98.29948978000004,4.089016018000052],[98.30567467500003,4.080308335000041],[98.36296634200005,4.087551174000055],[98.38445071700005,4.086493231000077],[98.40577233200003,4.078924872000073],[98.44166100400008,4.057521877000056],[98.46265709700003,4.05304596600007],[98.47722415500004,4.0462100280000755],[98.49756920700003,4.014553127000056],[98.50798587300005,4.004584052000041],[98.52637780000003,4.0032412780000755],[98.54420006600003,4.0051944030000755],[98.55779056100005,4.000799872000073],[98.56788170700003,3.9664574240000547],[98.57960045700003,3.9538434920000896],[98.59489993600005,3.94367096600007],[98.61036217500003,3.936346747000073],[98.67661980100007,3.9145469330000537],[98.70026879800008,3.8753043450000746],[98.69971764400003,3.8339297550000424],[98.71062259200005,3.8037783870000794],[98.79658192100004,3.725442643000065],[98.89658286500003,3.6814024080000536],[98.95753014400003,3.6713320980000503],[98.97790659800006,3.657914212000094],[99.00925159800005,3.6354170950000935],[99.02688536000005,3.629545113000063],[99.05235717900007,3.6217144960000383],[99.07391004800007,3.6089942860000406],[99.10134006900006,3.5825791670000626],[99.17976094400007,3.546337688000051],[99.27003805900006,3.4845857720000595],[99.36817467500003,3.407945054000038],[99.38396243600005,3.398871161000045],[99.42090905000003,3.3915469420000477],[99.43327884200005,3.382879950000074],[99.45386803500003,3.3609886740000547],[99.47877037900008,3.34601471600007],[99.48975670700003,3.33624909100007],[99.49756920700003,3.3095156920000477],[99.50603274800005,3.2959658870000794],[99.52767988400007,3.271551825000074],[99.55811608200003,3.244574286000045],[99.58936608200003,3.2279727230000503],[99.68531334700003,3.2047386740000547],[99.71949303500003,3.191595770000049],[99.73755944100003,3.1890322940000715],[99.75074303500003,3.180487372000073],[99.78158613400007,3.1207542990000547],[99.83399498800003,3.0724144550000574],[99.85287519600007,3.0472679710000534],[99.85792076900003,3.011460679000038],[99.88998457100007,3.018255927000041],[99.91130618600005,3.000067450000074],[99.93051191500007,2.975409247000073],[99.95728600400008,2.963080145000049],[99.97950280000003,2.948472398000092],[99.99024498800003,2.914496161000045],[99.99789472700007,2.79913971600007],[99.99586022200003,2.785589911000045],[99.98861738400007,2.7720401060000768],[99.97901451900003,2.7594668640000464],[99.97071373800003,2.7454287780000755],[99.96713300900007,2.727240302000041],[99.96461022200003,2.71938711100006],[99.95435631600003,2.7038434920000896],[99.95346113400007,2.6962344420000477],[99.95923912900008,2.6878929710000534],[99.96762129000007,2.6843122420000896],[99.97673587300005,2.682440497000073],[99.98414147200003,2.6787783870000794],[99.99268639400003,2.668768622000073],[99.99170983200003,2.6642113300000574],[99.98764082100007,2.6608747420000896],[99.98764082100007,2.65460846600007],[100.0,2.63464363793545]],[[100.0,2.685866485972559],[99.98023522200003,2.697333075000074],[99.97396894600007,2.7030703800000424],[99.98568769600007,2.7184512390000464],[100.0,2.724208044538256]]]}},{"type":"Feature","properties":{"id":145,"source":"Natural Earth","provenance":"REAL DATA"},"geometry":{"type":"LineString","coordinates":[[81.87598717500003,7.091945705000057],[81.88070722700007,7.327093817000048],[81.85572350400008,7.412176825000074],[81.84034264400003,7.436468817000048],[81.83806399800005,7.45766836100006],[81.83497155000003,7.4655622420000896],[81.82601972700007,7.4741885440000715],[81.82048587300005,7.476507880000042],[81.81869550900007,7.4733747420000896],[81.82089277400007,7.46710846600007],[81.82146243600005,7.4655622420000896],[81.82146243600005,7.465521552000041],[81.82146243600005,7.458726304000038],[81.81527754000007,7.450344143000052],[81.81104576900003,7.438544012000079],[81.80860436300003,7.424709377000056],[81.80779056100005,7.410711981000077],[81.80779056100005,7.410345770000049],[81.80095462300005,7.410345770000049],[81.80079186300003,7.410345770000049],[81.80103600400008,7.425197658000059],[81.79338626400005,7.465521552000041],[81.79330488400007,7.4655622420000896],[81.78711998800003,7.4655622420000896],[81.77906334700003,7.455308335000041],[81.77100670700008,7.456976630000042],[81.77003014400003,7.460842190000051],[81.76905358200008,7.4646263690000865],[81.76905358200008,7.464667059000078],[81.77979576900003,7.472357489000046],[81.77247155000003,7.47882721600007],[81.76954186300003,7.484523830000057],[81.76929772200003,7.485174872000073],[81.76758873800003,7.490179755000042],[81.76270592500003,7.4965681010000935],[81.75757897200003,7.5054385440000715],[81.76189212300005,7.511542059000078],[81.76905358200008,7.51703522300005],[81.77295983200008,7.5239118510000935],[81.77182050900007,7.5278181010000935],[81.76710045700008,7.537502346000053],[81.76693769600007,7.537909247000073],[81.76612389400003,7.540676174000055],[81.77182050900007,7.5659854190000715],[81.77295983200008,7.567979234000063],[81.77295983200008,7.568019924000055],[81.75456790500004,7.6145694030000755],[81.74903405000003,7.622544664000088],[81.72584069100003,7.639593817000048],[81.71404056100005,7.643744208000044],[81.71404056100005,7.6436628280000605],[81.71778405000003,7.630072333000044],[81.71159915500004,7.622544664000088],[81.70679772200003,7.631984768000052],[81.70508873800003,7.638861395000049],[81.70639082100007,7.644598700000074],[81.71151777400007,7.650498765000066],[81.71159915500004,7.650539455000057],[81.70069420700008,7.66860586100006],[81.69027754000007,7.680487372000073],[81.67701256600003,7.69281647300005],[81.66374759200005,7.705145575000074],[81.66529381600003,7.715847072000088],[81.66529381600003,7.715887762000079],[81.66277103000004,7.718939520000049],[81.65902754000007,7.723334052000041],[81.64820397200003,7.728705145000049],[81.63640384200005,7.733099677000041],[81.62891686300003,7.722886460000041],[81.61898847700007,7.719224351000037],[81.60743248800003,7.720851955000057],[81.59546959700003,7.726263739000046],[81.60254967500003,7.748439846000053],[81.61296634200005,7.759019273000092],[81.62476647200003,7.7600365260000785],[81.62647545700008,7.760199286000045],[81.62663821700005,7.760199286000045],[81.64323978000004,7.754136460000041],[81.65609785200007,7.743109442000048],[81.68067467500003,7.712062893000052],[81.69092858200008,7.705145575000074],[81.69100996200007,7.705186265000066],[81.71314537900008,7.711818752000056],[81.71070397200003,7.731146552000041],[81.69678795700008,7.752997137000079],[81.65365644600007,7.797756252000056],[81.65121504000007,7.801743882000039],[81.64332116000008,7.814642645000049],[81.63640384200005,7.8355166690000715],[81.62956790500004,7.8355166690000715],[81.60840905000003,7.831691799000055],[81.60824629000007,7.831691799000055],[81.59392337300005,7.848049221000053],[81.58757571700005,7.855292059000078],[81.57585696700005,7.8893903670000896],[81.57878665500004,7.900295315000051],[81.58171634200005,7.911200262000079],[81.58358808700007,7.912339585000041],[81.58545983200008,7.91351959800005],[81.58847089900007,7.91555410400008],[81.59083092500003,7.917141018000052],[81.59546959700003,7.91742584800005],[81.58814537900008,7.929429429000038],[81.58008873800003,7.9355736350000825],[81.56771894600007,7.944973049000055],[81.56072024800005,7.958400783000059],[81.56047610800005,7.9644229190000715],[81.56031334700003,7.970648505000042],[81.56381269600007,7.978705145000049],[81.56592858200008,7.986802476000037],[81.56308027400007,7.993638414000088],[81.56072024800005,7.999253648000092],[81.56072024800005,7.9993350280000755],[81.55551191500007,7.995347398000092],[81.54525800900007,7.990464585000041],[81.54029381600003,7.986395575000074],[81.54021243600005,7.986314195000091],[81.53956139400003,7.990790106000077],[81.53842207100007,7.992783921000068],[81.53809655000003,7.993394273000092],[81.53614342500003,7.995754299000055],[81.53394616000008,7.9993350280000755],[81.53834069100003,8.004299221000053],[81.53394616000008,8.013617255000042],[81.53101647200003,8.009019273000092],[81.52458743600005,8.00421784100007],[81.51970462300005,7.9993350280000755],[81.50733483200008,8.02757396000004],[81.50017337300005,8.03937409100007],[81.48902428500008,8.05149974200009],[81.48064212300005,8.065375067000048],[81.47242272200003,8.10146719000005],[81.47071373800003,8.10455963700008],[81.46436608200008,8.116034247000073],[81.45826256600003,8.116034247000073],[81.45240319100003,8.094549872000073],[81.43563886800007,8.093166408000059],[81.43555748800003,8.093166408000059],[81.41797936300003,8.105943101000037],[81.40984134200005,8.126898505000042],[81.40813235800005,8.130031643000052],[81.40805097700007,8.130072333000044],[81.39958743600005,8.132635809000078],[81.39625084700003,8.136542059000078],[81.39478600400008,8.14256419500009],[81.39478600400008,8.14752838700008],[81.39478600400008,8.147609768000052],[81.39551842500003,8.150458075000074],[81.39625084700003,8.150132554000038],[81.39503014400003,8.160101630000042],[81.39625084700003,8.191799221000053],[81.40357506600003,8.191799221000053],[81.41879316500007,8.150051174000055],[81.42025800900007,8.144232489000046],[81.43034915500004,8.103013414000088],[81.43034915500004,8.103135484000063],[81.44849694100003,8.12799713700008],[81.44060306100005,8.173529364000046],[81.41976972700007,8.243394273000092],[81.41667728000004,8.25377024900007],[81.41667728000004,8.253851630000042],[81.41456139400003,8.270086981000077],[81.41325931100005,8.27448151200008],[81.40560957100007,8.30101146000004],[81.39926191500007,8.339260158000059],[81.38851972700007,8.34406159100007],[81.37501061300003,8.34406159100007],[81.37484785200007,8.34406159100007],[81.36874433700007,8.346909898000092],[81.36207116000008,8.350043036000045],[81.35661868600005,8.362494208000044],[81.35621178500008,8.364976304000038],[81.35141035200007,8.39744700700004],[81.35181725400008,8.404689846000053],[81.36345462300005,8.39907461100006],[81.37671959700003,8.372544664000088],[81.38941491000008,8.363714911000045],[81.38892662900008,8.37718333500004],[81.38843834700003,8.39061107000009],[81.37281334700003,8.44212474200009],[81.36573326900003,8.482163804000038],[81.35743248800003,8.495835679000038],[81.34636478000004,8.507554429000038],[81.33423912900008,8.514471747000073],[81.33415774800005,8.514553127000056],[81.32309004000007,8.515326239000046],[81.31267337300005,8.512152411000045],[81.28638756600003,8.50023021000004],[81.29664147200003,8.47679271000004],[81.28109785200007,8.46702708500004],[81.23511803500008,8.466131903000075],[81.21314537900008,8.472398179000038],[81.19752037900008,8.487494208000044],[81.18458092500003,8.505601304000038],[81.17025800900007,8.520697333000044],[81.14942467500003,8.503648179000038],[81.13396243600005,8.501288153000075],[81.12940514400003,8.510321356000077],[81.14234459700003,8.52757396000004],[81.15902754000007,8.534572658000059],[81.17652428500008,8.530585028000075],[81.19385826900003,8.519964911000045],[81.20476321700005,8.511542059000078],[81.21062259200005,8.507066148000092],[81.21062259200005,8.507106838000084],[81.21802819100003,8.52252838700008],[81.21412194100003,8.53266022300005],[81.20704186300003,8.542141018000052],[81.20435631600003,8.555487372000073],[81.21225019600007,8.572699286000045],[81.22331790500004,8.570868231000077],[81.22331790500004,8.570827541000085],[81.22999108200008,8.557928778000075],[81.22486412900008,8.541815497000073],[81.22494550900007,8.541815497000073],[81.24976647200003,8.545803127000056],[81.24659264400003,8.570135809000078],[81.22494550900007,8.616848049000055],[81.22486412900008,8.616929429000038],[81.22112063900005,8.614935614000046],[81.21924889400003,8.61391836100006],[81.21176191500007,8.612005927000041],[81.20451907600005,8.610174872000073],[81.20435631600003,8.61009349200009],[81.21387780000003,8.621039130000042],[81.22429446700005,8.625799872000073],[81.23161868600005,8.63304271000004],[81.23170006600003,8.651068427000041],[81.22242272200003,8.66600169500009],[81.19459069100003,8.696112372000073],[81.19752037900008,8.70571523600006],[81.18783613400007,8.710964260000083],[81.18775475400008,8.711004950000074],[81.18230228000004,8.712225653000075],[81.17904707100007,8.708482164000088],[81.17652428500008,8.698879299000055],[81.16244550900007,8.751166083000044],[81.15015709700003,8.777167059000078],[81.12558027400007,8.788234768000052],[81.12549889400003,8.788275458000044],[81.11972089900007,8.794338283000059],[81.11426842500003,8.799994208000044],[81.09278405000003,8.851629950000074],[81.07813561300003,8.863348700000074],[81.05982506600003,8.868638414000088],[81.04672285200007,8.882147528000075],[81.01465905000003,8.936712958000044],[80.97852623800003,8.979966539000088],[80.97836347700007,8.980047919000071],[80.97169030000003,8.963568427000041],[80.96143639400003,8.945746161000045],[80.94760175900007,8.932928778000075],[80.93067467500003,8.93162669500009],[80.91496829500005,8.943874416000085],[80.91488691500007,8.943915106000077],[80.92432701900003,8.955023505000042],[80.93498782600005,8.96482982000009],[80.93506920700008,8.964911200000074],[80.92318769600007,8.973211981000077],[80.92286217500003,8.992254950000074],[80.88672936300003,9.025783596000053],[80.88266035200007,9.031398830000057],[80.87533613400007,9.041489976000037],[80.89128665500004,9.03424713700008],[80.91871178500008,9.02724844000005],[80.93067467500003,9.020982164000088],[80.94166100400008,9.003485419000071],[80.94434655000003,9.000555731000077],[80.95362389400003,9.003851630000042],[80.95826256600003,9.010891018000052],[80.95834394600007,9.01788971600007],[80.95606530000003,9.019802151000079],[80.95460045700008,9.020982164000088],[80.93531334700003,9.03343333500004],[80.91635175900007,9.062160549000055],[80.90219160200007,9.094183661000045],[80.90162194100003,9.09666575700004],[80.89649498800003,9.116522528000075],[80.89649498800003,9.116603908000059],[80.89193769600007,9.113430080000057],[80.88851972700007,9.111802476000037],[80.88550866000008,9.109320380000042],[80.88217207100007,9.103583075000074],[80.87549889400003,9.103583075000074],[80.87533613400007,9.103583075000074],[80.87322024800005,9.12523021000004],[80.87305748800003,9.126450914000088],[80.85857181100005,9.13548411700009],[80.84229576900003,9.13812897300005],[80.83448326900003,9.141750393000052],[80.84009850400008,9.155991929000038],[80.85336347700007,9.155747789000088],[80.87452233200008,9.14797597900008],[80.88217207100007,9.14516836100006],[80.88217207100007,9.145209052000041],[80.84416751400005,9.220404364000046],[80.83448326900003,9.239488023000092],[80.82390384200005,9.27049388200004],[80.81739342500003,9.27484772300005],[80.80355879000007,9.271633205000057],[80.80103600400008,9.263251044000071],[80.80103600400008,9.26321035400008],[80.80591881600003,9.251898505000042],[80.81397545700008,9.239488023000092],[80.81389407600005,9.239528713000084],[80.79363040500004,9.250555731000077],[80.74170983200008,9.298488674000055],[80.74040774800005,9.30101146000004],[80.73650149800005,9.308986721000053],[80.74439537900008,9.311346747000073],[80.76246178500008,9.308417059000078],[80.76254316500007,9.308335679000038],[80.76832116000008,9.30540599200009],[80.77881920700008,9.29197825700004],[80.77898196700005,9.291937567000048],[80.77979576900003,9.291571356000077],[80.78663170700008,9.28851959800005],[80.78671308700007,9.288560289000088],[80.79883873800003,9.294867255000042],[80.78516686300003,9.31240469000005],[80.76368248800003,9.332424221000053],[80.75245201900003,9.346258856000077],[80.74545332100007,9.357896226000037],[80.74439537900008,9.35968659100007],[80.46827233200008,9.581366278000075],[80.42920983200008,9.603461005000042],[80.40992272200003,9.61749909100007],[80.27898196700005,9.76984284100007],[80.26978600400008,9.78351471600007],[80.26059004000007,9.816229559000078],[80.24675540500004,9.825873114000046],[80.22681725400008,9.829575914000088],[80.18539472700007,9.827541408000059],[80.16456139400003,9.82408274900007],[80.15772545700008,9.822943427000041],[80.13672936300003,9.81391022300005],[80.13868248800003,9.79873281500005],[80.15381920700008,9.787990627000056],[80.21119225400008,9.774562893000052],[80.21119225400008,9.77452220300006],[80.24781334700003,9.755072333000044],[80.31983483200008,9.672756252000056],[80.40772545700008,9.601507880000042],[80.44402103000004,9.583319403000075],[80.44402103000004,9.575913804000038],[80.44402103000004,9.575873114000046],[80.44174238400007,9.57689036700009],[80.36963951900003,9.609849351000037],[80.33855228000004,9.62921784100007],[80.25033613400007,9.724269924000055],[80.22234134200005,9.754461981000077],[80.21900475400008,9.756374416000085],[80.21127363400007,9.76085032800006],[80.21119225400008,9.760891018000052],[80.20777428500008,9.76040273600006],[80.20289147200003,9.759711005000042],[80.19963626400005,9.758734442000048],[80.19117272200003,9.75617096600007],[80.18043053500008,9.755804755000042],[80.17595462300005,9.764593817000048],[80.17090905000003,9.767279364000046],[80.14698326900003,9.773382880000042],[80.13868248800003,9.774562893000052],[80.13013756600003,9.77732982000009],[80.12720787900008,9.78461334800005],[80.12818444100003,9.805568752000056],[80.12232506600003,9.818915106000077],[80.10743248800003,9.82062409100007],[80.06666100400008,9.816107489000046],[79.98853600400008,9.822943427000041],[79.98845462300005,9.822943427000041],[79.97071373800003,9.815130927000041],[79.93132571700005,9.779038804000038],[79.90967858200008,9.76829661700009],[79.91627037900008,9.756781317000048],[79.92652428500008,9.743516343000067],[79.93043053500008,9.738470770000049],[79.93702233200008,9.727362372000073],[79.94092858200008,9.714341539000088],[79.94288170700008,9.702826239000046],[79.94703209700003,9.693182684000078],[79.95801842500003,9.685736395000049],[79.95923912900008,9.69281647300005],[79.96729576900003,9.689601955000057],[79.97592207100007,9.684068101000037],[79.97820071700005,9.68268463700008],[80.00098717500003,9.674709377000056],[80.03931725400008,9.64484284100007],[80.08741295700008,9.618353583000044],[80.11133873800003,9.60846588700008],[80.13559004000007,9.60382721600007],[80.12468509200005,9.616034247000073],[80.10499108200008,9.632879950000074],[80.09408613400007,9.64476146000004],[80.09400475400008,9.64484284100007],[80.11548912900008,9.63572825700004],[80.15284264400003,9.603461005000042],[80.17204837300005,9.593573309000078],[80.17872155000003,9.588039455000057],[80.18604576900003,9.584133205000057],[80.19361412900008,9.586411851000037],[80.19996178500008,9.599188544000071],[80.19361412900008,9.609076239000046],[80.18287194100003,9.61717357000009],[80.17595462300005,9.624335028000075],[80.17359459700003,9.64866771000004],[80.18604576900003,9.648504950000074],[80.20460045700008,9.637884833000044],[80.25603274800005,9.615586656000062],[80.26693769600007,9.610825914000088],[80.26701907600005,9.610825914000088],[80.29753665500004,9.59125397300005],[80.36866295700008,9.530218817000048],[80.37794030000003,9.527533270000049],[80.41041100400008,9.52838776200008],[80.41570071700005,9.527492580000057],[80.42896569100003,9.517767645000049],[80.43287194100003,9.51976146000004],[80.43506920700008,9.523382880000042],[80.43620853000004,9.525091864000046],[80.44402103000004,9.52806224200009],[80.45639082100007,9.528713283000059],[80.46461022200003,9.529120184000078],[80.47144616000008,9.52806224200009],[80.47828209700003,9.52407461100006],[80.49634850400008,9.51048411700009],[80.49935957100007,9.509059963000084],[80.50245201900003,9.507635809000078],[80.52328535200007,9.503159898000092],[80.54672285200007,9.49241771000004],[80.61475670700008,9.446193752000056],[80.61459394600007,9.446193752000056],[80.56714928500008,9.455226955000057],[80.50424238400007,9.483303127000056],[80.45093834700003,9.497870184000078],[80.42660566500007,9.500189520000049],[80.33627363400007,9.464667059000078],[80.28687584700003,9.452704169000071],[80.26596113400007,9.46666087400007],[80.26587975400008,9.46670156500005],[80.27214603000004,9.473456122000073],[80.26856530000003,9.480292059000078],[80.26587975400008,9.487127997000073],[80.27808678500008,9.49327220300006],[80.27808678500008,9.493312893000052],[80.27222741000008,9.50413646000004],[80.24854576900003,9.524644273000092],[80.23340905000003,9.53424713700008],[80.17595462300005,9.548570054000038],[80.11573326900003,9.583238023000092],[80.08521569100003,9.595363674000055],[80.05298912900008,9.596380927000041],[80.06788170700008,9.57802969000005],[80.14185631600003,9.534979559000078],[80.16130618600005,9.52057526200008],[80.17603600400008,9.50617096600007],[80.18181399800005,9.498521226000037],[80.18751061300003,9.49087148600006],[80.19703209700003,9.473456122000073],[80.18555748800003,9.47166575700004],[80.17652428500008,9.468329169000071],[80.16920006600003,9.464016018000052],[80.16537519600007,9.461086330000057],[80.16285241000008,9.45921458500004],[80.14087975400008,9.43032461100006],[80.13184655000003,9.425726630000042],[80.11166425900007,9.422756252000056],[80.08708743600005,9.414984442000048],[80.06495201900003,9.404038804000038],[80.05298912900008,9.391546942000048],[80.05347741000008,9.378241278000075],[80.05827884200005,9.354803778000075],[80.05941816500007,9.351385809000078],[80.06617272200003,9.332586981000077],[80.07691491000008,9.322658596000053],[80.10450280000003,9.308417059000078],[80.11622155000003,9.306219794000071],[80.11622155000003,9.30617910400008],[80.11817467500003,9.300441799000055],[80.11597741000008,9.291937567000048],[80.11597741000008,9.23383209800005],[80.10979251400005,9.209458726000037],[80.10678144600007,9.197414455000057],[80.10564212300005,9.192857164000088],[80.07349694100003,9.11041901200008],[80.06666100400008,9.07562897300005],[80.05469811300003,9.050604559000078],[80.04802493600005,9.026271877000056],[80.03541100400008,9.015326239000046],[80.00513756600003,9.000555731000077],[79.94711347700007,8.94867584800005],[79.93824303500008,8.945990302000041],[79.92481530000003,8.943508205000057],[79.91553795700008,8.93854401200008],[79.91960696700005,8.928534247000073],[79.92481530000003,8.919745184000078],[79.92774498800003,8.90810781500005],[79.93018639400003,8.884466864000046],[79.93018639400003,8.884426174000055],[79.93018639400003,8.883490302000041],[79.92839603000004,8.812689520000049],[79.92644290500004,8.801906643000052],[79.95053144600007,8.739813544000071],[79.94166100400008,8.64248281500005],[79.93238366000008,8.622463283000059],[79.93018639400003,8.61351146000004],[79.92945397200003,8.61281972900008],[79.92807050900007,8.611517645000049],[79.91814212300005,8.580918687000064],[79.91651451900003,8.575995184000078],[79.90349368600005,8.562079169000071],[79.88738040500004,8.551214911000045],[79.87378991000008,8.53807200700004],[79.86801191500007,8.517645575000074],[79.86801191500007,8.47601959800005],[79.86589603000004,8.461411851000037],[79.86085045700008,8.454779364000046],[79.85425866000008,8.449286200000074],[79.84815514400003,8.438177802000041],[79.83863366000008,8.340521552000041],[79.82927493600005,8.298651434000078],[79.82715905000003,8.277736721000053],[79.82447350400008,8.26666901200008],[79.81137129000007,8.249660549000055],[79.80665123800003,8.240179755000042],[79.80469811300003,8.228989976000037],[79.80665123800003,8.22492096600007],[79.80860436300003,8.223089911000045],[79.81023196700005,8.221625067000048],[79.81291751400005,8.214504299000055],[79.81348717500003,8.21287669500009],[79.81348717500003,8.212632554000038],[79.81381269600007,8.20408763200004],[79.81267337300005,8.183335679000038],[79.81348717500003,8.171291408000059],[79.81657962300005,8.163804429000038],[79.82154381600003,8.156642971000053],[79.82585696700005,8.148098049000055],[79.82715905000003,8.136542059000078],[79.79346764400003,8.072821356000077],[79.79639733200008,8.061997789000088],[79.80640709700003,8.05565013200004],[79.81527754000007,8.044582424000055],[79.81885826900003,8.040187893000052],[79.82178795700008,8.034857489000046],[79.82935631600003,8.020900783000059],[79.83383222700007,8.003078518000052],[79.81023196700005,7.986517645000049],[79.76384524800005,7.990139065000051],[79.73194420700008,8.01312897300005],[79.75196373800003,8.054632880000042],[79.74699954500005,8.060492255000042],[79.72950280000003,8.08112213700008],[79.72820071700005,8.100978908000059],[79.72754967500003,8.110907294000071],[79.74447675900007,8.164496161000045],[79.74537194100003,8.17186107000009],[79.74447675900007,8.195502020000049],[79.74610436300003,8.20612213700008],[79.74976647200003,8.208929755000042],[79.75440514400003,8.209418036000045],[79.75879967500003,8.21287669500009],[79.76889082100007,8.232814846000053],[79.77857506600003,8.25999583500004],[79.76677493600005,8.259914455000057],[79.75709069100003,8.263739325000074],[79.74968509200005,8.271063544000071],[79.74862714900007,8.273057359000063],[79.74447675900007,8.28115469000005],[79.76335696700005,8.314398505000042],[79.77824954500005,8.349269924000055],[79.77857506600003,8.350043036000045],[79.74903405000003,8.303859768000052],[79.74447675900007,8.291408596000053],[79.74000084700003,8.272365627000056],[79.72877037900008,8.249701239000046],[79.71322675900007,8.229803778000075],[79.69678795700008,8.21906159100007],[79.70191491000008,8.20115794500009],[79.70720462300005,8.142075914000088],[79.70362389400003,8.123480536000045],[79.70142662900008,8.126898505000042],[79.70142662900008,8.12791575700004],[79.70110110800005,8.128200588000084],[79.70085696700005,8.128485419000071],[79.69678795700008,8.13031647300005],[79.69678795700008,8.09829336100006],[79.72193444100003,7.985541083000044],[79.73829186300003,7.944728908000059],[79.74838300900007,7.893011786000045],[79.76026451900003,7.868394273000092],[79.76295006600003,7.855454820000091],[79.78598066500007,7.743353583000044],[79.78589928500008,7.70648834800005],[79.78736412900008,7.697333075000074],[79.78882897200003,7.688177802000041],[79.79639733200008,7.674383856000077],[79.80201256600003,7.659328518000052],[79.80079186300003,7.649684963000084],[79.79957116000008,7.64008209800005],[79.79460696700005,7.620021877000056],[79.79297936300003,7.602728583000044],[79.78581790500004,7.607570705000057],[79.78272545700008,7.607123114000046],[79.77857506600003,7.602728583000044],[79.78467858200008,7.589789130000042],[79.83383222700007,7.232814846000053],[79.83179772200003,7.225734768000052],[79.82797285200007,7.2183291690000715],[79.82634524800005,7.21039459800005],[79.82992597700007,7.203192450000074],[79.83057701900003,7.20180898600006],[79.83643639400003,7.19790273600006],[79.84961998800003,7.195054429000038],[79.85434004000007,7.191839911000045],[79.85938561300003,7.180812893000052],[79.86158287900008,7.16742584800005],[79.86158287900008,7.167222398000092],[79.86182701900003,7.136664130000042],[79.86182701900003,7.136623440000051],[79.86125735800005,7.1371931010000935],[79.86117597700007,7.1371931010000935],[79.85865319100003,7.136542059000078],[79.85580488400007,7.132513739000046],[79.85434004000007,7.122951565000051],[79.84815514400003,7.122951565000051],[79.84343509200005,7.131008205000057],[79.83383222700007,7.164496161000045],[79.82911217500003,7.173244533000059],[79.82374108200008,7.180650132000039],[79.81999759200005,7.190252997000073],[79.82032311300003,7.205511786000045],[79.81373131600003,7.180731512000079],[79.86158287900008,7.011867580000057],[79.86158287900008,7.011664130000042],[79.86182701900003,7.000067450000074],[79.85922285200007,6.988674221000053],[79.84929446700005,6.964951890000066],[79.84815514400003,6.962144273000092],[79.84815514400003,6.8902041690000715],[79.84945722700007,6.882717190000051],[79.86304772200003,6.807196356000077],[79.94874108200008,6.588568427000041],[79.96957441500007,6.535345770000049],[79.97022545700008,6.531154690000051],[79.97787519600007,6.478705145000049],[79.97543379000007,6.478583075000074],[79.97535241000008,6.478583075000074],[79.97022545700008,6.47915273600006],[79.96534264400003,6.477728583000044],[79.96420332100007,6.471869208000044],[79.96697024800005,6.4663760440000715],[79.97144616000008,6.4624697940000715],[79.97575931100005,6.459865627000056],[79.97787519600007,6.458197333000044],[79.98210696700005,6.441026109000063],[79.99366295700008,6.3941104190000715],[80.01205488400007,6.361314195000091],[80.02051842500003,6.314642645000049],[80.02881920700008,6.297430731000077],[80.03052819100003,6.292385158000059],[80.03052819100003,6.2923037780000755],[80.03028405000003,6.284002997000073],[80.03003991000008,6.27570221600007],[80.03003991000008,6.275620835000041],[80.03199303500008,6.2663434920000896],[80.07813561300003,6.169338283000059],[80.08716881600003,6.157578843000067],[80.09058678500008,6.153143622000073],[80.09310957100007,6.14874909100007],[80.09278405000003,6.140285549000055],[80.09278405000003,6.140244859000063],[80.09400475400008,6.1360537780000755],[80.09628339900007,6.133327541000085],[80.09701582100007,6.1323916690000715],[80.09709720100005,6.13235097900008],[80.10377037900008,6.127142645000049],[80.18523196700005,6.041164455000057],[80.20386803500008,6.026190497000073],[80.21119225400008,6.033636786000045],[80.21135501400005,6.033555406000062],[80.22095787900008,6.028916734000063],[80.22584069100003,6.026556708000044],[80.24756920700008,6.009182033000059],[80.26002037900008,6.0065778670000896],[80.27751712300005,6.002997137000079],[80.32024173300005,5.98773834800005],[80.32732181100005,5.985256252000056],[80.32732181100005,5.985174872000073],[80.32813561300003,5.98468659100007],[80.33122806100005,5.982814846000053],[80.33757571700005,5.973822333000044],[80.33920332100007,5.972398179000038],[80.34099368600005,5.970933335000041],[80.34620201900003,5.970770575000074],[80.35010826900003,5.973537502000056],[80.35377037900008,5.976792710000041],[80.35840905000003,5.978420315000051],[80.36622155000003,5.976263739000046],[80.37045332100007,5.971584377000056],[80.37378991000008,5.966864325000074],[80.37859134200005,5.964748440000051],[80.38502037900008,5.963812567000048],[80.41195722700007,5.959947007000039],[80.42709394600007,5.961086330000057],[80.44402103000004,5.970933335000041],[80.44402103000004,5.970892645000049],[80.44719485800005,5.9661319030000755],[80.45142662900008,5.959784247000073],[80.45679772200003,5.948919989000046],[80.46517988400007,5.940659898000092],[80.48170006600003,5.937445380000042],[80.53956139400003,5.944281317000048],[80.54656009200005,5.942206122000073],[80.55665123800003,5.939154364000046],[80.57422936300003,5.930121161000045],[80.59083092500003,5.923732815000051],[80.59782962300005,5.925279039000088],[80.60482832100007,5.926906643000052],[80.62916100400008,5.945054429000038],[80.64291425900007,5.952866929000038],[80.65626061300003,5.957912502000056],[80.67335045700008,5.960353908000059],[80.67343183700007,5.960313218000067],[80.71436608200008,5.957912502000056],[80.73210696700005,5.978420315000051],[80.77059980600006,6.006740627000056],[80.80909264400003,6.035101630000042],[80.81853274800005,6.038763739000046],[80.83521569100003,6.045152085000041],[80.86231530000003,6.039862372000073],[80.87745201900003,6.061102606000077],[80.90267988400007,6.0707868510000935],[80.95801842500003,6.0807966170000896],[81.00847415500004,6.098049221000053],[81.11255944100003,6.120306708000044],[81.13428795700008,6.129828192000048],[81.15601647200003,6.14288971600007],[81.16765384200005,6.1480166690000715],[81.17644290500004,6.150376695000091],[81.18189537900008,6.1567243510000935],[81.18384850400008,6.173570054000038],[81.18767337300005,6.181586005000042],[81.19369550900007,6.183213609000063],[81.19532311300003,6.1836205100000825],[81.19548587300005,6.183661200000074],[81.20264733200008,6.17804596600007],[81.20272871200007,6.17719147300005],[81.20435631600003,6.16274648600006],[81.20443769600007,6.16274648600006],[81.32496178500008,6.20538971600007],[81.36207116000008,6.225409247000073],[81.54769941500007,6.3706729190000715],[81.57309004000007,6.38422272300005],[81.59205162900008,6.389878648000092],[81.65007571700005,6.430853583000044],[81.68148847700007,6.462144273000092],[81.77564537900008,6.610419012000079],[81.78663170700008,6.639268296000068],[81.78663170700008,6.63930898600006],[81.77979576900003,6.66360097900008],[81.77979576900003,6.6636416690000715],[81.78891035200007,6.677801825000074],[81.80827884200005,6.707953192000048],[81.81397545700008,6.725043036000045],[81.81714928500008,6.737494208000044],[81.83155358200008,6.765366929000038],[81.83497155000003,6.783433335000041],[81.83594811300003,6.805080471000053],[81.83855228000004,6.821437893000052],[81.88461347700007,6.980169989000046],[81.89031009200005,7.019924221000053],[81.88868248800003,7.040757554000038],[81.87842858200008,7.076117255000042],[81.87598717500003,7.091945705000057]]}},{"type":"Feature","properties":{"id":164,"source":"Natural Earth","provenance":"REAL DATA"},"geometry":{"type":"LineString","coordinates":[[80.96827233200008,15.79523346600007],[80.93726647200003,15.818915106000077],[80.88835696700005,15.84674713700008],[80.87916100400008,15.84007396000004],[80.86850019600007,15.81195709800005],[80.91797936300003,15.755113023000092],[80.94255618600005,15.741074937000064],[80.94263756600003,15.741034247000073],[80.97169030000003,15.750474351000037],[80.98487389400003,15.761786200000074],[80.98853600400008,15.770738023000092],[80.98316491000008,15.780747789000088],[80.96827233200008,15.79523346600007]]}},{"type":"Feature","properties":{"id":202,"source":"Natural Earth","provenance":"REAL DATA"},"geometry":{"type":"LineString","coordinates":[[55.0,17.020131873821096],[55.01091556100005,17.026271877000056],[55.02068118600005,17.01113515800006],[55.02686608200008,17.01113515800006],[55.07178795700008,17.042181708000044],[55.11255944100009,17.086859442000048],[55.12476647200003,17.09247467700004],[55.13298587300005,17.10504791900007],[55.13843834700003,17.118882554000038],[55.143565300000034,17.127834377000056],[55.158864780000044,17.13580963700008],[55.18921959700003,17.14476146000004],[55.19874108200008,17.15574778900009],[55.19548587300005,17.16083405200004],[55.205088738000086,17.176214911000045],[55.209320509000065,17.19354889500005],[55.21314537900008,17.202093817000048],[55.21924889400003,17.21039459800005],[55.228526238000086,17.216131903000075],[55.25473066500007,17.22870514500005],[55.26026451900003,17.23427969000005],[55.26514733200008,17.24705638200004],[55.26482181100005,17.254787502000056],[55.256846550000034,17.258205471000053],[55.250661655000044,17.263617255000042],[55.24952233200008,17.27610911700009],[55.25123131600009,17.289984442000048],[55.25342858200008,17.29913971600007],[55.29420006600009,17.352118231000077],[55.301117384000065,17.371161200000074],[55.300791863000086,17.416815497000073],[55.29322350400008,17.43768952000005],[55.273773634000065,17.457424221000053],[55.24008222700007,17.475165106000077],[55.229502800000034,17.48859284100007],[55.22543379000007,17.515448309000078],[55.22820071700005,17.538763739000046],[55.235036655000044,17.55882396000004],[55.26319420700008,17.60773346600007],[55.35572350400008,17.681586005000042],[55.369476759000065,17.69635651200008],[55.373383009000065,17.70331452000005],[55.388682488000086,17.744289455000057],[55.39307701900003,17.75214264500005],[55.40796959700003,17.768703518000052],[55.41732832100007,17.785223700000074],[55.431651238000086,17.824652411000045],[55.44516035200007,17.841009833000044],[55.45394941500007,17.845404364000046],[55.48682701900003,17.853989976000037],[55.488291863000086,17.853461005000042],[55.506602410000085,17.853989976000037],[55.51286868600005,17.857489325000074],[55.51734459700003,17.862250067000048],[55.522471550000034,17.866441148000092],[55.53052819100009,17.868312893000052],[55.55290774800005,17.870266018000052],[55.65349368600005,17.895331122000073],[55.90943444100009,17.906642971000053],[55.946055535000085,17.91547272300005],[56.010752800000034,17.940375067000048],[56.03109785200007,17.943426825000074],[56.116221550000034,17.93659088700008],[56.13835696700005,17.940578518000052],[56.16822350400008,17.95408763200004],[56.188487175000034,17.957098700000074],[56.34489993600005,17.93781159100007],[56.35629316500007,17.940008856000077],[56.35499108200008,17.96230703300006],[56.35767662900008,17.96979401200008],[56.40414472700007,18.01911041900007],[56.41130618600005,18.023179429000038],[56.42562910200007,18.027411200000074],[56.431976759000065,18.032171942000048],[56.46257571700005,18.084418036000045],[56.48414147200003,18.096502997000073],[56.52759850400008,18.11469147300005],[56.547211134000065,18.129706122000073],[56.561289910000085,18.149237372000073],[56.56373131600009,18.17023346600007],[56.548838738000086,18.189846096000053],[56.600596550000034,18.30540599200009],[56.60962975400008,18.347479559000078],[56.60962975400008,18.389064846000053],[56.612315300000034,18.399603583000044],[56.62126712300005,18.419582424000055],[56.62663821700005,18.43585846600007],[56.64112389400003,18.454901434000078],[56.64429772200003,18.467596747000073],[56.64340254000007,18.47919342700004],[56.63689212300005,18.51194896000004],[56.64112389400003,18.55927155200004],[56.65967858200008,18.595363674000055],[56.76644941500007,18.69684479400007],[56.77475019600007,18.707180080000057],[56.78467858200008,18.728583075000074],[56.80779056100005,18.74559153900009],[56.850352410000085,18.76581452000005],[56.915049675000034,18.810288804000038],[57.08375084700003,18.87636953300006],[57.20753014400003,18.909979559000078],[57.445323113000086,18.945339260000083],[57.50147545700008,18.953680731000077],[57.709727410000085,18.94399648600006],[57.719411655000044,18.946926174000055],[57.73194420700008,18.95380280200004],[57.742849155000044,18.961859442000048],[57.74732506600009,18.96784088700008],[57.752289259000065,18.973049221000053],[57.79712975400008,18.97923411700009],[57.801117384000065,18.98065827000005],[57.81568444100009,18.99176666900007],[57.84009850400008,19.015326239000046],[57.839854363000086,19.02997467700004],[57.80201256600009,19.09479401200008],[57.80298912900008,19.11513906500005],[57.81185957100007,19.15688711100006],[57.805674675000034,19.173000393000052],[57.78052819100009,19.201117255000042],[57.77084394600007,19.216945705000057],[57.750661655000044,19.268052476000037],[57.74830162900008,19.29100169500009],[57.75220787900008,19.31159088700008],[57.76905358200008,19.35761139500005],[57.773773634000065,19.382879950000074],[57.77393639400003,19.40965403900009],[57.76783287900008,19.437445380000042],[57.76026451900003,19.45408763200004],[57.71176191500007,19.52948639500005],[57.70443769600007,19.54873281500005],[57.70655358200008,19.568833726000037],[57.713877800000034,19.595038153000075],[57.71892337300005,19.607977606000077],[57.72055097700007,19.62262604400007],[57.71998131600009,19.65306224200009],[57.716807488000086,19.666815497000073],[57.70923912900008,19.67674388200004],[57.70045006600009,19.685980536000045],[57.693369988000086,19.69745514500005],[57.68921959700003,19.728176174000055],[57.69890384200005,19.754380601000037],[57.762054884000065,19.842962958000044],[57.77369225400008,19.86786530200004],[57.79037519600007,19.92401764500005],[57.81364993600005,19.976996161000045],[57.81568444100009,20.00657786700009],[57.81625410200007,20.020738023000035],[57.83171634200005,20.075344143000052],[57.847992384000065,20.111761786000045],[57.84197024800005,20.136053778000075],[57.823008660000085,20.176662502000056],[57.82374108200008,20.20107656500005],[57.83350670700008,20.21832916900007],[57.84489993600005,20.23118724200009],[57.850352410000085,20.24241771000004],[57.856130405000044,20.260646877000056],[57.87045332100007,20.277044989000046],[57.88843834700003,20.290716864000046],[57.905039910000085,20.30076732000009],[57.94874108200008,20.317572333000044],[57.96656334700003,20.330226955000057],[57.97388756600009,20.35228099200009],[57.970713738000086,20.361883856000077],[57.95655358200008,20.37693919500009],[57.95337975400008,20.386419989000046],[57.955821160000085,20.399562893000052],[57.96208743600005,20.41087474200009],[57.970713738000086,20.421210028000075],[57.99439537900008,20.442287502000056],[58.012461785000085,20.45343659100007],[58.03077233200008,20.46190013200004],[58.055349155000044,20.467230536000045],[58.06763756600009,20.472479559000078],[58.07585696700005,20.48004791900007],[58.07309004000007,20.489162502000056],[58.06657962300005,20.499823309000078],[58.06723066500007,20.511053778000075],[58.08448326900003,20.55805084800005],[58.090830925000034,20.566839911000045],[58.103526238000086,20.575140692000048],[58.14421634200005,20.585191148000035],[58.17628014400003,20.604722398000035],[58.205739780000044,20.613348700000074],[58.23487389400003,20.615668036000045],[58.25513756600009,20.60927969000005],[58.26417076900003,20.587632554000038],[58.26156660200007,20.55809153900009],[58.25131269600007,20.52920156500005],[58.23804772200003,20.50934479400007],[58.22828209700003,20.488836981000077],[58.23845462300005,20.443833726000037],[58.23462975400008,20.423651434000078],[58.22478274800005,20.43183014500005],[58.21729576900003,20.441555080000057],[58.213226759000065,20.45270416900007],[58.21338951900003,20.465277411000045],[58.20053144600007,20.424383856000077],[58.20289147200003,20.404730536000045],[58.22429446700005,20.39638906500005],[58.244151238000086,20.394232489000046],[58.279633009000065,20.384833075000074],[58.28451582100007,20.381984768000052],[58.27865644600007,20.377386786000045],[58.27556399800005,20.368475653000075],[58.290049675000034,20.37140534100007],[58.31381269600007,20.380804755000042],[58.32642662900008,20.38271719000005],[58.35914147200003,20.38157786700009],[58.37256920700008,20.377386786000045],[58.391612175000034,20.368475653000075],[58.41765384200005,20.35960521000004],[58.44581139400003,20.358628648000035],[58.467458530000044,20.369533596000053],[58.47413170700008,20.39638906500005],[58.48357181100005,20.40420156500005],[58.497080925000034,20.41079336100006],[58.510427280000044,20.415228583000044],[58.518565300000034,20.416815497000073],[58.521494988000086,20.424383856000077],[58.52686608200008,20.45770905200004],[58.53248131600009,20.465277411000045],[58.531260613000086,20.481390692000048],[58.54509524800005,20.516424872000073],[58.57048587300005,20.564276434000078],[58.573252800000034,20.590643622000073],[58.580821160000085,20.618475653000075],[58.591807488000086,20.64394765800006],[58.604502800000034,20.663275458000044],[58.61540774800005,20.672430731000077],[58.637461785000085,20.684393622000073],[58.64535566500007,20.691148179000038],[58.653330925000034,20.70526764500005],[58.660899285000085,20.73232656500005],[58.66651451900003,20.74640534100007],[58.67269941500007,20.74640534100007],[58.68181399800005,20.73590729400007],[58.699880405000044,20.740790106000077],[58.71810957100007,20.753648179000038],[58.72803795700008,20.766913153000075],[58.72934004000007,20.786810614000046],[58.71810957100007,20.78082916900007],[58.70134524800005,20.766017971000053],[58.686534050000034,20.759466864000046],[58.676442905000044,20.76439036700009],[58.66765384200005,20.772284247000073],[58.66146894600007,20.781642971000053],[58.65902754000007,20.790838934000078],[58.66130618600005,20.79633209800005],[58.66578209700003,20.801581122000073],[58.67269941500007,20.807847398000035],[58.673838738000086,20.80817291900007],[58.68148847700007,20.82648346600007],[58.680349155000044,20.82835521000004],[58.72217858200008,20.848049221000053],[58.739024285000085,20.862250067000048],[58.73487389400003,20.88300202000005],[58.792979363000086,20.927394924000055],[58.798838738000086,20.936021226000037],[58.80193118600005,20.946234442000048],[58.80445397200003,20.981594143000052],[58.80787194100009,20.990790106000077],[58.838552280000044,21.04450104400007],[58.854258660000085,21.065619208000044],[58.867930535000085,21.074774481000077],[58.87810306100005,21.083807684000078],[58.91920006600009,21.143703518000052],[59.05437259200005,21.277085679000038],[59.16627037900008,21.36277903900009],[59.195323113000086,21.37909577000005],[59.33619225400008,21.43773021000004],[59.34424889400003,21.44472890800006],[59.34750410200007,21.453558661000045],[59.35499108200008,21.485663153000075],[59.44857832100007,21.62490469000005],[59.46762129000007,21.666408596000053],[59.49789472700007,21.756333726000037],[59.57699629000007,21.856268622000073],[59.59343509200005,21.89276764500005],[59.60564212300005,21.910223700000074],[59.645274285000085,21.925848700000074],[59.655039910000085,21.945746161000045],[59.65967858200008,21.99404531500005],[59.67798912900008,22.041896877000056],[59.680674675000034,22.06509023600006],[59.688161655000044,22.08270905200004],[59.70492597700007,22.099554755000042],[59.734711134000065,22.123114325000074],[59.791758660000085,22.198065497000073],[59.81177819100009,22.23737213700008],[59.824880405000044,22.281398830000057],[59.84457441500007,22.445257880000042],[59.83936608200008,22.47528717700004],[59.824880405000044,22.50885651200008],[59.80323326900003,22.53473541900007],[59.776377800000034,22.541449286000045],[59.75635826900003,22.53847890800006],[59.74577884200005,22.538234768000052],[59.74154707100007,22.524725653000075],[59.75603274800005,22.509426174000055],[59.76254316500007,22.498602606000077],[59.75896243600005,22.49363841400009],[59.75277754000007,22.494208075000074],[59.746104363000086,22.49559153900009],[59.73975670700008,22.497788804000038],[59.734711134000065,22.500474351000037],[59.72803795700008,22.507635809000078],[59.727224155000044,22.51357656500005],[59.72836347700007,22.518133856000077],[59.728526238000086,22.52098216400009],[59.72584069100009,22.52610911700009],[59.72396894600007,22.536810614000046],[59.72120201900003,22.541449286000045],[59.71566816500007,22.542914130000042],[59.699961785000085,22.54092031500005],[59.69385826900003,22.541449286000045],[59.65349368600005,22.56972890800006],[59.62680097700007,22.579820054000038],[59.549815300000034,22.555121161000045],[59.535166863000086,22.553859768000052],[59.52312259200005,22.555121161000045],[59.51579837300005,22.56150950700004],[59.515635613000086,22.57558828300006],[59.52198326900003,22.57217031500005],[59.53044681100005,22.570054429000038],[59.53646894600007,22.57257721600007],[59.535492384000065,22.58307526200008],[59.52979576900003,22.58787669500009],[59.506846550000034,22.600083726000037],[59.48389733200008,22.618841864000046],[59.45248457100007,22.634100653000075],[59.41065514400003,22.670843817000048],[59.397227410000085,22.686102606000077],[59.391612175000034,22.70221588700008],[59.35181725400008,22.76117584800005],[59.31568444100009,22.77948639500005],[59.297536655000044,22.792710679000038],[59.289805535000085,22.81207916900007],[59.286143425000034,22.82648346600007],[59.250010613000086,22.91201406500005],[59.23226972700007,22.943019924000055],[59.20753014400003,22.970363674000055],[59.17367597700007,22.993963934000078],[59.12045332100007,23.022772528000075],[59.092539910000085,23.04364655200004],[59.087901238000086,23.04840729400007],[59.08366946700005,23.05536530200004],[59.07789147200003,23.085150458000044],[59.07374108200008,23.09324778900009],[59.010101759000065,23.15330638200004],[59.00171959700003,23.21238841400009],[58.98650149800005,23.232489325000074],[58.95622806100005,23.259426174000055],[58.94654381600009,23.275091864000046],[58.92945397200003,23.318101304000038],[58.91521243600005,23.336086330000057],[58.87916100400008,23.351263739000046],[58.82056725400008,23.40176015800006],[58.807627800000034,23.421128648000035],[58.79737389400003,23.46678294500009],[58.789398634000065,23.480617580000057],[58.792979363000086,23.49567291900007],[58.786143425000034,23.512111721000053],[58.762054884000065,23.54205963700008],[58.74952233200008,23.536444403000075],[58.74634850400008,23.537665106000077],[58.740977410000085,23.54205963700008],[58.73601321700005,23.53266022300005],[58.73487389400003,23.52838776200008],[58.72803795700008,23.52838776200008],[58.72681725400008,23.536078192000048],[58.724945509000065,23.54010651200008],[58.72291100400008,23.543402411000045],[58.72055097700007,23.54881419500009],[58.71436608200008,23.53514232000009],[58.70687910200007,23.53514232000009],[58.70240319100009,23.54295482000009],[58.69459069100009,23.55141836100006],[58.680349155000044,23.56248607000009],[58.67400149800005,23.56395091400009],[58.66684004000007,23.56391022300005],[58.66130618600005,23.56313711100006],[58.65902754000007,23.56248607000009],[58.65552819100009,23.565741278000075],[58.65154056100005,23.57054271000004],[58.647146030000044,23.57489655200004],[58.64210045700008,23.57680898600006],[58.63331139400003,23.585272528000075],[58.613291863000086,23.625067450000074],[58.604502800000034,23.637600002000056],[58.58415774800005,23.646958726000037],[58.56137129000007,23.65110911700009],[58.518565300000034,23.65192291900007],[58.49952233200008,23.65688711100006],[58.490896030000044,23.65656159100007],[58.48365319100009,23.63812897300005],[58.47486412900008,23.63153717700004],[58.45297285200007,23.623968817000048],[58.41195722700007,23.61619700700004],[58.36353600400008,23.61554596600007],[58.31723066500007,23.620917059000078],[58.28239993600005,23.631415106000077],[58.26417076900003,23.64484284100007],[58.22738691500007,23.67914459800005],[58.21029707100007,23.685980536000045],[58.19320722700007,23.68935781500005],[58.131602410000085,23.713324286000045],[58.08676191500007,23.72211334800005],[58.04314212300005,23.724554755000042],[57.912771030000044,23.71784088700008],[57.887705925000034,23.720851955000057],[57.85922285200007,23.734076239000046],[57.834971550000034,23.740057684000078],[57.82439212300005,23.74762604400007],[57.79574629000007,23.78221263200004],[57.777354363000086,23.785956122000073],[57.709727410000085,23.78221263200004],[57.68677819100009,23.783351955000057],[57.645192905000044,23.79043203300006],[57.58643639400003,23.807440497000073],[57.50961347700007,23.839097398000035],[57.32634524800005,23.884019273000035],[57.184255405000044,23.93427155200004],[57.15154056100005,23.953558661000045],[57.05827884200005,24.023098049000055],[56.939463738000086,24.11591217700004],[56.84107506600009,24.223822333000044],[56.83228600400008,24.252508856000077],[56.82309004000007,24.271144924000055],[56.801442905000044,24.30296458500004],[56.692149285000085,24.42523834800005],[56.63559004000007,24.47138092700004],[56.61117597700007,24.49632396000004],[56.49350019600007,24.70018138200004],[56.48682701900003,24.741848049000055],[56.48031660200007,24.76512278900009],[56.46957441500007,24.775336005000042],[56.40544681100005,24.897284247000073],[56.38331139400003,24.978216864000046],[56.361989780000044,25.05727773600006],[56.36223392000005,25.06826406500005],[56.365977410000085,25.20921458500004],[56.37525475400008,25.252752997000073],[56.37842858200008,25.28261953300006],[56.38266035200007,25.30223216400009],[56.38363691500007,25.31346263200004],[56.38298587300005,25.32127513200004],[56.38249759200005,25.32684967700004],[56.37916100400008,25.33462148600006],[56.37468509200005,25.34121328300006],[56.36996504000007,25.351304429000038],[56.36019941500007,25.367254950000074],[56.35922285200007,25.37641022300005],[56.36695397200003,25.38886139500005],[56.36833743600005,25.396307684000078],[56.36500084700003,25.423163153000075],[56.36378014400003,25.433254299000055],[56.36996504000007,25.52570221600007],[56.347992384000065,25.593085028000075],[56.34001712300005,25.60455963700008],[56.323252800000034,25.607814846000053],[56.30030358200008,25.616156317000048],[56.27906334700003,25.627427476000037],[56.273773634000065,25.63930898600006],[56.266612175000034,25.67259349200009],[56.273773634000065,25.709133205000057],[56.28793379000007,25.74160390800006],[56.301768425000034,25.762884833000044],[56.301768425000034,25.74176666900007],[56.31625410200007,25.74957916900007],[56.32740319100009,25.76239655200004],[56.34400475400008,25.789536851000037],[56.36378014400003,25.80687083500004],[56.36264082100007,25.830633856000077],[56.36378014400003,25.837958075000074],[56.37614993600005,25.85927969000005],[56.392588738000086,25.88043854400007],[56.399424675000034,25.90232982000009],[56.38363691500007,25.92609284100007],[56.393321160000085,25.93585846600007],[56.40788821700005,25.93740469000005],[56.424164259000065,25.93317291900007],[56.43897545700008,25.92609284100007],[56.44263756600009,25.939276434000078],[56.44548587300005,25.94245026200008],[56.45329837300005,25.94717031500005],[56.43116295700008,25.95270416900007],[56.42212975400008,25.95661041900007],[56.418304884000065,25.96393463700008],[56.405039910000085,25.98045482000009],[56.400401238000086,25.99046458500004],[56.42335045700008,26.00462474200009],[56.422862175000034,26.023138739000046],[56.408864780000044,26.034369208000044],[56.38363691500007,26.022284247000073],[56.38013756600009,26.038234768000052],[56.38917076900003,26.04710521000004],[56.418304884000065,26.057074286000045],[56.449229363000086,26.073553778000075],[56.46436608200008,26.08535390800006],[56.472992384000065,26.09861888200004],[56.38331139400003,26.097479559000078],[56.36378014400003,26.10488515800006],[56.36833743600005,26.114894924000055],[56.371104363000086,26.127834377000056],[56.370127800000034,26.139471747000073],[56.36378014400003,26.145819403000075],[56.35303795700008,26.142645575000074],[56.344737175000034,26.13182200700004],[56.335948113000086,26.11163971600007],[56.33171634200005,26.124212958000044],[56.32976321700005,26.137111721000053],[56.33090254000007,26.149318752000056],[56.335948113000086,26.160101630000042],[56.328786655000044,26.17283763200004],[56.34359785200007,26.19139232000009],[56.36841881600009,26.20453522300005],[56.39112389400003,26.20107656500005],[56.38363691500007,26.198065497000073],[56.378916863000086,26.192531643000052],[56.376963738000086,26.184393622000073],[56.37745201900003,26.17373281500005],[56.383148634000065,26.176988023000035],[56.39828535200007,26.183417059000078],[56.40414472700007,26.186753648000035],[56.404958530000044,26.17059967700004],[56.412445509000065,26.15843333500004],[56.424571160000085,26.15379466400009],[56.43897545700008,26.160101630000042],[56.44776451900003,26.153143622000073],[56.457367384000065,26.14842357000009],[56.46810957100007,26.14598216400009],[56.47982832100007,26.145819403000075],[56.47291100400008,26.164007880000042],[56.459727410000085,26.174261786000045],[56.44459069100009,26.18235911700009],[56.431976759000065,26.194240627000056],[56.43539472700007,26.200140692000048],[56.43685957100007,26.20526764500005],[56.43580162900008,26.21161530200004],[56.431976759000065,26.221502997000073],[56.44304446700005,26.220445054000038],[56.45329837300005,26.221502997000073],[56.459646030000044,26.202093817000048],[56.468760613000086,26.205511786000045],[56.487315300000034,26.235174872000073],[56.47624759200005,26.249172268000052],[56.46534264400003,26.247259833000044],[56.45492597700007,26.23932526200008],[56.44581139400003,26.235174872000073],[56.432302280000044,26.239447333000044],[56.420909050000034,26.24762604400007],[56.39861087300005,26.268703518000052],[56.407237175000034,26.279120184000078],[56.40748131600009,26.284857489000046],[56.406260613000086,26.284898179000038],[56.422862175000034,26.294623114000046],[56.45281009200005,26.31834544500009],[56.46957441500007,26.323919989000046],[56.49496504000007,26.322739976000037],[56.50896243600005,26.32371653900009],[56.51107832100007,26.33348216400009],[56.500987175000034,26.358710028000075],[56.47982832100007,26.35187409100007],[56.48178144600007,26.347357489000046],[56.48519941500007,26.335882880000042],[56.487315300000034,26.331366278000075],[56.47437584700003,26.33079661700009],[56.46216881600009,26.331854559000078],[56.43897545700008,26.337591864000046],[56.43189537900008,26.342962958000044],[56.42693118600005,26.34959544500009],[56.42107181100005,26.352118231000077],[56.41163170700008,26.345038153000075],[56.40870201900003,26.352362372000073],[56.40650475400008,26.354803778000075],[56.406911655000044,26.357367255000042],[56.41163170700008,26.364935614000046],[56.40414472700007,26.372300523000035],[56.399099155000044,26.36790599200009],[56.38363691500007,26.358710028000075],[56.36996504000007,26.385972398000035],[56.36378014400003,26.385972398000035],[56.36052493600005,26.37128327000005],[56.36182701900003,26.34951406500005],[56.35629316500007,26.337591864000046],[56.34400475400008,26.323919989000046],[56.33814537900008,26.320705471000053],[56.332041863000086,26.320746161000045],[56.326508009000065,26.318915106000077],[56.322276238000086,26.30963776200008],[56.333994988000086,26.30613841400009],[56.34782962300005,26.297430731000077],[56.35906009200005,26.28733958500004],[56.36378014400003,26.27952708500004],[56.358409050000034,26.264960028000075],[56.34522545700008,26.269232489000046],[56.31592858200008,26.29043203300006],[56.31592858200008,26.274644273000035],[56.30827884200005,26.23261139500005],[56.30844160200007,26.221502997000073],[56.31959069100009,26.217922268000052],[56.33130944100009,26.223456122000073],[56.34115644600007,26.23232656500005],[56.34685306100005,26.23859284100007],[56.35572350400008,26.243394273000035],[56.367849155000044,26.244086005000042],[56.387380405000044,26.242010809000078],[56.394541863000086,26.239162502000056],[56.402354363000086,26.232082424000055],[56.406911655000044,26.223130601000037],[56.40414472700007,26.21474844000005],[56.397471550000034,26.21385325700004],[56.36695397200003,26.221502997000073],[56.35629316500007,26.219142971000053],[56.329112175000034,26.20107656500005],[56.317393425000034,26.20062897300005],[56.30884850400008,26.204738674000055],[56.30193118600005,26.20530833500004],[56.294932488000086,26.194240627000056],[56.29184004000007,26.211859442000048],[56.279958530000044,26.223089911000045],[56.26685631600009,26.227484442000048],[56.260752800000034,26.22459544500009],[56.25554446700005,26.218085028000075],[56.229502800000034,26.21678294500009],[56.21989993600005,26.207831122000073],[56.21241295700008,26.207831122000073],[56.216807488000086,26.22211334800005],[56.21989993600005,26.227728583000044],[56.20826256600009,26.24404531500005],[56.20915774800005,26.257554429000038],[56.20826256600009,26.26308828300006],[56.19190514400003,26.255072333000044],[56.18181399800005,26.24599844000005],[56.15772545700008,26.20107656500005],[56.09148196700005,26.10651276200008],[56.082041863000086,26.070705471000053],[56.07748457100007,26.061346747000073],[56.07740319100009,26.061061916000085],[56.073252800000034,26.05231354400007],[56.055349155000044,25.988755601000037],[56.03370201900003,25.946437893000052],[56.00757897200003,25.90688711100006],[56.01693769600007,25.91046784100007],[56.02466881600009,25.916449286000045],[56.03060957100007,25.924261786000045],[56.034190300000034,25.933539130000042],[56.041026238000086,25.933539130000042],[56.03687584700003,25.91510651200008],[56.03077233200008,25.900864976000037],[56.02320397200003,25.889227606000077],[56.014414910000085,25.878851630000042],[55.97234134200005,25.84284088700008],[55.96599368600005,25.83421458500004],[55.96371504000007,25.815375067000048],[55.95443769600007,25.78709544500009],[55.95232181100005,25.77212148600006],[55.94849694100009,25.76894765800006],[55.94125410200007,25.770697333000044],[55.93718509200005,25.776678778000075],[55.94743899800005,25.794094143000052],[55.953786655000044,25.814601955000057],[55.959727410000085,25.82367584800005],[55.93246504000007,25.802557684000078],[55.87810306100005,25.740057684000078],[55.842458530000044,25.713812567000048],[55.812836134000065,25.70652903900009],[55.80836022200003,25.70416901200008],[55.803477410000085,25.697414455000057],[55.79224694100009,25.69204336100006],[55.77955162900008,25.688421942000048],[55.770518425000034,25.687160549000055],[55.75953209700003,25.67967357000009],[55.73389733200008,25.64679596600007],[55.69947350400008,25.634711005000042],[55.68344160200007,25.623521226000037],[55.656911655000044,25.597723700000074],[55.64812259200005,25.583156643000052],[55.63257897200003,25.544175523000035],[55.62631269600007,25.536322333000044],[55.60515384200005,25.532945054000038],[55.58334394600007,25.52684153900009],[55.56373131600009,25.52374909100007],[55.54818769600007,25.52948639500005],[55.54224694100009,25.54254791900007],[55.54859459700003,25.55487702000005],[55.559580925000034,25.568304755000042],[55.56812584700003,25.58466217700004],[55.55103600400008,25.578599351000037],[55.53565514400003,25.56240469000005],[55.52466881600009,25.542629299000055],[55.520274285000085,25.52570221600007],[55.51335696700005,25.50885651200008],[55.50049889400003,25.492987372000073],[55.494151238000086,25.48078034100007],[55.506602410000085,25.47483958500004],[55.49561608200008,25.466131903000075],[55.48609459700003,25.44993724200009],[55.47250410200007,25.41278717700004],[55.46566816500007,25.419623114000046],[55.46119225400008,25.407375393000052],[55.45533287900008,25.39988841400009],[55.449554884000065,25.40062083500004],[55.44516035200007,25.41278717700004],[55.43897545700008,25.41278717700004],[55.407237175000034,25.372748114000046],[55.387054884000065,25.357082424000055],[55.376963738000086,25.364976304000038],[55.36548912900008,25.358587958000044],[55.359385613000086,25.348578192000048],[55.35865319100009,25.33657461100006],[55.363291863000086,25.324042059000078],[55.34815514400003,25.324774481000077],[55.33936608200008,25.321437893000052],[55.309255405000044,25.29173411700009],[55.303721550000034,25.283026434000078],[55.30640709700003,25.275051174000055],[55.326508009000065,25.24119700700004],[55.33423912900008,25.219224351000037],[55.328868035000085,25.20148346600007],[55.301117384000065,25.19367096600007],[55.31421959700003,25.212062893000052],[55.318369988000086,25.22528717700004],[55.31332441500007,25.23891836100006],[55.29835045700008,25.25849030200004],[55.28239993600005,25.260687567000048],[55.26335696700005,25.244940497000073],[55.26417076900003,25.23118724200009],[55.25904381600009,25.215277411000045],[55.156911655000044,25.09674713700008],[55.08228600400008,25.016831773000035],[55.07764733200008,25.02024974200009],[55.04460696700005,25.01390208500004],[55.04997806100005,24.993394273000035],[55.022227410000085,24.97882721600007],[55.01799563900005,24.976507880000042],[55.01579837300005,24.97532786700009],[55.014008009000065,24.974351304000038],[55.010752800000034,24.972601630000042],[55.005869988000086,24.969916083000044],[55.003347201000054,24.969142971000053],[55.0,24.968152472710663]]}},{"type":"Feature","properties":{"id":230,"source":"Natural Earth","provenance":"REAL DATA"},"geometry":{"type":"LineString","coordinates":[[55.0,26.623098341256505],[55.02686608200008,26.642645575000074],[55.03793379000007,26.648911851000037],[55.10328209700003,26.701320705000057],[55.118174675000034,26.707586981000077],[55.162119988000086,26.719142971000053],[55.181651238000086,26.721177476000037],[55.20590254000007,26.726385809000078],[55.215586785000085,26.739488023000035],[55.221039259000065,26.75739166900007],[55.23292076900003,26.77643463700008],[55.27084394600007,26.79254791900007],[55.316742384000065,26.78709544500009],[55.39730879000007,26.762152411000045],[55.44223066500007,26.759914455000057],[55.48406009200005,26.767523505000042],[55.52173912900008,26.78457265800006],[55.55445397200003,26.81053294500009],[55.56853274800005,26.83079661700009],[55.580414259000065,26.859116929000038],[55.58643639400003,26.889064846000053],[55.582367384000065,26.91356028900009],[55.57504316500007,26.907171942000048],[55.56885826900003,26.904120184000078],[55.55445397200003,26.89988841400009],[55.60857181100005,26.953680731000077],[55.61963951900003,26.961371161000045],[55.63233483200008,26.96751536700009],[55.66586347700007,26.995428778000075],[55.68482506600009,27.00299713700008],[55.69483483200008,27.002752997000073],[55.72632897200003,26.996161200000074],[55.763682488000086,26.996161200000074],[55.772471550000034,26.99827708500004],[55.78728274800005,27.00771719000005],[55.79835045700008,27.00975169500009],[55.83179772200003,27.008734442000048],[55.842458530000044,27.00975169500009],[55.883799675000034,27.018744208000044],[55.928396030000044,27.02342357000009],[55.93930097700007,27.026678778000075],[55.95753014400003,27.040757554000038],[55.96273847700007,27.04393138200004],[55.96314537900008,27.048041083000044],[55.987315300000034,27.066351630000042],[56.05453535200007,27.10260651200008],[56.07178795700008,27.115627346000053],[56.080414259000065,27.120754299000055],[56.08814537900008,27.122219143000052],[56.09351647200003,27.125555731000077],[56.09555097700007,27.13613515800006],[56.09888756600009,27.141017971000053],[56.115570509000065,27.15574778900009],[56.123708530000044,27.160630601000037],[56.15015709700003,27.165350653000075],[56.215179884000065,27.16787344000005],[56.23658287900008,27.177069403000075],[56.25961347700007,27.191229559000078],[56.29118899800005,27.198472398000035],[56.35303795700008,27.201605536000045],[56.38412519600007,27.19749583500004],[56.436534050000034,27.178859768000052],[56.46615644600007,27.173651434000078],[56.52857506600009,27.170721747000073],[56.558604363000086,27.165187893000052],[56.58285566500007,27.153143622000073],[56.58969160200007,27.160630601000037],[56.612315300000034,27.154242255000042],[56.71607506600009,27.153143622000073],[56.725596550000034,27.148830471000053],[56.733083530000044,27.139227606000077],[56.74236087300005,27.12958405200004],[56.75733483200008,27.12523021000004],[56.78443444100009,27.12531159100007],[56.797211134000065,27.129339911000045],[56.80884850400008,27.139553127000056],[56.815196160000085,27.117010809000078],[56.83139082100007,27.096136786000045],[56.85531660200007,27.081691799000055],[56.88461347700007,27.078070380000042],[56.88461347700007,27.07062409100007],[56.875987175000034,27.064398505000042],[56.858409050000034,27.047430731000077],[56.853526238000086,27.04393138200004],[56.844086134000065,27.040228583000044],[56.843760613000086,27.032904364000046],[56.850596550000034,27.02765534100007],[56.86345462300005,27.03025950700004],[56.86296634200005,27.020086981000077],[56.86548912900008,27.011867580000057],[56.87134850400008,27.00844961100006],[56.89087975400008,27.01703522300005],[56.89779707100007,27.013006903000075],[56.903086785000085,27.006415106000077],[56.908213738000086,27.00299713700008],[56.913096550000034,27.000799872000073],[56.91724694100009,26.99607982000009],[56.92310631600009,26.991400458000044],[56.932383660000085,26.98932526200008],[56.94255618600005,26.991115627000056],[56.973317905000044,27.00299713700008],[56.96705162900008,26.99481842700004],[56.963552280000044,26.98505280200004],[56.964854363000086,26.97565338700008],[56.973317905000044,26.968817450000074],[56.96111087300005,26.96385325700004],[56.95101972700007,26.958156643000052],[56.940114780000044,26.954291083000044],[56.92554772200003,26.955145575000074],[56.93572024800005,26.94554271000004],[56.96648196700005,26.92723216400009],[56.965179884000065,26.91111888200004],[56.977305535000085,26.895331122000073],[57.01124108200008,26.868882554000038],[57.02491295700008,26.85097890800006],[57.09001712300005,26.618801174000055],[57.09343509200005,26.572211005000042],[57.07634524800005,26.44745514500005],[57.07667076900003,26.43821849200009],[57.08033287900008,26.415350653000075],[57.08318118600005,26.40648021000004],[57.087901238000086,26.398993231000077],[57.10710696700005,26.38226959800005],[57.118174675000034,26.36432526200008],[57.12525475400008,26.341864325000074],[57.13103274800005,26.296616929000038],[57.13843834700003,26.29043203300006],[57.13306725400008,26.263739325000074],[57.199229363000086,26.198187567000048],[57.212901238000086,26.16624583500004],[57.20199629000007,26.146226304000038],[57.170909050000034,26.115627346000053],[57.16456139400003,26.094916083000044],[57.166758660000085,26.08299388200004],[57.176524285000085,26.06354401200008],[57.18051191500007,26.04686107000009],[57.194102410000085,26.010972398000035],[57.19678795700008,25.999172268000052],[57.19857832100007,25.995021877000056],[57.20264733200008,25.993882554000038],[57.21534264400003,25.995835679000038],[57.219737175000034,25.995021877000056],[57.24203535200007,25.97089264500005],[57.24366295700008,25.96702708500004],[57.25359134200005,25.95897044500009],[57.26197350400008,25.939886786000045],[57.274424675000034,25.89940013200004],[57.29867597700007,25.84870026200008],[57.30437259200005,25.799750067000048],[57.311534050000034,25.784125067000048],[57.326182488000086,25.777004299000055],[57.459971550000034,25.76902903900009],[57.45248457100007,25.762884833000044],[57.52068118600005,25.74355703300006],[57.545583530000044,25.74176666900007],[57.55583743600005,25.74282461100006],[57.57569420700008,25.74750397300005],[57.58716881600009,25.748521226000037],[57.59880618600005,25.74640534100007],[57.61963951900003,25.73700592700004],[57.631846550000034,25.734930731000077],[57.68718509200005,25.74640534100007],[57.709727410000085,25.748521226000037],[57.734711134000065,25.747707424000055],[57.75562584700003,25.742743231000077],[57.77125084700003,25.73045482000009],[57.78150475400008,25.707586981000077],[57.78305097700007,25.699774481000077],[57.78248131600009,25.696112372000073],[57.77979576900003,25.691148179000038],[57.77588951900003,25.67967357000009],[57.77173912900008,25.635565497000073],[57.787445509000065,25.63544342700004],[57.80941816500007,25.647772528000075],[57.84351647200003,25.67283763200004],[57.88404381600009,25.69163646000004],[57.92530358200008,25.701320705000057],[57.963226759000065,25.693182684000078],[57.99431399800005,25.65916575700004],[58.024180535000085,25.60187409100007],[58.04623457100007,25.57493724200009],[58.07309004000007,25.563625393000052],[58.106211785000085,25.55890534100007],[58.13786868600005,25.54979075700004],[58.17042076900003,25.544094143000052],[58.20728600400008,25.549302476000037],[58.24244225400008,25.571437893000052],[58.24830162900008,25.573879299000055],[58.251963738000086,25.566839911000045],[58.260752800000034,25.565741278000075],[58.27100670700008,25.56867096600007],[58.27898196700005,25.573879299000055],[58.29070071700005,25.583726304000038],[58.295583530000044,25.58388906500005],[58.29900149800005,25.579820054000038],[58.30591881600009,25.577297268000052],[58.321055535000085,25.58079661700009],[58.344086134000065,25.598130601000037],[58.35759524800005,25.60455963700008],[58.389659050000034,25.610296942000048],[58.418955925000034,25.61200592700004],[58.41179446700005,25.59601471600007],[58.43051191500007,25.587958075000074],[58.48414147200003,25.58466217700004],[58.54639733200008,25.59365469000005],[58.72803795700008,25.563625393000052],[58.81373131600009,25.563625393000052],[58.825205925000034,25.560370184000078],[58.83057701900003,25.55231354400007],[58.83415774800005,25.54238515800006],[58.84034264400003,25.532904364000046],[58.849619988000086,25.52879466400009],[58.88445071700005,25.52948639500005],[58.92351321700005,25.513373114000046],[58.94809004000007,25.48651764500005],[58.99431399800005,25.419623114000046],[59.00733483200008,25.40973541900007],[59.024180535000085,25.403225002000056],[59.043955925000034,25.399603583000044],[59.06690514400003,25.398504950000074],[59.076182488000086,25.40070221600007],[59.08545983200008,25.40460846600007],[59.094086134000065,25.406398830000057],[59.10132897200003,25.40224844000005],[59.10873457100007,25.395697333000044],[59.117198113000086,25.394191799000055],[59.13835696700005,25.398504950000074],[59.195323113000086,25.42291901200008],[59.251068556000064,25.43073151200008],[59.27914472700007,25.434719143000052],[59.39728810300005,25.451845653000078],[59.45390175600005,25.461607493000088],[59.49044337100008,25.443466614000045],[59.53798983300004,25.399749989000043],[59.61399704300004,25.38377666000008],[59.65913449300007,25.38336122900006],[59.77487302600008,25.389868583000066],[59.819865493000066,25.379201443000056],[59.861696244000086,25.34305680300008],[59.90380595600004,25.32986334900005],[59.94082283800003,25.354911352000045],[59.994423416000075,25.356849768000075],[60.04532534300006,25.363858323000045],[60.08203819300007,25.365949817000057],[60.09791100400008,25.35814036700009],[60.10889733200008,25.34511953300006],[60.11670983200008,25.33982982000009],[60.15088951900003,25.335272528000075],[60.16187584700003,25.331976630000042],[60.181976759000065,25.31989166900007],[60.20920955000008,25.319688555000084],[60.21597377000006,25.338280241000064],[60.19507897200003,25.351223049000055],[60.19255618600005,25.35614655200004],[60.19255618600005,25.36200592700004],[60.201508009000065,25.371161200000074],[60.207367384000065,25.373114325000074],[60.235036655000044,25.37799713700008],[60.27125084700003,25.37958405200004],[60.289398634000065,25.37718333500004],[60.30396569100009,25.371161200000074],[60.29965254000007,25.367254950000074],[60.29029381600009,25.351304429000038],[60.31922334500007,25.329851431000066],[60.36255944100009,25.330552476000037],[60.382823113000086,25.320257880000042],[60.42352348400004,25.304964792000078],[60.45564507600005,25.292790076000074],[60.46724586900007,25.29027590600009],[60.47006285100008,25.303086656000062],[60.44109134200005,25.31659577000005],[60.44125410200007,25.318793036000045],[60.45220669400004,25.31738461100008],[60.44166100400008,25.32758209800005],[60.43767337300005,25.333929755000042],[60.43344160200007,25.336493231000077],[60.424815300000034,25.336371161000045],[60.41374759200005,25.34129466400009],[60.406911655000044,25.341945705000057],[60.40202884200005,25.344671942000048],[60.39812259200005,25.364976304000038],[60.39503014400003,25.37132396000004],[60.395274285000085,25.377875067000048],[60.403330925000034,25.38886139500005],[60.418955925000034,25.405991929000038],[60.428477410000085,25.419623114000046],[60.445648634000065,25.428168036000045],[60.51417076900003,25.447333075000074],[60.53207441500007,25.448919989000046],[60.54965254000007,25.446926174000055],[60.565196160000085,25.438625393000052],[60.601573113000086,25.405951239000046],[60.60474694100009,25.39716217700004],[60.60499108200008,25.341050523000035],[60.608164910000085,25.32758209800005],[60.63233483200008,25.296087958000044],[60.61695397200003,25.28318919500009],[60.633474155000044,25.27496979400007],[60.72771243600005,25.26439036700009],[60.86670983200008,25.23460521000004],[61.03060957100007,25.209784247000073],[61.17026860900006,25.164440118000073],[61.185475634000056,25.139607500000068],[61.18506823800004,25.123249171000055],[61.24353001500003,25.111885812000082],[61.41171650300004,25.059408165000036],[61.43506920700008,25.087713934000078],[61.420583530000044,25.096869208000044],[61.47510826900003,25.11163971600007],[61.48951256600003,25.11859772300005],[61.49740644600007,25.125433661000045],[61.49854576900003,25.129380601000037],[61.49854576900003,25.13467031500005],[61.50318444100003,25.14524974200009],[61.51880944100003,25.16351959800005],[61.524180535000085,25.173163153000075],[61.515961134000065,25.18187083500004],[61.506195509000065,25.186835028000075],[61.48259524800005,25.19367096600007],[61.504242384000065,25.208807684000078],[61.52076256600003,25.208644924000055],[61.53695722700007,25.20270416900007],[61.55836022200003,25.200506903000075],[61.552744988000086,25.20506419500009],[61.54281660200007,25.215643622000073],[61.53728274800005,25.220363674000055],[61.54037519600007,25.226507880000042],[61.54184004000007,25.242580471000053],[61.54468834700003,25.24827708500004],[61.55445397200003,25.25409577000005],[61.559255405000044,25.25096263200004],[61.56234785200007,25.24481842700004],[61.57976321700005,25.23346588700008],[61.58187910200007,25.21670156500005],[61.588226759000065,25.202093817000048],[61.61247806100005,25.200506903000075]]}},{"type":"Feature","properties":{"id":277,"source":"Natural Earth","provenance":"REAL DATA"},"geometry":{"type":"MultiLineString","coordinates":[[[87.40495853000004,21.58665599200009],[87.46876061300003,21.611395575000074],[87.47738691500007,21.61359284100007],[87.62134850400008,21.65062083500004],[87.64210045700008,21.652085679000038],[87.68384850400008,21.650132554000038],[87.70378665500004,21.655503648000035],[87.75570722700007,21.69171784100007],[87.83399498800003,21.729315497000073],[87.86719811300003,21.750799872000073],[87.89291425900007,21.774318752000056],[87.89478600400008,21.77875397300005],[87.89568118600005,21.78937409100007],[87.89918053500003,21.79482656500005],[87.90219160200007,21.796820380000042],[87.90902754000007,21.79881419500009],[87.94800866000003,21.825384833000044],[87.95777428500003,21.828924872000073],[87.97046959700003,21.836493231000077],[87.98365319100003,21.85419342700004],[88.03239993600005,21.957180080000057],[88.04688561300003,21.97601959800005],[88.05079186300003,21.98501211100006],[88.04900149800005,21.995428778000075],[88.04517662900008,22.00653717700004],[88.04314212300005,22.017279364000046],[88.04859459700003,22.020738023000035],[88.08472741000003,22.020697333000044],[88.11117597700007,22.034857489000046],[88.14063561300003,22.06012604400007],[88.16431725400008,22.089789130000042],[88.17351321700005,22.116888739000046],[88.16098066500007,22.15656159100007],[88.13257897200003,22.17914459800005],[88.09546959700003,22.191229559000078],[88.05738366000003,22.198879299000055],[88.02540123800003,22.200913804000038],[88.00847415500004,22.204901434000078],[87.99195397200003,22.21588776200008],[87.96534264400003,22.24481842700004],[87.95281009200005,22.26243724200009],[87.94752037900008,22.27765534100007],[87.93580162900008,22.355169989000046],[87.92286217500003,22.397772528000075],[87.90658613400007,22.41860586100006],[87.90658613400007,22.424750067000048],[87.92798912900008,22.424221096000053],[87.94044030000003,22.413031317000048],[87.94613691500007,22.394924221000053],[87.94752037900008,22.373846747000073],[87.95069420700008,22.35618724200009],[87.96420332100007,22.319281317000048],[87.96745853000004,22.298488674000055],[87.97266686300003,22.28318919500009],[87.98511803500003,22.26593659100007],[88.00904381600003,22.24042389500005],[88.02702884200005,22.227850653000075],[88.04346764400003,22.224758205000057],[88.05974368600005,22.22947825700004],[88.07732181100005,22.24042389500005],[88.08130944100003,22.217352606000077],[88.11841881600003,22.20018138200004],[88.16529381600003,22.18500397300005],[88.19800866000003,22.167792059000078],[88.20337975400008,22.15176015800006],[88.21273847700007,22.100043036000045],[88.22242272200003,22.077948309000078],[88.20679772200003,22.05337148600006],[88.16431725400008,22.003119208000044],[88.15626061300003,21.99087148600006],[88.14991295700008,21.976385809000078],[88.14673912900008,21.95921458500004],[88.15943444100003,21.90615469000005],[88.15642337300005,21.89785390800006],[88.15406334700003,21.88808828300006],[88.20378665500004,21.80540599200009],[88.20972741000003,21.78856028900009],[88.20142662900008,21.774318752000056],[88.21045983200008,21.747259833000044],[88.20346113400007,21.724351304000038],[88.19044030000003,21.70408763200004],[88.18091881600003,21.68496328300006],[88.18189537900008,21.665228583000044],[88.18946373800003,21.641791083000044],[88.20826256600003,21.60297272300005],[88.22437584700003,21.613023179000038],[88.23747806100005,21.601711330000057],[88.24594160200007,21.579901434000078],[88.24927819100003,21.558294989000046],[88.25440514400003,21.55467357000009],[88.26612389400003,21.553859768000052],[88.27898196700005,21.555161851000037],[88.28711998800003,21.558294989000046],[88.29786217500003,21.566555080000057],[88.30372155000003,21.568793036000045],[88.30583743600005,21.57168203300006],[88.30445397200003,21.581854559000078],[88.30062910200007,21.58934153900009],[88.28760826900003,21.60028717700004],[88.28337649800005,21.609198309000078],[88.28419030000003,21.621242580000057],[88.29444420700008,21.64280833500004],[88.29704837300005,21.65387604400007],[88.29542076900003,21.676581122000073],[88.26417076900003,21.77529531500005],[88.26156660200007,21.798651434000078],[88.27312259200005,21.79791901200008],[88.28980553500003,21.780218817000048],[88.29818769600007,21.764105536000045],[88.30201256600003,21.74518463700008],[88.30445397200003,21.63344961100006],[88.30974368600005,21.610174872000073],[88.32178795700008,21.60565827000005],[88.33545983200008,21.615790106000077],[88.34546959700003,21.636542059000078],[88.34880618600005,21.65029531500005],[88.34945722700007,21.660956122000073],[88.34571373800003,21.67059967700004],[88.32740319100003,21.691107489000046],[88.32471764400003,21.70136139500005],[88.32634524800005,21.711086330000057],[88.33122806100005,21.71906159100007],[88.33643639400003,21.708726304000038],[88.34066816500007,21.69749583500004],[88.34620201900003,21.688625393000052],[88.35572350400008,21.68496328300006],[88.36451256600003,21.68695709800005],[88.38062584700003,21.696193752000056],[88.39258873800003,21.698553778000075],[88.38282311300003,21.67133209800005],[88.38355553500003,21.631415106000077],[88.39307701900003,21.60024648600006],[88.40967858200008,21.599269924000055],[88.42611738400007,21.611029364000046],[88.44190514400003,21.616156317000048],[88.45630944100003,21.62400950700004],[88.46827233200008,21.64394765800006],[88.47217858200008,21.663275458000044],[88.46859785200007,21.67715078300006],[88.45476321700005,21.70538971600007],[88.45215905000003,21.722805080000057],[88.45337975400008,21.74176666900007],[88.45769290500004,21.75885651200008],[88.46827233200008,21.77724844000005],[88.47445722700007,21.80097077000005],[88.48145592500003,21.805161851000037],[88.48829186300003,21.803656317000048],[88.49350019600007,21.805161851000037],[88.49561608200008,21.81867096600007],[88.49203535200007,21.837144273000035],[88.47706139400003,21.87181224200009],[88.47445722700007,21.890326239000046],[88.48121178500003,21.909898179000038],[88.49236087300005,21.922023830000057],[88.49984785200007,21.933661200000074],[88.49561608200008,21.95180898600006],[88.51498457100007,21.937201239000046],[88.51465905000003,21.91620514500005],[88.49561608200008,21.876695054000038],[88.51587975400008,21.850816148000035],[88.53101647200003,21.82412344000005],[88.53288821700005,21.795314846000053],[88.51270592500003,21.763413804000038],[88.50489342500003,21.741522528000075],[88.50953209700003,21.71230703300006],[88.52963300900007,21.65761953300006],[88.52295983200008,21.64988841400009],[88.51880944100003,21.639146226000037],[88.51661217500003,21.62641022300005],[88.51612389400003,21.612616278000075],[88.51400800900007,21.600816148000035],[88.50879967500003,21.59438711100006],[88.50212649800005,21.58934153900009],[88.49561608200008,21.581854559000078],[88.48796634200005,21.55654531500005],[88.49390709700003,21.534816799000055],[88.51295006600003,21.524644273000035],[88.54395592500003,21.534084377000056],[88.53443444100003,21.542914130000042],[88.52963300900007,21.55337148600006],[88.53028405000003,21.564398505000042],[88.53646894600007,21.575100002000056],[88.54476972700007,21.56199778900009],[88.55892988400007,21.555568752000056],[88.57227623800003,21.557928778000075],[88.57813561300003,21.57168203300006],[88.57813561300003,21.623439846000053],[88.59506269600007,21.612127997000073],[88.59961998800003,21.637274481000077],[88.59180748800003,21.70538971600007],[88.59864342500003,21.70538971600007],[88.61264082100007,21.69749583500004],[88.62338300900007,21.710272528000075],[88.63021894600007,21.731756903000075],[88.63282311300003,21.750067450000074],[88.62403405000003,21.77802155200004],[88.60417728000004,21.77875397300005],[88.58130944100003,21.76943594000005],[88.56462649800005,21.766831773000035],[88.56544030000003,21.771185614000046],[88.56462649800005,21.83234284100007],[88.56706790500004,21.850816148000035],[88.59839928500003,21.929348049000055],[88.60027103000004,21.947211005000042],[88.59864342500003,21.990301825000074],[88.60254967500003,22.006415106000077],[88.62037194100003,22.02997467700004],[88.62598717500003,22.048041083000044],[88.62549889400003,22.05927155200004],[88.61996504000007,22.07831452000005],[88.61833743600005,22.10297272300005],[88.61915123800003,22.109523830000057],[88.62208092500003,22.116034247000073],[88.63086998800003,22.125799872000073],[88.63493899800005,22.144964911000045],[88.64429772200003,22.16229889500005],[88.64633222700007,22.167792059000078],[88.64966881600003,22.169094143000052],[88.65601647200003,22.183254299000055],[88.66114342500003,22.198960679000038],[88.66016686300003,22.205023505000042],[88.67994225400008,22.204413153000075],[88.68311608200008,22.18496328300006],[88.67400149800005,22.162054755000042],[88.65699303500003,22.15106842700004],[88.63949629000007,22.109523830000057],[88.63949629000007,22.09723541900007],[88.64503014400003,22.075140692000048],[88.64877363400007,22.046047268000052],[88.65259850400008,22.031805731000077],[88.65349368600005,22.018011786000045],[88.64633222700007,22.00023021000004],[88.63168379000007,21.979803778000075],[88.62745201900003,21.970404364000046],[88.62598717500003,21.955511786000045],[88.63086998800003,21.945461330000057],[88.64258873800003,21.94090403900009],[88.65626061300003,21.941066799000055],[88.66700280000003,21.945013739000046],[88.67872155000003,21.936672268000052],[88.68995201900003,21.94599030200004],[88.69841556100005,21.962591864000046],[88.70167076900003,21.97601959800005],[88.72331790500004,22.01308828300006],[88.73072350400008,22.037176825000074],[88.71851647200003,22.048041083000044],[88.69947350400008,22.053208726000037],[88.69288170700008,22.06586334800005],[88.69483483200008,22.08152903900009],[88.70167076900003,22.095851955000057],[88.71216881600003,22.109035549000055],[88.72657311300003,22.121161200000074],[88.74390709700003,22.129339911000045],[88.76303144600007,22.130560614000046],[88.73015384200005,22.103583075000074],[88.71485436300003,22.08698151200008],[88.70850670700008,22.072211005000042],[88.71705162900008,22.05805084800005],[88.75464928500003,22.037583726000037],[88.76303144600007,22.017279364000046],[88.75831139400003,21.99945709800005],[88.74683678500003,21.987127997000073],[88.73316491000003,21.97719961100006],[88.72217858200008,21.966131903000075],[88.71697024800005,21.951971747000073],[88.71469160200007,21.89785390800006],[88.69450931100005,21.83982982000009],[88.69800866000003,21.825506903000075],[88.70362389400003,21.810614325000074],[88.68490644600007,21.697211005000042],[88.68799889400003,21.678127346000053],[88.72217858200008,21.609198309000078],[88.70753014400003,21.57831452000005],[88.72787519600007,21.559881903000075],[88.76246178500003,21.555853583000044],[88.79053795700008,21.56826406500005],[88.79664147200003,21.584418036000045],[88.79102623800003,21.598863023000035],[88.78174889400003,21.61424388200004],[88.77686608200008,21.63344961100006],[88.77711022200003,21.64354075700004],[88.77906334700003,21.651190497000073],[88.78402754000007,21.655951239000046],[88.79420006600003,21.65761953300006],[88.80046634200005,21.661851304000038],[88.80494225400008,21.67186107000009],[88.81088300900007,21.69171784100007],[88.81666100400008,21.675034898000035],[88.81853274800005,21.665838934000078],[88.81836998800003,21.65761953300006],[88.81478925900007,21.65387604400007],[88.79786217500003,21.64020416900007],[88.80583743600005,21.622870184000078],[88.82398522200003,21.617254950000074],[88.84424889400003,21.622219143000052],[88.85865319100003,21.636542059000078],[88.85987389400003,21.65257396000004],[88.84294681100005,21.684149481000077],[88.83822675900007,21.701971747000073],[88.84156334700003,21.71625397300005],[88.85572350400008,21.748846747000073],[88.85865319100003,21.766831773000035],[88.86605879000007,21.766831773000035],[88.87208092500003,21.74900950700004],[88.88160241000003,21.672023830000057],[88.88607832100007,21.661810614000046],[88.89161217500003,21.653509833000044],[88.89698326900003,21.650132554000038],[88.93384850400008,21.64394765800006],[88.97575931100005,21.61591217700004],[89.00025475400008,21.60342031500005],[89.01978600400008,21.60610586100006],[89.02165774800005,21.611802476000037],[89.02759850400008,21.62457916900007],[89.03394616000003,21.633246161000045],[89.03687584700003,21.626898505000042],[89.03882897200003,21.61945221600007],[89.04468834700003,21.61351146000004],[89.05323326900003,21.609808661000045],[89.06421959700003,21.609198309000078],[89.08269290500004,21.617336330000057],[89.08822675900007,21.633734442000048],[89.08521569100003,21.674709377000056],[89.08277428500003,21.678208726000037],[89.06788170700008,21.709133205000057],[89.04786217500003,21.72801341400009],[89.04371178500003,21.733343817000048],[89.03093509200005,21.770453192000048],[89.01587975400008,21.853338934000078],[88.99586022200003,21.88418203300006],[88.96827233200008,21.904730536000045],[88.95191491000003,21.913885809000078],[88.93783613400007,21.917669989000046],[88.92408287900008,21.926336981000077],[88.91081790500004,21.946478583000044],[88.90503991000003,21.96942780200004],[88.91391035200007,21.98655833500004],[88.92872155000003,21.98655833500004],[88.93458092500003,21.969305731000077],[88.93783613400007,21.94871653900009],[88.94467207100007,21.938788153000075],[88.96045983200008,21.93431224200009],[88.99301191500007,21.912665106000077],[89.00953209700003,21.90460846600007],[89.00806725400008,21.92055898600006],[89.01303144600007,21.929429429000038],[89.02312259200005,21.93109772300005],[89.03687584700003,21.925116278000075],[89.06088300900007,21.93846263200004],[89.06560306100005,21.96710846600007],[89.05738366000003,22.03123607000009],[89.05404707100007,22.04364655200004],[89.04004967500003,22.069525458000044],[89.03687584700003,22.085598049000055],[89.03988691500007,22.100897528000075],[89.04566491000003,22.11204661700009],[89.04859459700003,22.12295156500005],[89.04371178500003,22.13739655200004],[89.06031334700003,22.130601304000038],[89.06039472700007,22.12986888200004],[89.06348717500003,22.111029364000046],[89.05738366000003,22.06509023600006],[89.06202233200008,22.04950592700004],[89.08423912900008,22.021185614000046],[89.09148196700005,22.00023021000004],[89.09107506600003,21.97679271000004],[89.08041425900007,21.934881903000075],[89.07781009200005,21.91425202000005],[89.07992597700007,21.897406317000048],[89.10466556100005,21.81586334800005],[89.10906009200005,21.809515692000048],[89.11939537900008,21.80097077000005],[89.14128665500004,21.790228583000044],[89.15455162900008,21.786851304000038],[89.16041100400008,21.79132721600007],[89.16456139400003,21.80019765800006],[89.17408287900008,21.81004466400009],[89.18336022200003,21.815619208000044],[89.18767337300005,21.81150950700004],[89.18824303500003,21.799709377000056],[89.18970787900008,21.79124583500004],[89.22071373800003,21.709418036000045],[89.21859785200007,21.698553778000075],[89.20826256600003,21.690619208000044],[89.20443769600007,21.672674872000073],[89.21045983200008,21.654120184000078],[89.22925866000003,21.64394765800006],[89.24870853000004,21.64590078300006],[89.26872806100005,21.653998114000046],[89.28589928500003,21.66559479400007],[89.29753665500004,21.678127346000053],[89.27662194100003,21.687567450000074],[89.27369225400008,21.69879791900007],[89.29070071700005,21.733343817000048],[89.29468834700003,21.75779857000009],[89.28443444100003,21.796820380000042],[89.28394616000003,21.822088934000078],[89.29070071700005,21.822088934000078],[89.29623457100007,21.809068101000037],[89.30128014400003,21.809393622000073],[89.30616295700008,21.817613023000035],[89.32260175900007,21.854641018000052],[89.32886803500003,21.86465078300006],[89.33912194100003,21.876695054000038],[89.35596764400003,21.892523505000042],[89.35962975400008,21.901678778000075],[89.35962975400008,21.917669989000046],[89.35523522200003,21.93162669500009],[89.34880618600005,21.944159247000073],[89.34595787900008,21.95701732000009],[89.35222415500004,21.972316799000055],[89.35962975400008,21.972316799000055],[89.36402428500003,21.95506419500009],[89.38266035200007,21.92133209800005],[89.38697350400008,21.901190497000073],[89.38428795700008,21.877834377000056],[89.37126712300005,21.84715403900009],[89.36589603000004,21.828924872000073],[89.36280358200008,21.78384023600006],[89.36426842500003,21.758205471000053],[89.36963951900003,21.743312893000052],[89.39519290500004,21.71637604400007],[89.40642337300005,21.717352606000077],[89.44271894600007,21.746649481000077],[89.45622806100005,21.76239655200004],[89.46583092500003,21.781317450000074],[89.46949303500003,21.804388739000046],[89.46705162900008,21.828599351000037],[89.46363366000003,21.845038153000075],[89.46461022200003,21.859198309000078],[89.47575931100005,21.876695054000038],[89.48910566500007,21.888373114000046],[89.50228925900007,21.89752838700008],[89.51254316500007,21.909125067000048],[89.52182050900007,21.96230703300006],[89.52003014400003,21.969183661000045],[89.51270592500003,21.97809479400007],[89.50049889400003,22.00259023600006],[89.49683678500003,22.01386139500005],[89.49268639400003,22.019191799000055],[89.49040774800005,22.023993231000077],[89.48943118600005,22.03123607000009],[89.49187259200005,22.03457265800006],[89.50416100400008,22.03668854400007],[89.50912519600007,22.04120514500005],[89.51742597700007,22.066473700000074],[89.51832116000003,22.081000067000048],[89.51295006600003,22.09243398600006],[89.50684655000003,22.10101959800005],[89.50171959700003,22.113104559000078],[89.49822024800005,22.12531159100007],[89.49683678500003,22.133978583000044],[89.49415123800003,22.136867580000057],[89.48878014400003,22.12958405200004],[89.48406009200005,22.11668528900009],[89.48316491000003,22.10260651200008],[89.47575931100005,22.10260651200008],[89.46745853000004,22.228989976000037],[89.47575931100005,22.295070705000057],[89.48316491000003,22.295070705000057],[89.49301191500007,22.273504950000074],[89.49415123800003,22.253566799000055],[89.48943118600005,22.208807684000078],[89.49203535200007,22.188381252000056],[89.53711998800003,22.089016018000052],[89.53646894600007,22.075832424000055],[89.52613366000003,22.055121161000045],[89.52344811300003,22.044623114000046],[89.52475019600007,22.000148830000057],[89.53288821700005,21.98468659100007],[89.55144290500004,21.99404531500005],[89.55648847700007,22.00844961100006],[89.56446373800003,22.072211005000042],[89.56674238400007,22.082098700000074],[89.57699629000007,22.101263739000046],[89.57935631600003,22.113226630000042],[89.57878665500004,22.135891018000052],[89.57634524800005,22.14549388200004],[89.57129967500003,22.157904364000046],[89.55030358200008,22.19212474200009],[89.54916425900007,22.20526764500005],[89.56104576900003,22.223089911000045],[89.58033287900008,22.236761786000045],[89.58619225400008,22.245428778000075],[89.57715905000003,22.268500067000048],[89.58082116000003,22.27724844000005],[89.59245853000004,22.288234768000052],[89.60621178500003,22.315619208000044],[89.61548912900008,22.328273830000057],[89.62647545700008,22.336004950000074],[89.61695397200003,22.318426825000074],[89.61060631600003,22.298895575000074],[89.60710696700005,22.278265692000048],[89.60596764400003,22.25690338700008],[89.59791100400008,22.240301825000074],[89.56723066500007,22.202826239000046],[89.56788170700008,22.18891022300005],[89.58139082100007,22.17405833500004],[89.59376061300003,22.155422268000052],[89.60254967500003,22.134507554000038],[89.60596764400003,22.113226630000042],[89.60059655000003,22.09125397300005],[89.57667076900003,22.051703192000048],[89.57129967500003,22.03123607000009],[89.56348717500003,21.973130601000037],[89.56763756600003,21.90070221600007],[89.56446373800003,21.88418203300006],[89.55689537900008,21.868801174000055],[89.53834069100003,21.84861888200004],[89.53028405000003,21.835760809000078],[89.52735436300003,21.81281159100007],[89.53891035200007,21.77147044500009],[89.53711998800003,21.75381094000005],[89.56568444100003,21.713364976000037],[89.58692467500003,21.700832424000055],[89.60596764400003,21.71906159100007],[89.60377037900008,21.727687893000052],[89.59278405000003,21.754380601000037],[89.59546959700003,21.75999583500004],[89.62037194100003,21.76434967700004],[89.63152103000004,21.764064846000053],[89.64356530000003,21.75690338700008],[89.66822350400008,21.750881252000056],[89.68995201900003,21.76520416900007],[89.70069420700008,21.784857489000046],[89.69206790500004,21.79482656500005],[89.67204837300005,21.80426666900007],[89.64975019600007,21.82636139500005],[89.63038170700008,21.85146719000005],[89.61898847700007,21.86985911700009],[89.64698326900003,21.925116278000075],[89.66130618600005,21.90582916900007],[89.66334069100003,21.896307684000078],[89.65259850400008,21.878851630000042],[89.65316816500007,21.867743231000077],[89.65691165500004,21.857123114000046],[89.66130618600005,21.849351304000038],[89.67335045700008,21.84007396000004],[89.69044030000003,21.833726304000038],[89.70915774800005,21.83006419500009],[89.72584069100003,21.828924872000073],[89.73845462300005,21.834418036000045],[89.75342858200008,21.843898830000057],[89.76587975400008,21.84674713700008],[89.77116946700005,21.83234284100007],[89.77572675900007,21.82758209800005],[89.78638756600003,21.828924872000073],[89.80469811300003,21.835760809000078],[89.81421959700003,21.84080638200004],[89.81763756600003,21.844916083000044],[89.81959069100003,21.849554755000042],[89.82520592500003,21.856268622000073],[89.85092207100007,21.877508856000077],[89.87322024800005,21.88157786700009],[89.88038170700008,21.88418203300006],[89.88721764400003,21.900091864000046],[89.88160241000003,21.912990627000056],[89.87183678500003,21.924261786000045],[89.86378014400003,21.943304755000042],[89.85027103000004,21.96312083500004],[89.84620201900003,21.972316799000055],[89.84595787900008,21.982896226000037],[89.85108483200008,22.000881252000056],[89.85238691500007,22.01044342700004],[89.84791100400008,22.03388092700004],[89.83594811300003,22.04946523600006],[89.81836998800003,22.06004466400009],[89.79721113400007,22.068508205000057],[89.79721113400007,22.075995184000078],[89.81617272200003,22.075995184000078],[89.83155358200008,22.071966864000046],[89.84620201900003,22.07062409100007],[89.86296634200005,22.079046942000048],[89.87134850400008,22.091864325000074],[89.87427819100003,22.10883209800005],[89.87289472700007,22.14362213700008],[89.86133873800003,22.211004950000074],[89.85084069100003,22.246527411000045],[89.83871504000007,22.26776764500005],[89.88038170700008,22.342230536000045],[89.88412519600007,22.36351146000004],[89.88054446700005,22.380601304000038],[89.87484785200007,22.397650458000044],[89.87289472700007,22.41860586100006],[89.90308678500003,22.396429755000042],[89.92042076900003,22.391831773000035],[89.92823326900003,22.40770091400009],[89.93360436300003,22.423529364000046],[89.94743899800005,22.43968333500004],[89.97950280000003,22.470078843000067],[89.98275800900007,22.473211981000077],[90.01010175900007,22.49022044500009],[89.99789472700007,22.480861721000053],[89.99195397200003,22.469875393000052],[89.98829186300003,22.45774974200009],[89.98275800900007,22.445257880000042],[89.90015709700003,22.333929755000042],[89.88038170700008,22.288234768000052],[89.87680097700007,22.274725653000075],[89.87533613400007,22.26398346600007],[89.87663821700005,22.25348541900007],[89.88038170700008,22.24042389500005],[89.88550866000003,22.230617580000057],[89.89828535200007,22.21165599200009],[89.90088951900003,22.201971747000073],[89.90308678500003,22.176906643000052],[89.91236412900008,22.135565497000073],[89.91456139400003,22.061672268000052],[89.91749108200008,22.04987213700008],[89.92628014400003,22.027167059000078],[89.92823326900003,22.017279364000046],[89.93441816500007,21.997707424000055],[89.94971764400003,21.980902411000045],[89.96778405000003,21.974554755000042],[89.98275800900007,21.98655833500004],[89.98519941500007,21.99941640800006],[89.98275800900007,22.044623114000046],[89.98853600400008,22.05304596600007],[90.01539147200003,22.077866929000038],[90.02442467500003,22.089016018000052],[90.04004967500003,22.13808828300006],[90.05258222700007,22.155462958000044],[90.07837975400008,22.16404857000009],[90.07260175900007,22.152044989000046],[90.06324303500003,22.145738023000035],[90.05209394600007,22.141099351000037],[90.04273522200003,22.131252346000053],[90.03907311300003,22.11627838700008],[90.03467858200008,22.105169989000046],[90.03809655000003,22.075344143000052],[90.03541100400008,22.059800523000035],[90.02898196700005,22.05296458500004],[90.02019290500004,22.04881419500009],[90.01075280000003,22.04120514500005],[90.00318444100003,22.029364325000074],[90.00212649800005,22.014105536000045],[89.99634850400008,22.00023021000004],[90.02816816500007,21.988104559000078],[90.03809655000003,21.98655833500004],[90.05241946700005,21.98899974200009],[90.05795332100007,21.99371979400007],[90.06104576900003,22.000799872000073],[90.07374108200008,22.019232489000046],[90.08179772200003,22.04100169500009],[90.08887780000003,22.051174221000053],[90.14828535200007,22.11078522300005],[90.16480553500003,22.11981842700004],[90.19166100400008,22.123114325000074],[90.20582116000003,22.132961330000057],[90.21827233200008,22.15570709800005],[90.23609459700003,22.198879299000055],[90.23910566500007,22.172267971000053],[90.23170006600003,22.145656643000052],[90.21615644600007,22.12323639500005],[90.19507897200003,22.109523830000057],[90.18970787900008,22.11082591400009],[90.18181399800005,22.11481354400007],[90.17286217500003,22.117010809000078],[90.16407311300003,22.113226630000042],[90.15886478000004,22.10691966400009],[90.15162194100003,22.094875393000052],[90.14673912900008,22.089016018000052],[90.10564212300005,22.05426666900007],[90.09595787900008,22.04010651200008],[90.09253991000003,22.02798086100006],[90.09058678500003,22.015448309000078],[90.08578535200007,22.00023021000004],[90.07715905000003,21.987982489000046],[90.06576582100007,21.97988515800006],[90.05420983200008,21.97337474200009],[90.04493248800003,21.966131903000075],[90.03394616000003,21.94354889500005],[90.03126061300003,21.889227606000077],[90.02442467500003,21.862453518000052],[90.03630618600005,21.861151434000078],[90.04932701900003,21.85101959800005],[90.05787194100003,21.849351304000038],[90.06690514400003,21.85342031500005],[90.07935631600003,21.866929429000038],[90.08887780000003,21.86985911700009],[90.09848066500007,21.878607489000046],[90.11622155000003,21.91933828300006],[90.12623131600003,21.93195221600007],[90.12134850400008,21.921576239000046],[90.12183678500003,21.915350653000075],[90.12452233200008,21.90973541900007],[90.12623131600003,21.901190497000073],[90.12086022200003,21.88930898600006],[90.11085045700008,21.880113023000035],[90.10499108200008,21.870266018000052],[90.11247806100005,21.856268622000073],[90.09538821700005,21.859442450000074],[90.08855228000004,21.84674713700008],[90.09294681100005,21.83026764500005],[90.10906009200005,21.822088934000078],[90.12680097700007,21.818793036000045],[90.16439863400007,21.80426666900007],[90.18482506600003,21.80097077000005],[90.20378665500004,21.80459219000005],[90.21762129000007,21.81346263200004],[90.27271569100003,21.85740794500009],[90.28288821700005,21.870794989000046],[90.29070071700005,21.890326239000046],[90.29997806100005,21.927679755000042],[90.30437259200005,21.965765692000048],[90.30860436300003,21.984035549000055],[90.32789147200003,22.02049388200004],[90.33220462300005,22.03807200700004],[90.33472741000003,22.041815497000073],[90.34742272200003,22.05532461100006],[90.36573326900003,22.081203518000052],[90.36988366000003,22.08982982000009],[90.37378991000003,22.10260651200008],[90.37712649800005,22.133612372000073],[90.38005618600005,22.14362213700008],[90.38379967500003,22.145738023000035],[90.38868248800003,22.143459377000056],[90.39258873800003,22.143011786000045],[90.39519290500004,22.15721263200004],[90.39714603000004,22.160630601000037],[90.39918053500003,22.16233958500004],[90.40056399800005,22.16404857000009],[90.40821373800003,22.171210028000075],[90.41285241000003,22.17804596600007],[90.41423587300005,22.18577708500004],[90.41049238400007,22.195705471000053],[90.40552819100003,22.19953034100007],[90.39909915500004,22.20221588700008],[90.39087975400008,22.208807684000078],[90.38868248800003,22.223211981000077],[90.39869225400008,22.26748281500005],[90.39429772200003,22.288234768000052],[90.41089928500003,22.28424713700008],[90.41407311300003,22.27179596600007],[90.40796959700003,22.24042389500005],[90.41000410200007,22.22728099200009],[90.42164147200003,22.198879299000055],[90.41749108200008,22.175034898000035],[90.39323978000004,22.127386786000045],[90.38746178500003,22.10260651200008],[90.39380944100003,22.09471263200004],[90.40845787900008,22.08592357000009],[90.42546634200005,22.07884349200009],[90.43864993600005,22.075995184000078],[90.45004316500007,22.08079661700009],[90.45964603000004,22.091945705000057],[90.48829186300003,22.138617255000042],[90.49439537900008,22.154242255000042],[90.49675540500004,22.167792059000078],[90.50114993600005,22.176703192000048],[90.51172936300003,22.185288804000038],[90.53834069100003,22.198879299000055],[90.55795332100007,22.20335521000004],[90.58155358200008,22.238226630000042],[90.61345462300005,22.314886786000045],[90.61931399800005,22.355902411000045],[90.61841881600003,22.376654364000046],[90.61345462300005,22.396877346000053],[90.59359785200007,22.43231842700004],[90.58643639400003,22.45058828300006],[90.58619225400008,22.473211981000077],[90.59131920700008,22.470526434000078],[90.60661868600005,22.465765692000048],[90.58969160200007,22.500433661000045],[90.57781009200005,22.533677476000037],[90.55974368600005,22.562323309000078],[90.52409915500004,22.58307526200008],[90.50513756600003,22.58624909100007],[90.48731530000003,22.583726304000038],[90.47250410200007,22.57558828300006],[90.46265709700003,22.56195709800005],[90.46045983200008,22.551174221000053],[90.46355228000004,22.53143952000005],[90.46265709700003,22.52098216400009],[90.45801842500003,22.51463450700004],[90.45118248800003,22.510158596000053],[90.44499759200005,22.50413646000004],[90.44206790500004,22.49363841400009],[90.44214928500003,22.508734442000048],[90.45346113400007,22.564195054000038],[90.45923912900008,22.579291083000044],[90.46859785200007,22.58470286700009],[90.49138431100005,22.587836005000042],[90.50017337300005,22.592352606000077],[90.51002037900008,22.60423411700009],[90.51270592500003,22.611476955000057],[90.50896243600005,22.646429755000042],[90.49675540500004,22.678656317000048],[90.49293053500003,22.709906317000048],[90.48991946700005,22.72020091400009],[90.47901451900003,22.73501211100006],[90.46168053500003,22.748846747000073],[90.44459069100003,22.751654364000046],[90.43523196700005,22.733303127000056],[90.41578209700003,22.74249909100007],[90.38721764400003,22.751288153000075],[90.37256920700008,22.761419989000046],[90.39429772200003,22.77484772300005],[90.40642337300005,22.76308828300006],[90.41993248800003,22.76825592700004],[90.42400149800005,22.781683661000045],[90.40796959700003,22.794663804000038],[90.43604576900003,22.800604559000078],[90.44809004000007,22.82843659100007],[90.45720462300005,22.861761786000045],[90.47632897200003,22.884100653000075],[90.49048912900008,22.885199286000045],[90.50513756600003,22.881659247000073],[90.52003014400003,22.880194403000075],[90.53492272200003,22.887152411000045],[90.54004967500003,22.896551825000074],[90.53598066500007,22.90338776200008],[90.52409915500004,22.91201406500005],[90.52100670700008,22.915676174000055],[90.51685631600003,22.916815497000073],[90.51295006600003,22.91705963700008],[90.51042728000004,22.91819896000004],[90.50757897200003,22.92536041900007],[90.50928795700008,22.93699778900009],[90.50700931100005,22.94208405200004],[90.48698978000004,22.966131903000075],[90.46827233200008,22.99607982000009],[90.45435631600003,23.02753327000005],[90.45012454500005,23.049343166000085],[90.44890384200005,23.05573151200008],[90.45362389400003,23.072333075000074],[90.46607506600003,23.07684967700004],[90.50359134200005,23.075873114000046],[90.52279707100007,23.080145575000074],[90.53663170700008,23.086818752000056],[90.54761803500003,23.09674713700008],[90.55876712300005,23.110663153000075],[90.56560306100005,23.110663153000075],[90.56560306100005,23.10382721600007],[90.55591881600003,23.096828518000052],[90.55128014400003,23.08690013200004],[90.55372155000003,23.078558661000045],[90.56560306100005,23.075873114000046],[90.57195071700005,23.081732489000046],[90.59913170700008,23.11749909100007],[90.60287519600007,23.14130280200004],[90.59839928500003,23.200425523000035],[90.59351647200003,23.219875393000052],[90.60271243600005,23.211004950000074],[90.61036217500003,23.20115794500009],[90.61451256600003,23.195461330000057],[90.61085045700008,23.23078034100007],[90.60661868600005,23.247219143000052],[90.57732181100005,23.288397528000075],[90.56910241000003,23.294989325000074],[90.50359134200005,23.30174388200004],[90.48796634200005,23.30683014500005],[90.46021569100003,23.31972890800006],[90.42847741000003,23.326117255000042],[90.41968834700003,23.335598049000055],[90.41342207100007,23.34796784100007],[90.40414472700007,23.36041901200008],[90.38851972700007,23.372381903000075],[90.25879967500003,23.444566148000035],[90.24935957100007,23.45538971600007],[90.25033613400007,23.466945705000057],[90.28443444100003,23.446193752000056],[90.32243899800005,23.433294989000046],[90.51832116000003,23.398260809000078],[90.55193118600005,23.38495514500005],[90.55372155000003,23.40070221600007],[90.55990644600007,23.418402411000045],[90.56812584700003,23.432928778000075],[90.57593834700003,23.43895091400009],[90.57894941500007,23.44985586100006],[90.57683353000004,23.539496161000045],[90.56869550900007,23.54751211100006],[90.53150475400008,23.54881419500009],[90.51498457100007,23.55141836100006],[90.49838300900007,23.55727773600006],[90.48438561300003,23.56745026200008],[90.47632897200003,23.582953192000048],[90.50171959700003,23.56793854400007],[90.51465905000003,23.563788153000075],[90.53150475400008,23.56248607000009],[90.54721113400007,23.563788153000075],[90.55941816500007,23.56793854400007],[90.56446373800003,23.57640208500004],[90.55876712300005,23.590399481000077],[90.59546959700003,23.604396877000056],[90.61198978000004,23.60610586100006],[90.61963951900003,23.596625067000048],[90.62403405000003,23.598089911000045],[90.62525475400008,23.59833405200004],[90.62533613400007,23.599351304000038],[90.62712649800005,23.603461005000042],[90.63331139400003,23.596625067000048],[90.60816491000003,23.585760809000078],[90.59205162900008,23.56248607000009],[90.58814537900008,23.53416575700004],[90.60336347700007,23.494696356000077],[90.60775800900007,23.491115627000056],[90.62208092500003,23.500067450000074],[90.64747155000003,23.507879950000074],[90.66675866000003,23.51821523600006],[90.67774498800003,23.517279364000046],[90.69532311300003,23.507879950000074],[90.70215905000003,23.52838776200008],[90.68433678500003,23.54173411700009],[90.67546634200005,23.550930080000057],[90.67823326900003,23.555080471000053],[90.69581139400003,23.555487372000073],[90.70557701900003,23.554510809000078],[90.71119225400008,23.54881419500009],[90.71583092500003,23.53514232000009],[90.71501712300005,23.49835846600007],[90.69157962300005,23.486476955000057],[90.63331139400003,23.486761786000045],[90.60873457100007,23.472723700000074],[90.60027103000004,23.44993724200009],[90.59913170700008,23.391180731000077],[90.60173587300005,23.37246328300006],[90.61133873800003,23.34247467700004],[90.62842858200008,23.321519273000035],[90.65365644600007,23.329738674000055],[90.65316816500007,23.324652411000045],[90.65479576900003,23.32330963700008],[90.65772545700008,23.32322825700004],[90.66114342500003,23.32225169500009],[90.65015709700003,23.31354401200008],[90.65088951900003,23.30023834800005],[90.66732832100007,23.267645575000074],[90.66114342500003,23.267645575000074],[90.66521243600005,23.24876536700009],[90.65707441500007,23.23037344000005],[90.64584394600007,23.21092357000009],[90.64014733200008,23.18886953300006],[90.63868248800003,23.14789459800005],[90.62720787900008,23.08665599200009],[90.62712649800005,23.075873114000046],[90.62940514400003,23.064398505000042],[90.64014733200008,23.038031317000048],[90.71745853000004,22.940619208000044],[90.72266686300003,22.92845286700009],[90.72559655000003,22.90570709800005],[90.73292076900003,22.889064846000053],[90.74195397200003,22.874212958000044],[90.75001061300003,22.856756903000075],[90.75733483200008,22.822658596000053],[90.76954186300003,22.795355536000045],[90.77100670700008,22.784816799000055],[90.77418053500003,22.77806224200009],[90.78834069100003,22.75922272300005],[90.79493248800003,22.741359768000052],[90.80258222700007,22.736395575000074],[90.81177819100003,22.732367255000042],[90.81950931100005,22.72646719000005],[90.83130944100003,22.690578518000052],[90.83594811300003,22.684881903000075],[90.86548912900008,22.687160549000055],[90.87647545700008,22.682806708000044],[90.88412519600007,22.65448639500005],[90.89877363400007,22.63617584800005],[90.90202884200005,22.627101955000057],[90.90821373800003,22.61786530200004],[90.93555748800003,22.599676825000074],[90.94174238400007,22.585882880000042],[90.95492597700007,22.575832424000055],[90.98511803500003,22.574367580000057],[91.01758873800003,22.579291083000044],[91.03793379000007,22.58860911700009],[91.04021243600005,22.60773346600007],[91.03223717500003,22.636867580000057],[91.01872806100005,22.664455471000053],[91.00375410200007,22.678656317000048],[91.01832116000003,22.68309153900009],[91.02670332100007,22.674261786000045],[91.03793379000007,22.643866278000075],[91.04867597700007,22.626166083000044],[91.05860436300003,22.61432526200008],[91.06957967100004,22.571556869000062],[91.08920058200005,22.544430256000055],[91.12734345800004,22.527025948000073],[91.17656568400008,22.53641941400008],[91.20274304600008,22.543219639000085],[91.22136457600004,22.55719260500007],[91.24156880000004,22.575395765000053],[91.25310306100005,22.613836981000077],[91.26107832100007,22.627875067000048],[91.26449629000007,22.64081452000005],[91.25342858200008,22.660711981000077],[91.22689863400007,22.671087958000044],[91.16895592500003,22.684881903000075],[91.16895592500003,22.692287502000056],[91.19214928500003,22.69163646000004],[91.19922936300003,22.69879791900007],[91.19459069100003,22.70966217700004],[91.18189537900008,22.72020091400009],[91.18189537900008,22.72646719000005],[91.21607506600003,22.72606028900009],[91.23121178500003,22.724310614000046],[91.24341881600003,22.72020091400009],[91.24390709700003,22.71743398600006],[91.24341881600003,22.70221588700008],[91.24480228000004,22.698391018000052],[91.24838300900007,22.69822825700004],[91.25277754000007,22.699286200000074],[91.28345787900008,22.69334544500009],[91.28443444100003,22.692287502000056],[91.30054772200003,22.69326406500005],[91.31739342500003,22.697211005000042],[91.32992597700007,22.70571523600006],[91.33277428500003,22.72020091400009],[91.32504316500007,22.72614166900007],[91.30884850400008,22.73309967700004],[91.29078209700003,22.738430080000057],[91.34262129000007,22.739447333000044],[91.36011803500003,22.743394273000035],[91.37012780000003,22.75218333500004],[91.36744225400008,22.761664130000042],[91.34644616000003,22.767401434000078],[91.34644616000003,22.77484772300005],[91.36833743600005,22.773993231000077],[91.38502037900008,22.770697333000044],[91.39966881600003,22.76430898600006],[91.41472415500004,22.753729559000078],[91.41163170700008,22.777818101000037],[91.41675866000003,22.799994208000044],[91.43043053500003,22.81631094000005],[91.45248457100007,22.822658596000053],[91.46241295700008,22.83344147300005],[91.47966556100005,22.885891018000052],[91.48308353000004,22.90452708500004],[91.49048912900008,22.90452708500004],[91.49000084700003,22.880560614000046],[91.47396894600007,22.838324286000045],[91.46778405000003,22.80931224200009],[91.45834394600007,22.79706452000005],[91.45630944100003,22.784816799000055],[91.45801842500003,22.772284247000073],[91.46241295700008,22.76190827000005],[91.46900475400008,22.757066148000035],[91.47681725400008,22.76117584800005],[91.48462975400008,22.74551015800006],[91.49870853000004,22.72728099200009],[91.51636803500003,22.712225653000075],[91.54810631600003,22.700344143000052],[91.67603600400008,22.53461334800005],[91.74366295700008,22.411078192000048],[91.75440514400003,22.374660549000055],[91.77165774800005,22.260321356000077],[91.78711998800003,22.237941799000055],[91.80892988400007,22.236273505000042],[91.82593834700003,22.248480536000045],[91.82634524800005,22.26776764500005],[91.81723066500007,22.27407461100006],[91.80453535200007,22.278469143000052],[91.79395592500003,22.286037502000056],[91.79135175900007,22.301906643000052],[91.79859459700003,22.31191640800006],[91.82325280000003,22.324164130000042],[91.82634524800005,22.32916901200008],[91.84400475400008,22.33494700700004],[91.85914147200003,22.346625067000048],[91.87045332100007,22.35809967700004],[91.87745201900003,22.363348700000074],[91.87574303500003,22.37107982000009],[91.88550866000003,22.40965403900009],[91.88770592500003,22.424750067000048],[91.90186608200008,22.42405833500004],[91.90805097700007,22.424750067000048],[91.88493899800005,22.35382721600007],[91.87403405000003,22.336004950000074],[91.85238691500007,22.325344143000052],[91.82650800900007,22.31826406500005],[91.80884850400008,22.306341864000046],[91.81202233200008,22.281398830000057],[91.81918379000007,22.275824286000045],[91.82984459700003,22.271307684000078],[91.83838951900003,22.26308828300006],[91.83985436300003,22.246649481000077],[91.83472741000003,22.237616278000075],[91.82585696700005,22.23004791900007],[91.81690514400003,22.22028229400007],[91.81202233200008,22.205023505000042],[91.81299889400003,22.18032461100006],[91.81934655000003,22.155951239000046],[91.82911217500003,22.134100653000075],[91.83985436300003,22.116888739000046],[91.84603925900007,22.116888739000046],[91.84603925900007,22.135972398000035],[91.85328209700003,22.14874909100007],[91.86207116000003,22.15062083500004],[91.86719811300003,22.13739655200004],[91.86394290500004,22.139593817000048],[91.85352623800003,22.14362213700008],[91.85523522200003,22.109198309000078],[91.88086998800003,22.007025458000044],[91.88086998800003,21.969183661000045],[91.88404381600003,21.960150458000044],[91.89820397200003,21.94489166900007],[91.90121504000007,21.935370184000078],[91.90560957100007,21.89557526200008],[91.91032962300005,21.87490469000005],[91.91570071700005,21.862453518000052],[91.92212975400008,21.871568101000037],[91.92994225400008,21.878648179000038],[91.93921959700003,21.88304271000004],[91.94971764400003,21.88418203300006],[91.94971764400003,21.876695054000038],[91.93628991000003,21.870835679000038],[91.92554772200003,21.86286041900007],[91.92164147200003,21.85342031500005],[91.92937259200005,21.84316640800006],[91.91138756600003,21.83470286700009],[91.90088951900003,21.813299872000073],[91.89926191500007,21.789496161000045],[91.90870201900003,21.78115469000005],[91.92408287900008,21.785223700000074],[91.94369550900007,21.791408596000053],[91.99000084700003,21.79482656500005],[91.99000084700003,21.787909247000073],[91.96656334700003,21.77887604400007],[91.96029707100007,21.763820705000057],[91.96729576900003,21.75543854400007],[91.98389733200008,21.766831773000035],[91.99000084700003,21.75999583500004],[91.97478274800005,21.746486721000053],[91.96192467500003,21.743841864000046],[91.95297285200007,21.738348700000074],[91.94971764400003,21.715969143000052],[91.95362389400003,21.70140208500004],[91.96265709700003,21.689520575000074],[91.97193444100003,21.68821849200009],[91.97706139400003,21.70538971600007],[91.98389733200008,21.70538971600007],[91.98422285200007,21.693508205000057],[91.97885175900007,21.67772044500009],[91.97608483200008,21.662054755000042],[91.98389733200008,21.650132554000038],[92.00074303500003,21.64980703300006],[92.01238040500004,21.664211330000057],[92.02540123800003,21.698553778000075],[92.01791425900007,21.698553778000075],[92.02214603000004,21.701564846000053],[92.02393639400003,21.70465729400007],[92.02540123800003,21.712836005000042],[92.02930748800003,21.704901434000078],[92.02930748800003,21.696234442000048],[92.02556399800005,21.687241929000038],[92.02279707100007,21.67682526200008],[92.02857506600003,21.67479075700004],[92.03589928500003,21.66815827000005],[92.03777103000004,21.65957265800006],[92.03174889400003,21.650132554000038],[92.03581790500004,21.640448309000078],[92.03296959700003,21.63300202000005],[92.01791425900007,21.616034247000073],[92.02214603000004,21.599351304000038],[92.01246178500003,21.58539459800005],[91.99854576900003,21.573187567000048],[91.99000084700003,21.56199778900009],[91.98975670700008,21.543402411000045],[91.99537194100003,21.522609768000052],[92.00538170700008,21.504299221000053],[92.01791425900007,21.493109442000048],[91.99903405000003,21.49949778900009],[91.98292076900003,21.488836981000077],[91.97087649800005,21.470038153000075],[91.96338951900003,21.45213450700004],[91.96013431100005,21.454250393000052],[91.95883222700007,21.454413153000075],[91.95801842500003,21.455023505000042],[91.95590254000007,21.45840078300006],[91.94971764400003,21.45840078300006],[91.95297285200007,21.441839911000045],[91.95972741000003,21.423976955000057],[91.96941165500004,21.40961334800005],[91.98047936300003,21.40375397300005],[91.98975670700008,21.394232489000046],[92.04525800900007,21.29954661700009],[92.05046634200005,21.280462958000044],[92.05225670700008,21.256659247000073],[92.04395592500003,21.19204336100006],[92.04542076900003,21.17096588700008],[92.05250084700003,21.154771226000037],[92.09685306100005,21.105861721000053],[92.10808353000004,21.089911200000074],[92.12435957100007,21.06045156500005],[92.13412519600007,21.04751211100006],[92.18628991000003,21.00584544500009],[92.19288170700008,20.99567291900007],[92.20972741000003,20.930812893000052],[92.27808678500003,20.814113674000055],[92.30103600400008,20.762274481000077],[92.30909264400003,20.753241278000075],[92.31421959700003,20.749253648000035],[92.31934655000003,20.742010809000078],[92.32553144600007,20.738714911000045],[92.33399498800003,20.74640534100007],[92.33627363400007,20.757147528000075],[92.33326256600003,20.767726955000057],[92.32593834700003,20.780585028000075],[92.30762780000003,20.833197333000044],[92.30543053500003,20.851955471000053],[92.30062910200007,20.86237213700008],[92.27198326900003,20.903509833000044],[92.26148522200003,20.940252997000073],[92.25709069100003,20.98110586100006],[92.25855553500003,21.02252838700008],[92.26514733200008,21.061102606000077],[92.27051842500003,21.04901764500005],[92.28101647200003,20.959418036000045],[92.28809655000003,20.94358958500004],[92.30543053500003,20.917710679000038],[92.36068769600007,20.766913153000075],[92.37086022200003,20.72134023600006],[92.38111412900008,20.700140692000048],[92.39820397200003,20.691148179000038],[92.40845787900008,20.687974351000037],[92.42896569100003,20.673895575000074],[92.43921959700003,20.670721747000073],[92.45362389400003,20.668524481000077],[92.45964603000004,20.662583726000037],[92.46322675900007,20.65387604400007],[92.47055097700007,20.643377997000073],[92.50700931100005,20.60927969000005],[92.52003014400003,20.589667059000078],[92.52914472700007,20.543402411000045],[92.53988691500007,20.52753327000005],[92.63257897200003,20.446600653000075],[92.65316816500007,20.41828034100007],[92.69711347700007,20.308254299000055],[92.70630944100003,20.292914130000042],[92.72388756600003,20.271429755000042],[92.73121178500003,20.25918203300006],[92.73926842500003,20.279689846000053],[92.73121178500003,20.38271719000005],[92.73845462300005,20.42837148600006],[92.73747806100005,20.44476959800005],[92.71697024800005,20.49998607000009],[92.70826256600003,20.578680731000077],[92.70443769600007,20.589056708000044],[92.65943444100003,20.652818101000037],[92.63502037900008,20.69798411700009],[92.66285241000003,20.67918528900009],[92.69955488400007,20.619533596000053],[92.72071373800003,20.592230536000045],[92.73658287900008,20.56313711100006],[92.74170983200008,20.52928294500009],[92.75098717500003,20.498521226000037],[92.77898196700005,20.478257554000038],[92.77344811300003,20.47728099200009],[92.75855553500003,20.47211334800005],[92.76929772200003,20.45506419500009],[92.78532962300005,20.462958075000074],[92.79656009200005,20.48383209800005],[92.79265384200005,20.506252346000053],[92.81527754000007,20.504706122000073],[92.82691491000003,20.495062567000048],[92.83155358200008,20.478949286000045],[92.84050540500004,20.39012278900009],[92.84693444100003,20.377346096000053],[92.85661868600005,20.367621161000045],[92.88070722700007,20.34918854400007],[92.88770592500003,20.340277411000045],[92.88965905000003,20.333644924000055],[92.89332116000003,20.32953522300005],[92.90528405000003,20.328070380000042],[92.92530358200008,20.327826239000046],[92.93392988400007,20.325913804000038],[92.94288170700008,20.321234442000048],[92.90121504000007,20.30805084800005],[92.86402428500003,20.30076732000009],[92.79948978000004,20.25918203300006],[92.78663170700008,20.245917059000078],[92.77816816500007,20.231634833000044],[92.77361087300005,20.216742255000042],[92.77214603000004,20.20148346600007],[92.78296959700003,20.189846096000053],[92.84669030000003,20.143133856000077],[92.85523522200003,20.130601304000038],[92.86036217500003,20.124945380000042],[92.86768639400003,20.122015692000048],[92.88054446700005,20.123195705000057],[92.88941491000003,20.12799713700008],[92.89503014400003,20.133246161000045],[92.89844811300003,20.135687567000048],[92.93604576900003,20.21198151200008],[92.99480228000004,20.28660716400009],[93.01628665500004,20.32485586100006],[93.02491295700008,20.368475653000075],[93.02003014400003,20.42401764500005],[93.02263431100005,20.45254140800006],[93.03565514400003,20.475165106000077],[93.04908287900008,20.49176666900007],[93.06031334700003,20.513373114000046],[93.06869550900007,20.535711981000077],[93.07325280000003,20.554632880000042],[93.08562259200005,20.532945054000038],[93.07056725400008,20.496161200000074],[93.03223717500003,20.43109772300005],[93.03101647200003,20.40965403900009],[93.03419030000003,20.38422272300005],[93.04322350400008,20.364935614000046],[93.05958092500003,20.362250067000048],[93.07252037900008,20.376613674000055],[93.08187910200007,20.41697825700004],[93.10043379000007,20.43109772300005],[93.09131920700008,20.381008205000057],[93.08082116000003,20.358547268000052],[93.05616295700008,20.34918854400007],[93.04127037900008,20.33201732000009],[93.01880944100003,20.25649648600006],[93.00123131600003,20.23932526200008],[92.98747806100005,20.186672268000052],[92.99048912900008,20.15493398600006],[93.01856530000003,20.14996979400007],[93.04737389400003,20.16795482000009],[93.08920332100007,20.21035390800006],[93.12094160200007,20.21820709800005],[93.12094160200007,20.21198151200008],[93.11548912900008,20.20262278900009],[93.09424889400003,20.14996979400007],[93.08692467500003,20.14996979400007],[93.08668053500003,20.156805731000077],[93.08497155000003,20.16111888200004],[93.08269290500004,20.16502513200004],[93.08008873800003,20.170477606000077],[93.06470787900008,20.14712148600006],[93.05445397200003,20.13475169500009],[93.04249108200008,20.129461981000077],[92.98829186300003,20.12498607000009],[92.97022545700008,20.129461981000077],[92.97413170700008,20.117254950000074],[92.97592207100007,20.087836005000042],[92.98072350400008,20.077948309000078],[92.99154707100007,20.067531643000052],[93.01172936300003,20.04010651200008],[93.03842207100007,20.012925523000035],[93.04867597700007,19.99481842700004],[93.05274498800003,19.968410549000055],[93.05941816500007,19.951117255000042],[93.11264082100007,19.874335028000075],[93.12501061300003,19.84666575700004],[93.13453209700003,19.834051825000074],[93.13941491000003,19.831691799000055],[93.14918053500003,19.828924872000073],[93.16879316500007,19.80731842700004],[93.16895592500003,19.809393622000073],[93.15894616000003,19.82367584800005],[93.15577233200008,19.827826239000046],[93.15113366000003,19.830145575000074],[93.14730879000007,19.833034572000088],[93.13453209700003,19.84829336100006],[93.12989342500003,19.86237213700008],[93.12435957100007,19.893866278000075],[93.10613040500004,19.93065013200004],[93.10206139400003,19.964097398000035],[93.10914147200003,19.993801174000055],[93.13152103000004,20.00657786700009],[93.14812259200005,19.99433014500005],[93.16065514400003,19.96625397300005],[93.17628014400003,19.916571356000077],[93.20142662900008,19.86277903900009],[93.21762129000007,19.837103583000044],[93.23829186300003,19.82099030200004],[93.23585045700008,19.84723541900007],[93.17628014400003,19.957505601000037],[93.15577233200008,20.02643463700008],[93.13672936300003,20.05923086100006],[93.12989342500003,20.075100002000056],[93.12842858200008,20.094671942000048],[93.13607832100007,20.08152903900009],[93.14747155000003,20.070013739000046],[93.16138756600003,20.060614325000074],[93.17628014400003,20.05369700700004],[93.19027754000007,20.06443919500009],[93.21517988400007,20.05931224200009],[93.24463951900003,20.04987213700008],[93.27247155000003,20.04751211100006],[93.29395592500003,20.05418528900009],[93.31275475400008,20.065375067000048],[93.32650800900007,20.081284898000035],[93.33383222700007,20.10219961100006],[93.34066816500007,20.10219961100006],[93.35596764400003,20.038397528000075],[93.36182701900003,20.02643463700008],[93.37208092500003,20.03082916900007],[93.37452233200008,20.050604559000078],[93.37484785200007,20.08852773600006],[93.38233483200008,20.08852773600006],[93.38396243600005,20.064398505000042],[93.40447024800005,20.012925523000035],[93.40967858200008,19.98859284100007],[93.41358483200008,19.97752513200004],[93.42318769600007,19.965318101000037],[93.43531334700003,19.95538971600007],[93.44654381600003,19.95136139500005],[93.45704186300003,19.954250393000052],[93.46322675900007,19.961818752000056],[93.47046959700003,19.984849351000037],[93.47543379000007,19.97955963700008],[93.48731530000003,19.97020091400009],[93.49219811300003,19.964992580000057],[93.49586022200003,19.977362372000073],[93.50342858200008,19.986273505000042],[93.51368248800003,19.993068752000056],[93.52564537900008,19.999172268000052],[93.52955162900008,19.99217357000009],[93.53191165500004,19.984849351000037],[93.51685631600003,19.98118724200009],[93.51197350400008,19.970445054000038],[93.51710045700008,19.95856354400007],[93.53191165500004,19.95136139500005],[93.51832116000003,19.939601955000057],[93.52906334700003,19.930080471000053],[93.56592858200008,19.916571356000077],[93.55958092500003,19.912909247000073],[93.55160566500007,19.90574778900009],[93.54672285200007,19.902899481000077],[93.55469811300003,19.893866278000075],[93.56674238400007,19.885931708000044],[93.58073978000004,19.881333726000037],[93.59400475400008,19.882473049000055],[93.60084069100003,19.88857656500005],[93.60840905000003,19.906642971000053],[93.61133873800003,19.91034577000005],[93.62916100400008,19.909491278000075],[93.63819420700008,19.910305080000057],[93.64551842500003,19.91347890800006],[93.65650475400008,19.91620514500005],[93.70753014400003,19.916571356000077],[93.71159915500004,19.919663804000038],[93.71168053500003,19.93382396000004],[93.71753991000003,19.93768952000005],[93.72624759200005,19.93659088700008],[93.73365319100003,19.932114976000037],[93.74000084700003,19.925116278000075],[93.74537194100003,19.916571356000077],[93.73047936300003,19.91429271000004],[93.72559655000003,19.905585028000075],[93.72877037900008,19.893784898000035],[93.73804772200003,19.882473049000055],[93.70394941500007,19.885199286000045],[93.67994225400008,19.883368231000077],[93.66065514400003,19.870835679000038],[93.60645592500003,19.796128648000035],[93.60141035200007,19.78343333500004],[93.60141035200007,19.718573309000078],[93.61557050900007,19.723863023000035],[93.62330162900008,19.733587958000044],[93.63550866000003,19.759507554000038],[93.63624108200008,19.73501211100006],[93.64844811300003,19.725165106000077],[93.69353274800005,19.72479889500005],[93.70248457100007,19.73436107000009],[93.70883222700007,19.75381094000005],[93.72193444100003,19.76898834800005],[93.75163821700005,19.765692450000074],[93.74187259200005,19.754055080000057],[93.71876061300003,19.74359772300005],[93.71127363400007,19.731634833000044],[93.70948326900003,19.71352773600006],[93.71314537900008,19.697658596000053],[93.72095787900008,19.685288804000038],[93.73121178500003,19.67763906500005],[93.76107832100007,19.67487213700008],[93.78386478000004,19.691107489000046],[93.79916425900007,19.717718817000048],[93.80681399800005,19.745835679000038],[93.81316165500004,19.739488023000035],[93.82740319100003,19.718573309000078],[93.81617272200003,19.70335521000004],[93.80250084700003,19.68886953300006],[93.79444420700008,19.673570054000038],[93.80005944100003,19.65648021000004],[93.77865644600007,19.662502346000053],[93.75611412900008,19.661078192000048],[93.73845462300005,19.65135325700004],[93.73121178500003,19.632554429000038],[93.73959394600007,19.61749909100007],[93.77719160200007,19.60309479400007],[93.78565514400003,19.59129466400009],[93.79444420700008,19.571234442000048],[93.81470787900008,19.55304596600007],[93.85523522200003,19.52680084800005],[93.88209069100003,19.501898505000042],[93.89242597700007,19.498846747000073],[93.91602623800003,19.498928127000056],[93.92676842500003,19.497015692000048],[93.93726647200003,19.492010809000078],[93.91920006600003,19.48427969000005],[93.91456139400003,19.472805080000057],[93.92383873800003,19.46238841400009],[93.94711347700007,19.457912502000056],[93.97836347700007,19.463771877000056],[93.98438561300003,19.464056708000044],[93.99105879000007,19.457180080000057],[93.99024498800003,19.449652411000045],[93.98438561300003,19.437445380000042],[93.98804772200003,19.40493398600006],[93.98731530000003,19.38670482000009],[93.98096764400003,19.372259833000044],[93.96387780000003,19.348049221000053],[93.96143639400003,19.346136786000045],[93.95313561300003,19.343451239000046],[93.95020592500003,19.34178294500009],[93.94906660200007,19.337591864000046],[93.95093834700003,19.32526276200008],[93.95020592500003,19.320705471000053],[93.92994225400008,19.299750067000048],[93.86548912900008,19.25409577000005],[93.83423912900008,19.23818594000005],[93.79688561300003,19.235174872000073],[93.75464928500003,19.24713776200008],[93.72291100400008,19.268459377000056],[93.71753991000003,19.293402411000045],[93.68751061300003,19.296698309000078],[93.66529381600003,19.305609442000048],[93.62134850400008,19.334377346000053],[93.63697350400008,19.34906647300005],[93.63111412900008,19.372300523000035],[93.61133873800003,19.403265692000048],[93.57715905000003,19.403265692000048],[93.56804446700005,19.406724351000037],[93.56381269600007,19.41474030200004],[93.56039472700007,19.42381419500009],[93.55298912900008,19.430568752000056],[93.53012129000007,19.432074286000045],[93.50782311300003,19.42259349200009],[93.49089603000004,19.40761953300006],[93.48414147200003,19.392726955000057],[93.48324629000007,19.35065338700008],[93.48707116000003,19.333726304000038],[93.49781334700003,19.31391022300005],[93.55640709700003,19.23818594000005],[93.56714928500003,19.23110586100006],[93.59400475400008,19.176703192000048],[93.60743248800003,19.162258205000057],[93.64234459700003,19.13422272300005],[93.64918053500003,19.11863841400009],[93.65088951900003,19.10879140800006],[93.65503991000003,19.09707265800006],[93.66041100400008,19.085760809000078],[93.66627037900008,19.077378648000035],[93.67090905000003,19.066880601000037],[93.66773522200003,19.04393138200004],[93.66968834700003,19.03270091400009],[93.67888431100005,19.019598700000074],[93.68604576900003,19.01821523600006],[93.69353274800005,19.02057526200008],[93.70386803500003,19.018459377000056],[93.71485436300003,19.010199286000045],[93.72120201900003,19.001288153000075],[93.72673587300005,18.99176666900007],[93.73462975400008,18.98118724200009],[93.75025475400008,18.970404364000046],[93.79395592500003,18.953924872000073],[93.81373131600003,18.94399648600006],[93.86573326900003,18.89549388200004],[93.90739993600005,18.881781317000048],[93.92025800900007,18.86737702000005],[93.93043053500003,18.858628648000035],[93.94410241000003,18.86823151200008],[93.94190514400003,18.86985911700009],[93.93913821700005,18.876206773000035],[93.93718509200005,18.88377513200004],[93.93726647200003,18.88934967700004],[93.93930097700007,18.89052969000005],[93.94792728000004,18.894232489000046],[93.95020592500003,18.89549388200004],[93.97388756600003,18.922796942000048],[93.97754967500003,18.933417059000078],[93.97868899800005,18.94159577000005],[93.98340905000003,18.956691799000055],[93.98438561300003,18.96784088700008],[93.98121178500003,18.98065827000005],[93.96452884200005,19.00104401200008],[93.95777428500003,19.012193101000037],[93.95248457100007,19.032049872000073],[93.95020592500003,19.098211981000077],[93.95240319100003,19.109849351000037],[93.95557701900003,19.118312893000052],[93.95541425900007,19.126898505000042],[93.94711347700007,19.139146226000037],[93.91488691500007,19.169582424000055],[93.90992272200003,19.176703192000048],[93.91041100400008,19.19098541900007],[93.91602623800003,19.203924872000073],[93.92546634200005,19.210272528000075],[93.93726647200003,19.20465729400007],[93.94117272200003,19.194973049000055],[93.94263756600003,19.16990794500009],[93.94711347700007,19.15965403900009],[93.97348066500007,19.146307684000078],[93.99439537900008,19.159084377000056],[94.01042728000004,19.17999909100007],[94.02222741000003,19.19098541900007],[94.03337649800005,19.20453522300005],[94.03321373800003,19.23509349200009],[94.02523847700007,19.28656647300005],[94.03060957100007,19.31590403900009],[94.05697675900007,19.363348700000074],[94.06690514400003,19.38898346600007],[94.07390384200005,19.373846747000073],[94.06967207100007,19.350897528000075],[94.05990644600007,19.329901434000078],[94.04997806100005,19.320705471000053],[94.04590905000003,19.30467357000009],[94.05323326900003,19.22138092700004],[94.05054772200003,19.208319403000075],[94.03736412900008,19.18187083500004],[94.03272545700003,19.169256903000075],[94.03191165500004,19.153998114000046],[94.03785241000003,19.13226959800005],[94.03907311300003,19.12205638200004],[94.03443444100003,19.105861721000053],[94.02906334700003,19.095404364000046],[94.03052819100003,19.087958075000074],[94.04656009200005,19.08112213700008],[94.05665123800003,19.080959377000056],[94.08008873800003,19.08734772300005],[94.09424889400003,19.08734772300005],[94.08692467500003,19.080511786000045],[94.06006920700003,19.063706773000035],[94.06169681100005,19.057074286000045],[94.06446373800003,19.049383856000077],[94.06609134200005,19.04287344000005],[94.06348717500003,19.040187893000052],[94.05323326900003,19.02216217700004],[94.05103600400008,19.014593817000048],[94.04118899800005,18.99762604400007],[94.03907311300003,18.984930731000077],[94.04037519600007,18.971177476000037],[94.05323326900003,18.93650950700004],[94.03663170700003,18.918036200000074],[94.03207441500007,18.88857656500005],[94.03809655000003,18.859116929000038],[94.05323326900003,18.84088776200008],[94.05713951900003,18.84373607000009],[94.06690514400003,18.84833405200004],[94.07846113400007,18.83307526200008],[94.09839928500003,18.82172272300005],[94.11963951900003,18.81663646000004],[94.13510175900007,18.820461330000057],[94.13331139400003,18.831854559000078],[94.13355553500003,18.846502997000073],[94.13819420700003,18.86009349200009],[94.14893639400003,18.86823151200008],[94.14730879000007,18.83982982000009],[94.15308678500003,18.82103099200009],[94.18295332100007,18.785630601000037],[94.21241295700003,18.741848049000055],[94.22803795700003,18.735541083000044],[94.25245201900003,18.75214264500005],[94.26368248800003,18.74551015800006],[94.27930748800003,18.73851146000004],[94.21159915500004,18.725531317000048],[94.17457116000003,18.725043036000045],[94.15642337300005,18.73851146000004],[94.14893639400003,18.73851146000004],[94.14893639400003,18.731024481000077],[94.24878991000003,18.63886139500005],[94.25294030000003,18.62799713700008],[94.26221764400003,18.54511139500005],[94.25896243600005,18.535711981000077],[94.24496504000007,18.53925202000005],[94.25896243600005,18.509019273000092],[94.27963300900007,18.480210679000038],[94.33106530000003,18.42597077000005],[94.33920332100007,18.410223700000074],[94.34400475400008,18.39126211100006],[94.35059655000003,18.37523021000004],[94.36548912900008,18.36859772300005],[94.38965905000003,18.36269765800006],[94.39958743600005,18.348211981000077],[94.40528405000003,18.33030833500004],[94.41700280000003,18.31395091400009],[94.40902754000007,18.30882396000004],[94.39698326900003,18.291449286000045],[94.38917076900003,18.286037502000056],[94.37859134200005,18.28709544500009],[94.36589603000004,18.298570054000038],[94.35027103000004,18.292914130000042],[94.33920332100007,18.305975653000075],[94.33106530000003,18.303127346000053],[94.32797285200007,18.29511139500005],[94.32618248800003,18.281642971000053],[94.32585696700005,18.267726955000057],[94.32764733200003,18.258734442000048],[94.34156334700003,18.24750397300005],[94.36060631600003,18.24607982000009],[94.40650475400008,18.251288153000075],[94.42286217500003,18.24249909100007],[94.43018639400003,18.22215403900009],[94.43677819100003,18.18235911700009],[94.44109134200005,18.17641836100006],[94.45232181100005,18.16510651200008],[94.45785566500007,18.15570709800005],[94.46062259200005,18.144191799000055],[94.46062259200005,18.13279857000009],[94.46192467500003,18.12177155200004],[94.48096764400003,18.094224351000037],[94.49057050900007,18.07249583500004],[94.49488366000003,18.04881419500009],[94.49219811300003,18.025946356000077],[94.48178144600007,18.01520416900007],[94.45085696700005,18.002427476000037],[94.44434655000003,17.988104559000078],[94.44743899800005,17.97333405200004],[94.48340905000003,17.902289130000042],[94.48951256600003,17.876206773000092],[94.49219811300003,17.816799221000053],[94.50171959700003,17.78660716400009],[94.54395592500003,17.74803294500009],[94.55347741000003,17.727362372000073],[94.55689537900008,17.682440497000073],[94.56299889400003,17.66168854400007],[94.57398522200003,17.641791083000044],[94.58952884200005,17.62641022300005],[94.59522545700003,17.61546458500004],[94.59107506600003,17.60419342700004],[94.59066816500007,17.59324778900009],[94.60922285200007,17.55955638200004],[94.61500084700003,17.54555898600006],[94.59701582100007,17.557766018000052],[94.57691491000003,17.576239325000074],[94.56031334700003,17.582098700000074],[94.55347741000003,17.556382554000038],[94.55388431100005,17.54360586100006],[94.55543053500003,17.538397528000075],[94.55933678500003,17.532904364000046],[94.56657962300005,17.518866278000075],[94.57032311300003,17.505194403000075],[94.57007897200003,17.493963934000078],[94.56657962300005,17.476629950000074],[94.56771894600007,17.46287669500009],[94.57683353000004,17.358343817000048],[94.59449303500003,17.292303778000075],[94.58448326900003,17.303290106000077],[94.57252037900008,17.311102606000077],[94.55933678500003,17.31631094000005],[94.54615319100003,17.319647528000075],[94.54542076900003,17.296087958000044],[94.53321373800003,17.290350653000075],[94.51889082100007,17.28815338700008],[94.51197350400008,17.275213934000078],[94.50863691500007,17.230129299000055],[94.51197350400008,17.217189846000053],[94.51783287900008,17.212551174000055],[94.52662194100003,17.209418036000045],[94.53500410200007,17.205145575000074],[94.53988691500007,17.19672272300005],[94.53785241000003,17.18740469000005],[94.53044681100005,17.18195221600007],[94.52247155000003,17.177801825000074],[94.51880944100003,17.17251211100006],[94.51091556100005,17.16901276200008],[94.46469160200007,17.189276434000078],[94.45435631600003,17.180080471000053],[94.45264733200003,17.16620514500005],[94.45777428500003,17.15375397300005],[94.48568769600007,17.141017971000053],[94.48878014400003,17.124212958000044],[94.48414147200003,17.10569896000004],[94.47836347700007,17.093085028000075],[94.46192467500003,17.069647528000075],[94.45785566500007,17.05955638200004],[94.45671634200005,17.050604559000078],[94.45777428500003,16.982896226000037],[94.45386803500003,16.965236721000053],[94.44434655000003,16.949652411000045],[94.46469160200007,16.949652411000045],[94.43531334700003,16.91014232000009],[94.42318769600007,16.901271877000056],[94.41187584700003,16.90070221600007],[94.40064537900008,16.904445705000057],[94.39063561300003,16.906642971000053],[94.38233483200003,16.901271877000056],[94.37891686300003,16.88694896000004],[94.38347415500004,16.872015692000048],[94.39649498800003,16.846625067000048],[94.40064537900008,16.830633856000077],[94.40267988400007,16.788275458000044],[94.39844811300003,16.775783596000053],[94.37964928500003,16.75535716400009],[94.37549889400003,16.740790106000077],[94.37338300900007,16.729315497000073],[94.36443118600005,16.701117255000042],[94.36231530000003,16.68585846600007],[94.36198978000004,16.63548411700009],[94.35206139400003,16.61859772300005],[94.32764733200003,16.60643138200004],[94.32764733200003,16.60024648600006],[94.34620201900003,16.59243398600006],[94.34896894600007,16.57811107000009],[94.34131920700003,16.54840729400007],[94.33106530000003,16.528631903000075],[94.30860436300003,16.527777411000045],[94.27312259200005,16.53815338700008],[94.26832116000003,16.527492580000057],[94.27312259200005,16.466498114000046],[94.25863691500007,16.38735586100006],[94.25407962300005,16.379461981000077],[94.24170983200003,16.366034247000073],[94.23812910200007,16.360663153000075],[94.23536217500003,16.34837474200009],[94.23780358200003,16.273138739000046],[94.21509850400008,16.15766022300005],[94.20923912900008,16.04450104400007],[94.20980879000007,16.028998114000046],[94.21461022200003,16.014797268000052],[94.23951256600003,15.976304429000038],[94.25147545700003,15.968451239000046],[94.26563561300003,15.975083726000037],[94.28663170700003,15.99750397300005],[94.30079186300003,15.989732164000088],[94.32146243600005,15.989935614000046],[94.34001712300005,15.996242580000057],[94.34799238400007,16.007147528000075],[94.35132897200003,16.034369208000044],[94.36060631600003,16.049261786000045],[94.37574303500003,16.05605703300006],[94.39649498800003,16.058986721000053],[94.42807050900007,16.074164130000042],[94.45557701900003,16.105617580000057],[94.50700931100005,16.189601955000057],[94.51319420700003,16.205145575000074],[94.51734459700003,16.223944403000075],[94.51880944100003,16.247381903000075],[94.51563561300003,16.287258205000057],[94.52116946700005,16.295477606000077],[94.53988691500007,16.29169342700004],[94.54761803500003,16.28656647300005],[94.55404707100007,16.279730536000045],[94.56202233200003,16.27374909100007],[94.57398522200003,16.271307684000078],[94.58366946700005,16.27484772300005],[94.59253991000003,16.28351471600007],[94.59888756600003,16.29364655200004],[94.60670006600003,16.325995184000078],[94.61817467500003,16.34202708500004],[94.62973066500007,16.344183661000045],[94.63550866000003,16.32648346600007],[94.61500084700003,16.285549221000053],[94.59262129000007,16.25922272300005],[94.58204186300003,16.243475653000075],[94.58399498800003,16.23651764500005],[94.60670006600003,16.243109442000048],[94.62794030000003,16.260199286000045],[94.64372806100005,16.28351471600007],[94.64975019600007,16.30882396000004],[94.65512129000007,16.322699286000045],[94.67847741000003,16.348537502000056],[94.68384850400008,16.364081122000073],[94.68384850400008,16.42206452000005],[94.67017662900008,16.50967031500005],[94.67701256600003,16.53196849200009],[94.68392988400007,16.51080963700008],[94.69727623800003,16.508368231000077],[94.73226972700007,16.524562893000052],[94.73161868600005,16.510199286000045],[94.72543379000007,16.505113023000092],[94.71729576900003,16.50291575700004],[94.71070397200003,16.497219143000052],[94.70622806100005,16.484442450000074],[94.70582116000003,16.473089911000045],[94.72169030000003,16.37848541900007],[94.73226972700007,16.36749909100007],[94.73226972700007,16.360663153000075],[94.72055097700007,16.362127997000073],[94.71070397200003,16.36033763200004],[94.70492597700007,16.353216864000046],[94.68531334700003,16.29197825700004],[94.67359459700003,16.274725653000075],[94.66521243600005,16.257635809000078],[94.66871178500003,16.24087148600006],[94.68384850400008,16.20917389500005],[94.68669681100005,16.165350653000075],[94.67888431100005,16.12128327000005],[94.66334069100003,16.07998281500005],[94.64234459700003,16.044663804000038],[94.58871504000007,15.996242580000057],[94.56234785200007,15.961859442000048],[94.56657962300005,15.935492255000042],[94.58985436300003,15.931586005000042],[94.61475670700003,15.94367096600007],[94.67139733200003,15.996568101000037],[94.68921959700003,16.00731028900009],[94.70533287900008,16.020656643000052],[94.71802819100003,16.044663804000038],[94.72543379000007,16.06391022300005],[94.75220787900008,16.10740794500009],[94.76596113400007,16.139471747000073],[94.77515709700003,16.151556708000044],[94.79371178500003,16.16201406500005],[94.79265384200005,16.14789459800005],[94.78516686300003,16.13963450700004],[94.77662194100003,16.134914455000057],[94.77271569100003,16.131008205000057],[94.77198326900003,16.110988674000055],[94.76978600400008,16.10228099200009],[94.76587975400008,16.09316640800006],[94.75806725400008,16.08344147300005],[94.74903405000003,16.07566966400009],[94.74170983200003,16.067287502000056],[94.73226972700007,16.017401434000078],[94.70313561300003,15.982367255000042],[94.66553795700003,15.957912502000056],[94.62867272200003,15.939154364000046],[94.60132897200003,15.921210028000075],[94.61019941500007,15.904974677000041],[94.62240644600007,15.891546942000048],[94.63282311300003,15.88971588700008],[94.63550866000003,15.908148505000042],[94.64454186300003,15.887111721000053],[94.64893639400003,15.86859772300005],[94.65870201900003,15.85447825700004],[94.68384850400008,15.84674713700008],[94.70386803500003,15.848456122000073],[94.72120201900003,15.856675523000092],[94.73519941500007,15.868394273000092],[94.74537194100003,15.88084544500009],[94.77418053500003,15.94334544500009],[94.78687584700003,15.962144273000092],[94.84620201900003,15.99998607000009],[94.85523522200003,16.01398346600007],[94.85645592500003,16.018500067000048],[94.86939537900008,16.040961005000042],[94.86768639400003,16.045314846000053],[94.86402428500003,16.049627997000073],[94.86207116000003,16.055609442000048],[94.85987389400003,16.06541575700004],[94.85059655000003,16.085760809000078],[94.84839928500003,16.096502997000073],[94.84945722700007,16.139797268000052],[94.85466556100005,16.160223700000074],[94.86573326900003,16.168890692000048],[94.86841881600003,16.173895575000074],[94.89307701900003,16.20575592700004],[94.90251712300005,16.20962148600006],[94.92465254000007,16.208807684000078],[94.94288170700003,16.21637604400007],[94.96697024800005,16.220404364000046],[94.97193444100003,16.22654857000009],[94.97478274800005,16.23151276200008],[94.98804772200003,16.24437083500004],[94.99244225400008,16.250799872000073],[94.98682701900003,16.232245184000078],[94.97510826900003,16.21434153900009],[94.95923912900008,16.200873114000046],[94.94092858200003,16.19554271000004],[94.91732832100007,16.19236888200004],[94.90007571700005,16.18378327000005],[94.88705488400007,16.170803127000056],[94.86841881600003,16.14203522300005],[94.86312910200007,16.127752997000073],[94.86353600400008,16.11237213700008],[94.88021894600007,16.07998281500005],[94.88453209700003,16.036037502000056],[94.88933353000004,16.017401434000078],[94.92408287900008,16.03851959800005],[94.92066491000003,16.01862213700008],[94.90723717500003,16.00604889500005],[94.88949629000007,15.99945709800005],[94.87256920700003,15.99750397300005],[94.86280358200003,15.991766669000071],[94.85035241000003,15.978094794000071],[94.83961022200003,15.962062893000052],[94.83472741000003,15.949164130000042],[94.83594811300003,15.936672268000052],[94.84839928500003,15.908148505000042],[94.85010826900003,15.895453192000048],[94.84839928500003,15.863755601000037],[94.85320071700005,15.840277411000045],[94.86394290500004,15.844142971000053],[94.88257897200003,15.86717357000009],[94.88770592500003,15.864203192000048],[94.89283287900008,15.856634833000044],[94.89633222700007,15.847398179000038],[94.89673912900008,15.839260158000059],[94.89039147200003,15.827053127000056],[94.88054446700005,15.820379950000074],[94.86931399800005,15.81549713700008],[94.85865319100003,15.80882396000004],[94.84685306100005,15.790594794000071],[94.85865319100003,15.782619533000059],[94.90357506600003,15.777818101000037],[94.93775475400008,15.764146226000037],[94.94996178500003,15.762640692000048],[94.97559655000003,15.764146226000037],[94.98072350400008,15.766831773000092],[94.98617597700007,15.77334219000005],[94.99048912900008,15.78123607000009],[94.99244225400008,15.788397528000075],[94.99756920700003,15.795314846000053],[95.00993899800005,15.799302476000037],[95.02377363400007,15.80219147300005],[95.03394616000003,15.80573151200008],[95.04688561300003,15.822088934000078],[95.05502363400007,15.846136786000045],[95.07292728000004,15.970648505000042],[95.07374108200003,15.99750397300005],[95.06788170700003,16.04832591400009],[95.07056725400008,16.07485586100006],[95.09400475400008,16.09365469000005],[95.12159264400003,16.131659247000073],[95.12891686300003,16.148382880000042],[95.13575280000003,16.148382880000042],[95.14242597700007,16.134833075000074],[95.14869225400008,16.132025458000044],[95.15552819100003,16.134019273000092],[95.16309655000003,16.134711005000042],[95.17847741000003,16.139960028000075],[95.18360436300003,16.14093659100007],[95.18881269600007,16.138820705000057],[95.19369550900007,16.129380601000037],[95.20069420700003,16.12726471600007],[95.21225019600007,16.12653229400007],[95.22250410200007,16.124172268000052],[95.22592207100007,16.119940497000073],[95.21762129000007,16.11359284100007],[95.20720462300005,16.11155833500004],[95.17359459700003,16.11359284100007],[95.13795006600003,16.10032786700009],[95.11019941500007,16.06745026200008],[95.09766686300003,16.025132554000038],[95.10775800900007,15.983872789000088],[95.12891686300003,16.03851959800005],[95.13754316500007,16.006659247000073],[95.11524498800003,15.893947658000059],[95.11622155000003,15.855292059000078],[95.12574303500003,15.817613023000092],[95.14454186300003,15.789129950000074],[95.17359459700003,15.777818101000037],[95.21273847700007,15.78656647300005],[95.22437584700003,15.810126044000071],[95.21762129000007,15.884263414000088],[95.22396894600007,15.91860586100006],[95.23902428500003,15.950344143000052],[95.27295983200003,16.003729559000078],[95.27588951900003,15.970648505000042],[95.26270592500003,15.940904039000088],[95.24610436300003,15.915228583000044],[95.23878014400003,15.893947658000059],[95.25163821700005,15.86823151200008],[95.27475019600007,15.876450914000088],[95.29712975400008,15.90298086100006],[95.31185957100007,15.947088934000078],[95.34180748800003,15.983872789000088],[95.34571373800003,15.996486721000053],[95.34864342500003,16.041571356000077],[95.34555097700007,16.06085846600007],[95.33179772200003,16.091050523000092],[95.32748457100007,16.10740794500009],[95.33025149800005,16.119940497000073],[95.33822675900007,16.12986888200004],[95.34791100400008,16.138820705000057],[95.35547936300003,16.148382880000042],[95.36158287900008,16.148382880000042],[95.35661868600005,16.12913646000004],[95.34961998800003,16.116929429000038],[95.34546959700003,16.10496653900009],[95.34864342500003,16.086330471000053],[95.36361738400007,16.054510809000078],[95.36850019600007,16.038804429000038],[95.36915123800003,16.017401434000078],[95.36426842500003,15.984564520000049],[95.35474694100003,15.951361395000049],[95.33855228000004,15.922023830000057],[95.31397545700003,15.90070221600007],[95.31771894600007,15.884182033000059],[95.31267337300005,15.866522528000075],[95.30225670700003,15.852484442000048],[95.29029381600003,15.84674713700008],[95.28256269600007,15.838324286000045],[95.28793379000007,15.74013906500005],[95.29444420700003,15.727850653000075],[95.31055748800003,15.723211981000077],[95.37419681100005,15.715033270000049],[95.39649498800003,15.716376044000071],[95.41578209700003,15.72296784100007],[95.43197675900007,15.733628648000092],[95.46159915500004,15.76072825700004],[95.52344811300003,15.803656317000048],[95.66472415500004,15.94920482000009],[95.68734785200007,15.988226630000042],[95.69068444100003,16.00067780200004],[95.69068444100003,16.048488674000055],[95.69703209700003,16.06598541900007],[95.72527103000004,16.10643138200004],[95.73226972700007,16.12726471600007],[95.72486412900008,16.22284577000005],[95.73462975400008,16.212836005000042],[95.74122155000003,16.19481028900009],[95.74480228000004,16.174627997000073],[95.74586022200003,16.158351955000057],[95.75554446700005,16.14524974200009],[95.77662194100003,16.140692450000074],[95.79769941500007,16.144924221000053],[95.81812584700003,16.17601146000004],[95.88990319100003,16.243963934000078],[95.88624108200003,16.217678127000056],[95.88306725400008,16.20917389500005],[95.90788821700005,16.211737372000073],[95.92212975400008,16.225409247000073],[95.93384850400008,16.243109442000048],[95.95142662900008,16.257635809000078],[95.94857832100007,16.23932526200008],[95.94174238400007,16.22654857000009],[95.94239342500003,16.21906159100007],[95.96192467500003,16.21670156500005],[95.97999108200003,16.223130601000037],[96.01880944100003,16.256740627000056],[96.06755618600005,16.310248114000046],[96.06657962300005,16.335638739000046],[96.00660241000003,16.38735586100006],[96.07740319100003,16.36082591400009],[96.08855228000004,16.34979889500005],[96.09766686300003,16.328558661000045],[96.11898847700007,16.32176341400009],[96.14405358200003,16.32489655200004],[96.16423587300005,16.33270905200004],[96.22181790800005,16.34478726900005],[96.28533551400005,16.365993422000088],[96.30469811300003,16.406398830000057],[96.32129967500003,16.415269273000092],[96.33643639400003,16.43943919500009],[96.32732181100005,16.45343659100007],[96.31006920700003,16.464585679000038],[96.29444420700003,16.491522528000075],[96.24634850400008,16.55487702000005],[96.23462975400008,16.57636139500005],[96.23194420700003,16.587225653000075],[96.23365319100003,16.59788646000004],[96.24382571700005,16.61945221600007],[96.24610436300003,16.631293036000045],[96.24089603000004,16.650132554000038],[96.21485436300003,16.679632880000042],[96.20460045700003,16.696478583000044],[96.19776451900003,16.734035549000055],[96.19410241000003,16.74315013200004],[96.17693118600005,16.762274481000077],[96.17115319100003,16.771551825000074],[96.20655358200003,16.777492580000057],[96.25757897200003,16.81590403900009],[96.28711998800003,16.81313711100006],[96.27491295700003,16.802679755000042],[96.23454837300005,16.77692291900007],[96.22575931100005,16.76129791900007],[96.22641035200007,16.739406643000052],[96.22925866000003,16.71873607000009],[96.23552493600005,16.697821356000077],[96.25562584700003,16.65729401200008],[96.26156660200007,16.640692450000074],[96.26498457100007,16.62177155200004],[96.26596113400007,16.596828518000052],[96.27312259200005,16.582098700000074],[96.28980553500003,16.566839911000045],[96.35710696700005,16.518500067000048],[96.37712649800005,16.50812409100007],[96.40015709700003,16.504055080000057],[96.43626064100005,16.47776837400005],[96.49762682200003,16.48418735200005],[96.55897956600006,16.49689671300007],[96.61594293000007,16.518004835000056],[96.64002680300007,16.545373148000067],[96.67947338500005,16.57486789400008],[96.69841556100005,16.62995026200008],[96.71631920700003,16.658351955000057],[96.72584069100003,16.669134833000044],[96.76612389400003,16.697088934000078],[96.78321373800003,16.71234772300005],[96.80103600400008,16.73737213700008],[96.79086347700007,16.74746328300006],[96.78939863400007,16.75608958500004],[96.79639733200003,16.76235586100006],[96.81128991000003,16.76471588700008],[96.82569420700003,16.799383856000077],[96.83187910200007,16.821926174000055],[96.84669030000003,16.844916083000044],[96.84888756600003,16.860296942000048],[96.84400475400008,16.873928127000056],[96.83432050900007,16.885239976000037],[96.82154381600003,16.894354559000078],[96.80787194100003,16.901271877000056],[96.80787194100003,16.908677476000037],[96.82081139400003,16.907538153000075],[96.84278405000003,16.902492580000057],[96.85572350400008,16.901271877000056],[96.84839928500003,16.909328518000052],[96.84253991000003,16.917669989000046],[96.83806399800005,16.92645905200004],[96.83521569100003,16.936021226000037],[96.86833743600005,16.92841217700004],[96.87907962300005,16.934719143000052],[96.88689212300005,16.979396877000056],[96.90495853000004,17.01040273600006],[96.91089928500003,17.02480703300006],[96.91016686300003,17.066839911000045],[96.89527428500003,17.10154857000009],[96.85572350400008,17.168768622000073],[96.84937584700003,17.212958075000074],[96.86548912900008,17.240301825000074],[96.89047285200007,17.260931708000044],[96.91089928500003,17.284857489000046],[96.91065514400003,17.31708405200004],[96.88461347700007,17.33885325700004],[96.85124759200005,17.35956452000005],[96.82837975400008,17.388495184000078],[96.82154381600003,17.39472077000005],[96.82488040500004,17.398382880000042],[96.82984459700003,17.402411200000074],[96.83570397200003,17.406195380000042],[96.84205162900008,17.409002997000073],[96.84449303500003,17.40265534100007],[96.85206139400003,17.39402903900009],[96.85572350400008,17.388495184000078],[96.86345462300005,17.40338776200008],[96.87159264400003,17.44171784100007],[96.88306725400008,17.457424221000053],[96.88835696700005,17.444281317000048],[96.88705488400007,17.411851304000038],[96.88990319100003,17.39472077000005],[96.89551842500003,17.38467031500005],[96.90455162900008,17.37531159100007],[97.01335696700005,17.29913971600007],[97.00717207100007,17.27806224200009],[97.02361087300005,17.26748281500005],[97.04867597700007,17.26080963700008],[97.06861412900008,17.25136953300006],[97.07862389400003,17.231350002000056],[97.08179772200003,17.209784247000073],[97.08871504000007,17.193508205000057],[97.10962975400008,17.189276434000078],[97.10962975400008,17.182440497000073],[97.09595787900008,17.165757554000038],[97.10027103000004,17.13377513200004],[97.11443118600005,17.10032786700009],[97.13062584700003,17.079413153000075],[97.14193769600007,17.099351304000038],[97.14795983200003,17.116888739000046],[97.15805097700007,17.129299221000053],[97.18189537900008,17.134019273000092],[97.20264733200003,17.13157786700009],[97.22234134200005,17.125433661000045],[97.26099694100003,17.10732656500005],[97.23365319100003,17.09516022300005],[97.20240319100003,17.106024481000077],[97.17448978000004,17.112494208000044],[97.15723717500003,17.086859442000048],[97.15853925900007,17.07371653900009],[97.16456139400003,17.05931224200009],[97.17212975400008,17.046576239000046],[97.17847741000003,17.03847890800006],[97.19507897200003,17.021877346000053],[97.19825280000003,17.013495184000078],[97.19898522200003,16.99746328300006],[97.18669681100005,16.947007554000038],[97.18327884200005,16.921535549000055],[97.19157962300005,16.901271877000056],[97.20240319100003,16.906805731000077],[97.21143639400003,16.907863674000055],[97.21949303500003,16.901271877000056],[97.20582116000003,16.87457916900007],[97.20460045700003,16.859808661000045],[97.20484459700003,16.84520091400009],[97.20899498800003,16.833197333000044],[97.21949303500003,16.82615794500009],[97.22087649800005,16.840643622000073],[97.22429446700005,16.853257554000038],[97.23308353000004,16.87457916900007],[97.24048912900008,16.87457916900007],[97.23340905000003,16.848944403000075],[97.23308353000004,16.83982982000009],[97.23568769600007,16.82953522300005],[97.24480228000004,16.81745026200008],[97.23020911700007,16.796646165000084],[97.23017297700005,16.769141733000083],[97.24027599700003,16.731900687000063],[97.25544480700006,16.697868885000048],[97.28583595300006,16.658921726000074],[97.31119371300008,16.652366398000083],[97.32982822700006,16.679846809000082],[97.33741295700003,16.655503648000092],[97.33741295700003,16.63157786700009],[97.37029056100005,16.483547268000052],[97.38648522200003,16.50389232000009],[97.40259850400008,16.516913153000075],[97.42310631600003,16.52342357000009],[97.45215905000003,16.524562893000052],[97.45875084700003,16.523382880000042],[97.47071373800003,16.519232489000046],[97.47632897200003,16.51829661700009],[97.48414147200003,16.52020905200004],[97.48943118600005,16.52448151200008],[97.49398847700007,16.528998114000046],[97.49984785200007,16.53196849200009],[97.52295983200003,16.536444403000075],[97.54835045700003,16.53815338700008],[97.61296634200005,16.530585028000075],[97.63038170700003,16.53196849200009],[97.65284264400003,16.539862372000073],[97.70354251400005,16.573553778000075],[97.71290123800003,16.579779364000046],[97.72185306100005,16.57684967700004],[97.72950280000003,16.57249583500004],[97.73552493600005,16.566799221000053],[97.74024498800003,16.55927155200004],[97.74008222700007,16.55923086100006],[97.70313561300003,16.552069403000075],[97.67383873800003,16.53343333500004],[97.65186608200003,16.50722890800006],[97.63721764400003,16.477362372000073],[97.62663821700005,16.437567450000074],[97.62305748800003,16.394476630000042],[97.62647545700003,16.351629950000074],[97.63721764400003,16.312201239000046],[97.64673912900008,16.29328034100007],[97.64991295700003,16.28384023600006],[97.65088951900003,16.271307684000078],[97.64820397200003,16.25922272300005],[97.63900800900007,16.238348700000074],[97.61963951900003,16.125433661000045],[97.61215254000007,16.10740794500009],[97.60084069100003,16.09247467700004],[97.58594811300003,16.086330471000053],[97.57699629000007,16.08470286700009],[97.57178795700003,16.080023505000042],[97.56934655000003,16.07257721600007],[97.56885826900003,16.06240469000005],[97.57593834700003,16.02216217700004],[97.57569420700003,16.017401434000078],[97.58228600400008,16.009100653000075],[97.60971113400007,15.983872789000088],[97.63721764400003,15.949164130000042],[97.69141686300003,15.912298895000049],[97.71225019600007,15.88768138200004],[97.70606530000003,15.86033763200004],[97.72136478000004,15.85618724200009],[97.72706139400003,15.84320709800005],[97.72641035200007,15.777818101000037],[97.72339928500003,15.77179596600007],[97.71412194100003,15.763373114000046],[97.71290123800003,15.757310289000088],[97.71680748800003,15.74945709800005],[97.73080488400007,15.733954169000071],[97.73389733200003,15.726304429000038],[97.73170006600003,15.718410549000055],[97.72738691500007,15.71002838700008],[97.72559655000003,15.701320705000057],[97.73023522200003,15.69212474200009],[97.73845462300005,15.67991771000004],[97.74366295700003,15.664862372000073],[97.74447675900007,15.65070221600007],[97.74024498800003,15.64126211100006],[97.74463951900003,15.634426174000055],[97.74732506600003,15.626166083000044],[97.74732506600003,15.617743231000077],[97.74366295700003,15.610256252000056],[97.74293053500003,15.60447825700004],[97.76742597700007,15.54401276200008],[97.77426191500007,15.531398830000057],[97.76189212300005,15.50389232000009],[97.76140384200005,15.49054596600007],[97.78687584700003,15.419419664000088],[97.79476972700007,15.407904364000046],[97.77515709700003,15.393133856000077],[97.76693769600007,15.389349677000041],[97.76075280000003,15.394232489000046],[97.75049889400003,15.36009349200009],[97.74089603000004,15.358954169000071],[97.73406009200005,15.355292059000078],[97.72950280000003,15.348944403000075],[97.72641035200007,15.339585679000038],[97.73829186300003,15.329006252000056],[97.74203535200007,15.317938544000071],[97.74024498800003,15.291815497000073],[97.74089603000004,15.275580145000049],[97.74317467500003,15.266831773000092],[97.76937910200007,15.223334052000041],[97.78028405000003,15.211493231000077],[97.79493248800003,15.208807684000078],[97.82276451900003,15.20929596600007],[97.81088300900007,15.191148179000038],[97.80713951900003,15.174953518000052],[97.81023196700005,15.095119533000059],[97.80681399800005,15.07526276200008],[97.79476972700007,15.05849844000005],[97.79908287900008,15.051459052000041],[97.80437259200005,15.038234768000052],[97.80836022200003,15.03115469000005],[97.79688561300003,15.032456773000092],[97.78744550900007,15.03070709800005],[97.77979576900003,15.025783596000053],[97.77426191500007,15.01748281500005],[97.79118899800005,15.008734442000048],[97.80437259200005,14.99868398600006],[97.81283613400007,14.983343817000048],[97.81592858200003,14.958807684000078],[97.81373131600003,14.95018138200004],[97.80445397200003,14.935980536000045],[97.80225670700003,14.924709377000056],[97.80250084700003,14.900946356000077],[97.80030358200003,14.890326239000046],[97.79476972700007,14.88031647300005],[97.79493248800003,14.880153713000084],[97.81511478000004,14.850816148000092],[97.84253991000003,14.73631419500009],[97.84595787900008,14.72992584800005],[97.85035241000003,14.72361888200004],[97.85621178500003,14.718491929000038],[97.86304772200003,14.71580638200004],[97.87549889400003,14.716742255000042],[97.88306725400008,14.721502997000073],[97.88835696700005,14.726955471000053],[97.89380944100003,14.72947825700004],[97.90219160200007,14.737697658000059],[97.89454186300003,14.779689846000053],[97.89722741000003,14.797756252000056],[97.90406334700003,14.797756252000056],[97.90674889400003,14.775946356000077],[97.91716556100005,14.758612372000073],[97.93116295700003,14.75218333500004],[97.94556725400008,14.763617255000042],[97.94605553500003,14.769680080000057],[97.94336998800003,14.776678778000075],[97.93995201900003,14.782416083000044],[97.93816165500004,14.784735419000071],[97.94532311300003,14.795314846000053],[97.94988040500004,14.798895575000074],[97.95183353000004,14.794338283000059],[97.95386803500003,14.78774648600006],[97.95883222700007,14.778509833000044],[97.96566816500007,14.76951732000009],[97.97291100400008,14.763617255000042],[97.96461022200003,14.74705638200004],[97.97103925900007,14.735907294000071],[97.98536217500003,14.728176174000055],[98.00025475400008,14.722072658000059],[97.98218834700003,14.715277411000045],[97.99244225400008,14.693101304000038],[98.02759850400008,14.64752838700008],[97.99244225400008,14.663723049000055],[97.96851647200003,14.696519273000092],[97.94312584700003,14.720200914000088],[97.90406334700003,14.70897044500009],[97.88550866000003,14.684068101000037],[97.88550866000003,14.655951239000046],[97.90007571700005,14.63031647300005],[97.92505944100003,14.612779039000088],[97.91358483200003,14.586737372000073],[97.92139733200003,14.55768463700008],[97.95183353000004,14.50291575700004],[97.96208743600005,14.45774974200009],[97.96607506600003,14.44830963700008],[97.97641035200007,14.443752346000053],[97.98422285200007,14.449652411000045],[97.99146569100003,14.46002838700008],[98.00025475400008,14.46873607000009],[97.99594160200007,14.449693101000037],[97.98259524800005,14.419256903000075],[97.97974694100003,14.397406317000048],[97.98129316500007,14.376450914000088],[97.98601321700005,14.35260651200008],[97.99350019600007,14.330511786000045],[98.01482181100005,14.299505927000041],[98.04175866000003,14.242865302000041],[98.08961022200003,14.181382554000038],[98.09522545700003,14.193793036000045],[98.10108483200003,14.191839911000045],[98.10645592500003,14.181219794000071],[98.11011803500003,14.167792059000078],[98.09644616000003,14.167792059000078],[98.10857181100005,14.132635809000078],[98.11011803500003,14.12303294500009],[98.10767662900008,14.11001211100006],[98.09742272200003,14.092189846000053],[98.09644616000003,14.07835521000004],[98.08838951900003,14.06346263200004],[98.06625410200007,14.032700914000088],[98.06169681100005,14.01007721600007],[98.06560306100005,13.98932526200008],[98.07927493600005,13.948065497000073],[98.08228600400008,13.92446523600006],[98.08545983200003,13.917914130000042],[98.09302819100003,13.912176825000074],[98.10124759200005,13.908026434000078],[98.10670006600003,13.906439520000049],[98.11085045700003,13.902167059000078],[98.10914147200003,13.89248281500005],[98.10328209700003,13.876369533000059],[98.10401451900003,13.83470286700009],[98.11011803500003,13.790350653000075],[98.08887780000003,13.795111395000049],[98.08277428500003,13.769964911000045],[98.09205162900008,13.73969147300005],[98.11695397200003,13.728949286000045],[98.11345462300005,13.722805080000057],[98.10670006600003,13.70701732000009],[98.10328209700003,13.700995184000078],[98.11638431100005,13.695054429000038],[98.12378991000003,13.693508205000057],[98.14763431100005,13.69476959800005],[98.16041100400008,13.690252997000073],[98.16879316500007,13.680812893000052],[98.16765384200005,13.673163153000075],[98.15105228000004,13.67373281500005],[98.15805097700007,13.65818919500009],[98.15845787900008,13.642320054000038],[98.15186608200003,13.630357164000088],[98.13746178500003,13.626532294000071],[98.14136803500003,13.621161200000074],[98.14698326900003,13.611151434000078],[98.15105228000004,13.606024481000077],[98.14372806100005,13.601263739000046],[98.13477623800003,13.591742255000042],[98.12973066500007,13.58234284100007],[98.13428795700003,13.57811107000009],[98.14136803500003,13.57322825700004],[98.14275149800005,13.561712958000044],[98.14210045700003,13.548081773000092],[98.14429772200003,13.53709544500009],[98.14584394600007,13.542914130000042],[98.14966881600003,13.550116278000075],[98.15105228000004,13.55760325700004],[98.16382897200003,13.543524481000077],[98.17107181100005,13.53782786700009],[98.17896569100003,13.53709544500009],[98.18685957100007,13.543850002000056],[98.18344160200007,13.551703192000048],[98.17156009200005,13.563869533000059],[98.16846764400003,13.58429596600007],[98.16895592500003,13.59398021000004],[98.17156009200005,13.606024481000077],[98.17530358200003,13.616603908000059],[98.17888431100005,13.622626044000071],[98.18238366000003,13.627101955000057],[98.18580162900008,13.632757880000042],[98.19336998800003,13.651556708000044],[98.19605553500003,13.668361721000053],[98.19353274800005,13.68626536700009],[98.17945397200003,13.73240794500009],[98.18799889400003,13.815130927000041],[98.19727623800003,13.85032786700009],[98.19947350400008,13.869208075000074],[98.19516035200007,13.88694896000004],[98.18018639400003,13.925034898000092],[98.18238366000003,13.93781159100007],[98.19336998800003,13.95180898600006],[98.19825280000003,13.964911200000074],[98.19947350400008,13.992743231000077],[98.19629967500003,13.997870184000078],[98.18213951900003,14.01430898600006],[98.17896569100003,14.019720770000049],[98.18002363400007,14.031642971000053],[98.18458092500003,14.052557684000078],[98.18580162900008,14.06468333500004],[98.19214928500003,14.06468333500004],[98.19703209700003,14.048163153000075],[98.20866946700005,14.02960846600007],[98.22242272200003,14.013088283000059],[98.23365319100003,14.002630927000041],[98.23365319100003,13.996486721000053],[98.22722415500004,13.988959052000041],[98.22779381600003,13.981268622000073],[98.23121178500003,13.972479559000078],[98.23365319100003,13.96165599200009],[98.23365319100003,13.917303778000075],[98.24805748800003,13.862779039000088],[98.25416100400008,13.85179271000004],[98.24781334700003,13.837591864000046],[98.24838300900007,13.82453034100007],[98.25196373800003,13.811672268000052],[98.25416100400008,13.797796942000048],[98.25196373800003,13.782538153000075],[98.24048912900008,13.746039130000042],[98.24480228000004,13.714056708000044],[98.25733483200003,13.706366278000075],[98.27670332100007,13.707180080000057],[98.30201256600003,13.700995184000078],[98.29566491000003,13.687974351000037],[98.28825931100005,13.69476959800005],[98.29883873800003,13.671047268000052],[98.33643639400003,13.619818427000041],[98.33611087300005,13.598578192000048],[98.35661868600005,13.584865627000056],[98.36109459700003,13.57615794500009],[98.35718834700003,13.563869533000059],[98.37061608200003,13.559515692000048],[98.38396243600005,13.551906643000052],[98.39405358200003,13.542792059000078],[98.40333092500003,13.52244700700004],[98.42644290500004,13.490057684000078],[98.43165123800003,13.47874583500004],[98.42920983200003,13.471177476000037],[98.41944420700003,13.462225653000075],[98.41863040500004,13.454575914000088],[98.42237389400003,13.446600653000075],[98.42823326900003,13.441799221000053],[98.43441816500007,13.43846263200004],[98.43913821700005,13.434759833000044],[98.44532311300003,13.424302476000037],[98.45093834700003,13.411363023000092],[98.45378665500004,13.39638906500005],[98.45281009200005,13.379461981000077],[98.45899498800003,13.399969794000071],[98.46420332100007,13.407700914000088],[98.47315514400003,13.413031317000048],[98.47120201900003,13.394191799000055],[98.47169030000003,13.386419989000046],[98.47315514400003,13.379461981000077],[98.46013431100005,13.369330145000049],[98.46045983200003,13.35578034100007],[98.47315514400003,13.324896552000041],[98.47242272200003,13.313625393000052],[98.47282962300005,13.302923895000049],[98.47527103000004,13.292914130000042],[98.47999108200003,13.283880927000041],[98.48991946700005,13.29783763200004],[98.49512780000003,13.28546784100007],[98.50049889400003,13.249172268000052],[98.55307050900007,13.20807526200008],[98.56592858200003,13.201361395000049],[98.57846113400007,13.186753648000092],[98.58334394600007,13.113959052000041],[98.58985436300003,13.084662177000041],[98.58204186300003,13.077053127000056],[98.58041425900007,13.065375067000048],[98.58383222700007,13.026597398000092],[98.58619225400008,13.016506252000056],[98.59669030000003,12.995917059000078],[98.61036217500003,12.95962148600006],[98.61402428500003,12.954291083000044],[98.60678144600007,12.95062897300005],[98.60010826900003,12.94163646000004],[98.58985436300003,12.919582424000055],[98.60124759200005,12.911037502000056],[98.62476647200003,12.88422272300005],[98.63428795700003,12.878607489000046],[98.65137780000003,12.797308661000045],[98.64698326900003,12.78579336100006],[98.64177493600005,12.782416083000044],[98.63453209700003,12.781195380000042],[98.62403405000003,12.776190497000073],[98.61898847700007,12.775091864000046],[98.61744225400008,12.777411200000074],[98.61784915500004,12.76626211100006],[98.62769616000003,12.756252346000053],[98.67017662900008,12.760931708000044],[98.67872155000003,12.756293036000045],[98.67302493600005,12.74681224200009],[98.66309655000003,12.74510325700004],[98.65235436300003,12.745428778000075],[98.64454186300003,12.742010809000078],[98.64087975400008,12.73468659100007],[98.64177493600005,12.728094794000071],[98.64844811300003,12.723334052000041],[98.66163170700003,12.721584377000056],[98.68930097700007,12.728094794000071],[98.69288170700003,12.725287177000041],[98.69117272200003,12.710435289000088],[98.68669681100005,12.702826239000046],[98.68034915500004,12.697007554000038],[98.67310631600003,12.687445380000042],[98.66765384200005,12.67479075700004],[98.66504967500003,12.646429755000042],[98.67221113400007,12.631740627000056],[98.67310631600003,12.625392971000053],[98.66944420700003,12.62445709800005],[98.66187584700003,12.625474351000037],[98.65463300900007,12.62571849200009],[98.65137780000003,12.622259833000044],[98.64437910200007,12.60065338700008],[98.63119550900007,12.579331773000092],[98.62305748800003,12.558172919000071],[98.63086998800003,12.537258205000057],[98.63998457100007,12.53188711100006],[98.65072675900007,12.530951239000046],[98.66195722700007,12.531317450000074],[98.67310631600003,12.529730536000045],[98.68148847700007,12.525580145000049],[98.69483483200003,12.51703522300005],[98.70313561300003,12.51552969000005],[98.70972741000003,12.512396552000041],[98.70875084700003,12.505560614000046],[98.70142662900008,12.498724677000041],[98.68921959700003,12.495591539000088],[98.65137780000003,12.495591539000088],[98.62842858200003,12.492132880000042],[98.61622155000003,12.485744533000059],[98.61133873800003,12.473049221000053],[98.61036217500003,12.450913804000038],[98.60515384200005,12.428941148000092],[98.60743248800003,12.41828034100007],[98.62086022200003,12.413723049000055],[98.62680097700007,12.409572658000059],[98.65137780000003,12.38572825700004],[98.68425540500004,12.373236395000049],[98.69996178500003,12.363959052000041],[98.70655358200003,12.34788646000004],[98.69776451900003,12.327948309000078],[98.67676842500003,12.315252997000073],[98.58765709700003,12.297064520000049],[98.56836998800003,12.29092031500005],[98.55201256600003,12.27960846600007],[98.54021243600005,12.260972398000092],[98.53907311300003,12.241766669000071],[98.54712975400008,12.223456122000073],[98.56324303500003,12.20766836100006],[98.57081139400003,12.203517971000053],[98.58855228000004,12.197699286000045],[98.59669030000003,12.19399648600006],[98.62142988400007,12.20897044500009],[98.64087975400008,12.224554755000042],[98.66293379000007,12.236802476000037],[98.69629967500003,12.241766669000071],[98.70329837300005,12.237779039000088],[98.71021569100003,12.228013414000088],[98.71371504000007,12.215765692000048],[98.70972741000003,12.204250393000052],[98.69581139400003,12.193101304000038],[98.66765384200005,12.177679755000042],[98.65821373800003,12.16665273600006],[98.67310631600003,12.16665273600006],[98.67310631600003,12.15916575700004],[98.65072675900007,12.155096747000073],[98.63786868600005,12.151068427000041],[98.63086998800003,12.146185614000046],[98.62964928500003,12.131984768000052],[98.63624108200003,12.122544664000088],[98.64096113400007,12.113674221000053],[98.63428795700003,12.101141669000071],[98.63379967500003,12.090318101000037],[98.64503014400003,12.078070380000042],[98.65845787900008,12.06712474200009],[98.66504967500003,12.060248114000046],[98.71273847700007,12.063625393000052],[98.70313561300003,12.048081773000092],[98.70533287900008,12.036851304000038],[98.71314537900008,12.025213934000078],[98.72022545700003,12.008368231000077],[98.72144616000003,11.997788804000038],[98.72022545700003,11.96430084800005],[98.71485436300003,11.96116771000004],[98.70289147200003,11.959051825000074],[98.69092858200003,11.954331773000092],[98.67920983200003,11.932806708000044],[98.66407311300003,11.920355536000045],[98.64503014400003,11.910223700000074],[98.62745201900003,11.905951239000046],[98.57813561300003,11.906683661000045],[98.55811608200003,11.899115302000041],[98.54900149800005,11.878648179000038],[98.63086998800003,11.878648179000038],[98.67310631600003,11.892075914000088],[98.69410241000003,11.89288971600007],[98.70655358200003,11.878648179000038],[98.68091881600003,11.877346096000053],[98.66797936300003,11.86359284100007],[98.66032962300005,11.845200914000088],[98.65137780000003,11.830267645000049],[98.64869225400008,11.83148834800005],[98.64087975400008,11.83226146000004],[98.63135826900003,11.832098700000074],[98.62403405000003,11.830267645000049],[98.61931399800005,11.825873114000046],[98.60352623800003,11.803615627000056],[98.63086998800003,11.803615627000056],[98.63209069100003,11.79287344000005],[98.62891686300003,11.791937567000048],[98.62330162900008,11.79328034100007],[98.61784915500004,11.789252020000049],[98.60596764400003,11.769191799000055],[98.60352623800003,11.76194896000004],[98.60328209700003,11.753607489000046],[98.60873457100007,11.741400458000044],[98.61036217500003,11.731268622000073],[98.61687259200005,11.72370026200008],[98.64763431100005,11.700506903000075],[98.67416425900007,11.685248114000046],[98.68433678500003,11.682806708000044],[98.69263756600003,11.686753648000092],[98.70313561300003,11.697455145000049],[98.70826256600003,11.70994700700004],[98.70899498800003,11.72451406500005],[98.71216881600003,11.736517645000049],[98.72364342500003,11.741441148000092],[98.72584069100003,11.744330145000049],[98.73796634200005,11.75649648600006],[98.74073326900003,11.75853099200009],[98.74415123800003,11.762518622000073],[98.76148522200003,11.760891018000052],[98.76807701900003,11.76194896000004],[98.79127037900008,11.802476304000038],[98.80054772200003,11.813788153000075],[98.81023196700005,11.822007554000038],[98.81609134200005,11.833807684000078],[98.80892988400007,11.851304429000038],[98.82569420700003,11.825873114000046],[98.81202233200003,11.80263906500005],[98.79029381600003,11.779689846000053],[98.78296959700003,11.755113023000092],[98.80494225400008,11.736517645000049],[98.87671959700003,11.72264232000009],[98.89161217500003,11.69367096600007],[98.88477623800003,11.69367096600007],[98.87289472700007,11.700913804000038],[98.85434004000007,11.707098700000074],[98.83545983200003,11.710109768000052],[98.82260175900007,11.707953192000048],[98.81812584700003,11.69867584800005],[98.81869550900007,11.687201239000046],[98.81714928500003,11.677394924000055],[98.80591881600003,11.673244533000059],[98.79517662900008,11.67682526200008],[98.78793379000007,11.683335679000038],[98.78028405000003,11.68650950700004],[98.76807701900003,11.680080471000053],[98.75220787900008,11.681708075000074],[98.74154707100007,11.66502513200004],[98.73560631600003,11.64203522300005],[98.73316491000003,11.624823309000078],[98.73633873800003,11.588771877000056],[98.73357181100005,11.573431708000044],[98.72022545700003,11.557114976000037],[98.72575931100005,11.548407294000071],[98.71794681100005,11.53188711100006],[98.72022545700003,11.522406317000048],[98.72885175900007,11.517645575000074],[98.74529056100005,11.52484772300005],[98.75440514400003,11.522406317000048],[98.76343834700003,11.506252346000053],[98.76563561300003,11.46743398600006],[98.77491295700003,11.453517971000053],[98.73568769600007,11.450140692000048],[98.71534264400003,11.443182684000078],[98.70655358200003,11.423081773000092],[98.69800866000003,11.388006903000075],[98.70264733200003,11.379055080000057],[98.72706139400003,11.385199286000045],[98.72136478000004,11.367254950000074],[98.72193444100003,11.350083726000037],[98.72657311300003,11.33344147300005],[98.74642988400007,11.28587474200009],[98.75928795700003,11.268947658000059],[98.75709069100003,11.263373114000046],[98.75098717500003,11.257066148000092],[98.74561608200003,11.236029364000046],[98.73316491000003,11.207098700000074],[98.73316491000003,11.17601146000004],[98.72413170700003,11.156195380000042],[98.70264733200003,11.14362213700008],[98.65821373800003,11.131984768000052],[98.67628014400003,11.10057200700004],[98.68881269600007,11.092474677000041],[98.70655358200003,11.097845770000049],[98.71062259200005,11.07607656500005],[98.71827233200003,11.05882396000004],[98.72242272200003,11.044867255000042],[98.71648196700005,11.032375393000052],[98.70834394600007,11.02765534100007],[98.70093834700003,11.024969794000071],[98.69532311300003,11.020086981000077],[98.69288170700003,11.00844961100006],[98.69654381600003,11.00259023600006],[98.71387780000003,10.989976304000038],[98.72022545700003,10.980536200000074],[98.71273847700007,10.974310614000046],[98.71762129000007,10.960679429000038],[98.71680748800003,10.942206122000073],[98.71241295700003,10.924383856000077],[98.70655358200003,10.91282786700009],[98.70362389400003,10.916164455000057],[98.68921959700003,10.913397528000075],[98.67505944100003,10.90851471600007],[98.67310631600003,10.905462958000044],[98.66382897200003,10.908270575000074],[98.65284264400003,10.917181708000044],[98.64795983200003,10.919094143000052],[98.63404381600003,10.913723049000055],[98.62501061300003,10.902004299000055],[98.61378014400003,10.890285549000055],[98.58155358200003,10.882025458000044],[98.57886803500003,10.875189520000049],[98.58179772200003,10.867254950000074],[98.58643639400003,10.861029364000046],[98.59546959700003,10.856838283000059],[98.62012780000003,10.85455963700008],[98.63086998800003,10.850816148000092],[98.62403405000003,10.84320709800005],[98.61597741000003,10.838446356000077],[98.60694420700003,10.836371161000045],[98.59669030000003,10.837144273000092],[98.60271243600005,10.819484768000052],[98.59986412900008,10.805487372000073],[98.58301842500003,10.781927802000041],[98.57740319100003,10.770412502000056],[98.56999759200005,10.743109442000048],[98.56324303500003,10.72728099200009],[98.55420983200003,10.737982489000046],[98.54371178500003,10.745062567000048],[98.53256269600007,10.746771552000041],[98.52100670700003,10.74095286700009],[98.53101647200003,10.732163804000038],[98.53834069100003,10.718695380000042],[98.53874759200005,10.704413153000075],[98.52849368600005,10.693101304000038],[98.51099694100003,10.72288646000004],[98.49830162900008,10.731594143000052],[98.47657311300003,10.73468659100007],[98.46355228000004,10.729437567000048],[98.45932050900007,10.715399481000077],[98.45899498800003,10.672674872000073],[98.46338951900003,10.630031643000052],[98.49545332100007,10.55687083500004],[98.50049889400003,10.515041408000059],[98.49341881600003,10.472723700000074],[98.49415123800003,10.452460028000075],[98.51221764400003,10.422796942000048],[98.52849368600005,10.364203192000048],[98.52849368600005,10.343247789000088],[98.51710045700003,10.307440497000073],[98.51221764400003,10.261419989000046],[98.50757897200003,10.244940497000073],[98.49073326900003,10.204331773000092],[98.48959394600007,10.19790273600006],[98.49048912900008,10.190619208000044],[98.49366295700003,10.179185289000088],[98.51392662900008,10.146918036000045],[98.51482181100005,10.101507880000042],[98.52100670700003,10.06932200700004],[98.52149498800003,10.059393622000073],[98.52003014400003,10.038885809000078],[98.52100670700003,10.028998114000046],[98.52442467500003,10.021063544000071],[98.53345787900008,10.006740627000056],[98.53532962300005,9.997381903000075],[98.54314212300005,9.987453518000052],[98.56055748800003,10.002142645000049],[98.58985436300003,10.04205963700008],[98.64421634200005,10.15501536700009],[98.66504967500003,10.18545156500005],[98.68702233200003,10.208400783000059],[98.69605553500003,10.22370026200008],[98.70281009200005,10.26276276200008],[98.71892337300005,10.312567450000074],[98.73121178500003,10.33734772300005],[98.73503665500004,10.343085028000075],[98.73991946700005,10.347357489000046],[98.74740644600007,10.350531317000048],[98.74626712300005,10.329006252000056],[98.73080488400007,10.29173411700009],[98.72706139400003,10.272040106000077],[98.72535241000003,10.251613674000055],[98.72046959700003,10.227932033000059],[98.71290123800003,10.205511786000045],[98.68962649800005,10.162054755000042],[98.66228274800005,10.085272528000075],[98.64795983200003,10.06932200700004],[98.60352623800003,9.99359772300005],[98.59978274800005,9.98045482000009],[98.59961998800003,9.973863023000092],[98.61036217500003,9.960109768000052],[98.61255944100003,9.965969143000052],[98.62354576900003,9.967189846000053],[98.63314863400007,9.962958075000074],[98.63086998800003,9.952704169000071],[98.62208092500003,9.947821356000077],[98.59986412900008,9.948146877000056],[98.59197024800005,9.942694403000075],[98.58383222700007,9.93032461100006],[98.57357832100007,9.92088450700004],[98.57162519600007,9.91547272300005],[98.57886803500003,9.911322333000044],[98.58643639400003,9.909328518000052],[98.58985436300003,9.905462958000044],[98.58545983200003,9.894964911000045],[98.57048587300005,9.88422272300005],[98.57618248800003,9.87759023600006],[98.56739342500003,9.873236395000049],[98.55990644600007,9.87303294500009],[98.55355879000007,9.876695054000038],[98.54900149800005,9.883734442000048],[98.53687584700003,9.87295156500005],[98.52076256600003,9.854437567000048],[98.51270592500003,9.836859442000048],[98.53028405000003,9.825588283000059],[98.53467858200003,9.818019924000055],[98.54004967500003,9.810980536000045],[98.54900149800005,9.809271552000041],[98.55844160200007,9.815008856000077],[98.57496178500003,9.835598049000055],[98.58301842500003,9.84284088700008],[98.57496178500003,9.824652411000045],[98.56617272200003,9.81000397300005],[98.55543053500003,9.798041083000044],[98.54151451900003,9.788234768000052],[98.53223717500003,9.785305080000057],[98.52418053500003,9.784979559000078],[98.51636803500003,9.782945054000038],[98.50798587300005,9.774562893000052],[98.50879967500003,9.770819403000075],[98.50912519600007,9.748521226000037],[98.50798587300005,9.740383205000057],[98.51417076900003,9.740383205000057],[98.51531009200005,9.744818427000041],[98.51644941500007,9.747788804000038],[98.52100670700003,9.75462474200009],[98.52979576900003,9.749579169000071],[98.53874759200005,9.747463283000059],[98.55925540500004,9.747219143000052],[98.56576582100007,9.742621161000045],[98.56128991000003,9.73305898600006],[98.55323326900003,9.72459544500009],[98.54900149800005,9.72361888200004],[98.54395592500003,9.70648834800005],[98.53142337300005,9.703924872000073],[98.51563561300003,9.710191148000092],[98.50049889400003,9.719916083000044],[98.49366295700003,9.713690497000073],[98.50660241000003,9.705633856000077],[98.51319420700003,9.694891669000071],[98.51002037900008,9.68659088700008],[98.49366295700003,9.685736395000049],[98.51148522200003,9.662054755000042],[98.51417076900003,9.654730536000045],[98.51197350400008,9.650213934000078],[98.50269616000003,9.638373114000046],[98.50049889400003,9.634507554000038],[98.49024498800003,9.634955145000049],[98.47169030000003,9.621161200000074],[98.46338951900003,9.604437567000048],[98.48340905000003,9.596380927000041],[98.48585045700003,9.59365469000005],[98.48959394600007,9.58038971600007],[98.49366295700003,9.575873114000046],[98.50171959700003,9.575018622000073],[98.52084394600007,9.57758209800005],[98.52849368600005,9.575873114000046],[98.53109785200007,9.566107489000046],[98.51986738400007,9.55377838700008],[98.48682701900003,9.52806224200009],[98.45720462300005,9.548529364000046],[98.44320722700007,9.520819403000075],[98.42546634200005,9.432521877000056],[98.40503991000003,9.396877346000053],[98.39714603000004,9.37881094000005],[98.38331139400003,9.316555080000057],[98.37598717500003,9.298163153000075],[98.36402428500003,9.281683661000045],[98.36109459700003,9.26821523600006],[98.35189863400007,9.251369533000059],[98.35230553500003,9.235907294000071],[98.37077884200005,9.22646719000005],[98.35580488400007,9.209906317000048],[98.34782962300005,9.202785549000055],[98.33969160200007,9.199774481000077],[98.32691491000003,9.203680731000077],[98.32227623800003,9.209377346000053],[98.32300866000003,9.189195054000038],[98.32837975400008,9.16437409100007],[98.34148196700005,9.141831773000092],[98.37077884200005,9.103583075000074],[98.38200931100005,9.071926174000055],[98.36597741000003,9.06391022300005],[98.34205162900008,9.062892971000053],[98.32984459700003,9.052069403000075],[98.33269290500004,9.026068427000041],[98.34245853000004,9.01821523600006],[98.36133873800003,9.023016669000071],[98.39128665500004,9.035305080000057],[98.36784915500004,9.00999583500004],[98.35808353000004,8.99599844000005],[98.36060631600003,8.98346588700008],[98.36402428500003,8.973944403000075],[98.35157311300003,8.973781643000052],[98.33676191500007,8.97760651200008],[98.33301842500003,8.980047919000071],[98.32488040500004,8.97524648600006],[98.31218509200005,8.951361395000049],[98.29273522200003,8.924383856000077],[98.28353925900007,8.884955145000049],[98.26156660200007,8.85065338700008],[98.25652103000004,8.828558661000045],[98.25277754000007,8.766424872000073],[98.25074303500003,8.759955145000049],[98.24732506600003,8.753485419000071],[98.23959394600007,8.745835679000038],[98.23121178500003,8.74087148600006],[98.22413170700003,8.73533763200004],[98.21998131600003,8.726223049000055],[98.22282962300005,8.712388414000088],[98.23853600400008,8.673041083000044],[98.24048912900008,8.651068427000041],[98.23804772200003,8.641058661000045],[98.22681725400008,8.61009349200009],[98.22624759200005,8.60537344000005],[98.22681725400008,8.589016018000052],[98.22527103000004,8.584906317000048],[98.22217858200003,8.580633856000077],[98.21949303500003,8.57562897300005],[98.21998131600003,8.569159247000073],[98.23015384200005,8.556586005000042],[98.24431399800005,8.54686107000009],[98.25310306100005,8.534654039000088],[98.24732506600003,8.514553127000056],[98.22315514400003,8.540432033000059],[98.21566816500007,8.55337148600006],[98.21314537900008,8.57257721600007],[98.20972741000003,8.58148834800005],[98.20297285200007,8.573879299000055],[98.19800866000003,8.556057033000059],[98.19947350400008,8.534369208000044],[98.24203535200007,8.40648021000004],[98.26238040500004,8.31281159100007],[98.27149498800003,8.29791901200008],[98.27759850400008,8.28351471600007],[98.27759850400008,8.240708726000037],[98.28142337300005,8.225897528000075],[98.28687584700003,8.219916083000044],[98.29330488400007,8.21588776200008],[98.30152428500003,8.21360911700009],[98.31251061300003,8.21287669500009],[98.32398522200003,8.20962148600006],[98.32813561300003,8.202337958000044],[98.33122806100005,8.195054429000038],[98.35694420700003,8.18500397300005],[98.37525475400008,8.150824286000045],[98.39128665500004,8.136542059000078],[98.40202884200005,8.148993231000077],[98.40479576900003,8.155218817000048],[98.40552819100003,8.164496161000045],[98.41163170700003,8.164496161000045],[98.42497806100005,8.14842357000009],[98.44613691500007,8.175116278000075],[98.46290123800003,8.216131903000075],[98.46265709700003,8.243312893000052],[98.45655358200003,8.258286851000037],[98.45679772200003,8.277533270000049],[98.45313561300003,8.29401276200008],[98.42221113400007,8.306341864000046],[98.42823326900003,8.316961981000077],[98.44564863400007,8.325100002000056],[98.46631920700003,8.322739976000037],[98.46631920700003,8.335760809000078],[98.47315514400003,8.335760809000078],[98.47982832100007,8.325751044000071],[98.48666425900007,8.324896552000041],[98.49195397200003,8.331284898000092],[98.49366295700003,8.34320709800005],[98.50049889400003,8.34320709800005],[98.51042728000004,8.33112213700008],[98.52605228000004,8.336330471000053],[98.54175866000003,8.349025783000059],[98.55201256600003,8.36001211100006],[98.56755618600005,8.367865302000041],[98.58513431100005,8.368963934000078],[98.59888756600003,8.37490469000005],[98.60352623800003,8.39720286700009],[98.62061608200003,8.390204169000071],[98.64210045700003,8.385931708000044],[98.65544681100005,8.37962474200009],[98.64795983200003,8.366522528000075],[98.63160241000003,8.354437567000048],[98.62623131600003,8.346096096000053],[98.62208092500003,8.29287344000005],[98.62403405000003,8.28115469000005],[98.63086998800003,8.28115469000005],[98.63086998800003,8.287990627000056],[98.63754316500007,8.287990627000056],[98.64820397200003,8.284857489000046],[98.67725670700003,8.303168036000045],[98.69629967500003,8.30849844000005],[98.70313561300003,8.298529364000046],[98.70655358200003,8.225897528000075],[98.71273847700007,8.225897528000075],[98.72706139400003,8.253851630000042],[98.74415123800003,8.214911200000074],[98.74740644600007,8.19920482000009],[98.74740644600007,8.18195221600007],[98.74390709700003,8.149888414000088],[98.74740644600007,8.136542059000078],[98.74512780000003,8.087551174000055],[98.74740644600007,8.06826406500005],[98.75245201900003,8.060126044000071],[98.76539147200003,8.04710521000004],[98.76807701900003,8.03815338700008],[98.77027428500003,8.02366771000004],[98.77556399800005,8.02342357000009],[98.78858483200003,8.034735419000071],[98.79200280000003,8.040228583000044],[98.79468834700003,8.048488674000055],[98.80030358200003,8.052435614000046],[98.81275475400008,8.044989325000074],[98.81771894600007,8.03656647300005],[98.82455488400007,8.014349677000041],[98.82943769600007,8.006781317000048],[98.84359785200007,8.002875067000048],[98.85792076900003,8.00844961100006],[98.87281334700003,8.016791083000044],[98.88819420700003,8.021063544000071],[98.89161217500003,8.024888414000088],[98.89893639400003,8.042710679000038],[98.90528405000003,8.048407294000071],[98.91797936300003,8.051336981000077],[98.92212975400008,8.048529364000046],[98.92367597700007,8.041408596000053],[98.92945397200003,8.030991929000038],[98.93734785200007,8.024318752000056],[98.95346113400007,8.015448309000078],[98.96045983200003,8.006781317000048],[98.96387780000003,7.998277085000041],[98.96338951900003,7.992621161000045],[98.96159915500004,7.986476955000057],[98.96045983200003,7.976385809000078],[98.96778405000003,7.956203518000052],[98.98414147200003,7.947251695000091],[99.00025475400008,7.942572333000044],[99.00757897200003,7.9351260440000715],[99.02295983200003,7.909572658000059],[99.02808678500003,7.90375397300005],[99.04070071700005,7.901841539000088],[99.05030358200003,7.905462958000044],[99.06959069100003,7.924872137000079],[99.07032311300003,7.907904364000046],[99.06413821700005,7.878119208000044],[99.06226647200003,7.859361070000091],[99.05600019600007,7.847357489000046],[99.01441491000003,7.815008856000077],[99.02767988400007,7.788885809000078],[99.03321373800003,7.722805080000057],[99.05600019600007,7.698919989000046],[99.09148196700005,7.691839911000045],[99.11215254000007,7.705511786000045],[99.12191816500007,7.73305898600006],[99.12427819100003,7.767238674000055],[99.13054446700005,7.767238674000055],[99.13754316500007,7.744330145000049],[99.15308678500003,7.730658270000049],[99.17261803500003,7.719712632000039],[99.19255618600005,7.705145575000074],[99.20622806100005,7.685939846000053],[99.21436608200003,7.67999909100007],[99.23047936300003,7.677801825000074],[99.24366295700003,7.6714541690000715],[99.25570722700007,7.657375393000052],[99.26221764400003,7.643255927000041],[99.25806725400008,7.636867580000057],[99.24675540500004,7.6341006530000755],[99.24976647200003,7.627752997000073],[99.25953209700003,7.620835679000038],[99.26832116000003,7.616400458000044],[99.27702884200005,7.61749909100007],[99.28589928500003,7.621771552000041],[99.29273522200003,7.6206729190000715],[99.30005944100003,7.575384833000044],[99.30738366000003,7.550279039000088],[99.30884850400008,7.528306382000039],[99.29558353000004,7.5071475280000755],[99.30339603000004,7.5046247420000896],[99.32520592500003,7.504868882000039],[99.32984459700003,7.503404039000088],[99.33187910200007,7.491929429000038],[99.34180748800003,7.475734768000052],[99.34400475400008,7.468980210000041],[99.34742272200003,7.423488674000055],[99.34587649800005,7.400051174000055],[99.33659915500004,7.383612372000073],[99.36589603000004,7.336371161000045],[99.37818444100003,7.32094961100006],[99.39234459700003,7.312201239000046],[99.42066491000003,7.307440497000073],[99.42603600400008,7.304510809000078],[99.43181399800005,7.297796942000048],[99.44516035200007,7.28969961100006],[99.46021569100003,7.282863674000055],[99.47071373800003,7.279974677000041],[99.48829186300003,7.285711981000077],[99.49219811300003,7.299872137000079],[99.48804772200003,7.335191148000092],[99.49097741000003,7.35101959800005],[99.49781334700003,7.370794989000046],[99.50814863400007,7.384955145000049],[99.52149498800003,7.383612372000073],[99.52540123800003,7.370021877000056],[99.52051842500003,7.326971747000073],[99.52466881600003,7.311346747000073],[99.54957116000003,7.301825262000079],[99.56902103000004,7.322211005000042],[99.59734134200005,7.376166083000044],[99.60352623800003,7.376166083000044],[99.59839928500003,7.342718817000048],[99.58521569100003,7.306708075000074],[99.56674238400007,7.278021552000041],[99.54542076900003,7.266302802000041],[99.54004967500003,7.244126695000091],[99.55787194100003,7.197455145000049],[99.58399498800003,7.156439520000049],[99.60352623800003,7.1508649760000935],[99.61085045700003,7.1508649760000935],[99.61410566500007,7.136664130000042],[99.62110436300003,7.13703034100007],[99.63754316500007,7.1508649760000935],[99.67237389400003,7.170721747000073],[99.67188561300003,7.13540273600006],[99.67758222700007,7.123277085000041],[99.69288170700003,7.116115627000056],[99.70484459700003,7.121242580000057],[99.72339928500003,7.131822007000039],[99.74057050900007,7.137111721000053],[99.74805748800003,7.126044012000079],[99.71998131600003,7.08852773600006],[99.71680748800003,7.081976630000042],[99.70573978000004,7.075425523000092],[99.69548587300005,7.0598819030000755],[99.67920983200003,7.026760158000059],[99.68620853000004,7.013373114000046],[99.68213951900003,6.9926618510000935],[99.68091881600003,6.973618882000039],[99.69629967500003,6.965277411000045],[99.70720462300005,6.961004950000074],[99.71290123800003,6.9516462260000935],[99.71387780000003,6.942206122000073],[99.71021569100003,6.9379743510000935],[99.69581139400003,6.937689520000049],[99.69044030000003,6.935492255000042],[99.68604576900003,6.917466539000088],[99.68580162900008,6.877346096000053],[99.71070397200003,6.85415273600006],[99.79721113400007,6.821682033000059],[99.80250084700003,6.817531643000052],[99.80958092500003,6.808294989000046],[99.81763756600003,6.782619533000059],[99.82488040500004,6.769598700000074],[99.83375084700003,6.770086981000077],[99.85173587300005,6.776434637000079],[99.86752363400007,6.762600002000056],[99.89144941500007,6.725043036000045],[99.91749108200003,6.705267645000049],[99.92847741000003,6.692613023000092],[99.93311608200003,6.674221096000053],[99.93734785200007,6.664740302000041],[99.94703209700003,6.6633975280000755],[99.95655358200003,6.664007880000042],[99.96094811300003,6.660549221000053],[99.96290123800003,6.649562893000052],[99.97152754000007,6.632757880000042],[99.97396894600007,6.622707424000055],[99.97217858200003,6.617865302000041],[99.96314537900008,6.605698960000041],[99.96094811300003,6.598456122000073],[99.96412194100003,6.593736070000091],[99.97144616000003,6.595607815000051],[99.98414147200003,6.60219961100006],[99.99122155000003,6.597845770000049],[99.99512780000003,6.587713934000078],[99.99789472700007,6.576117255000042],[100.0,6.570778884068828]],[[100.0,8.569934492492969],[99.98414147200003,8.579413153000075],[99.96713300900007,8.605658270000049],[99.95923912900008,8.637640692000048],[99.93921959700003,8.832464911000045],[99.92628014400003,8.863348700000074],[99.93116295700003,8.878973700000074],[99.91944420700003,8.95579661700009],[99.91944420700003,8.980047919000071],[99.92188561300003,8.987127997000073],[99.92652428500003,8.994533596000053],[99.93116295700003,8.999823309000078],[99.93311608200003,9.000555731000077],[99.93132571700005,9.011867580000057],[99.92164147200003,9.028225002000056],[99.91944420700003,9.038397528000075],[99.91944420700003,9.086493231000077],[99.91627037900008,9.101996161000045],[99.90870201900003,9.114081122000073],[99.89958743600005,9.12531159100007],[99.89144941500007,9.138332424000055],[99.88648522200003,9.157904364000046],[99.88599694100003,9.233303127000056],[99.87777754000007,9.22646719000005],[99.85962975400008,9.257757880000042],[99.85303795700003,9.273993231000077],[99.85450280000003,9.285101630000042],[99.85352623800003,9.294663804000038],[99.81544030000003,9.31118398600006],[99.80339603000004,9.322658596000053],[99.79769941500007,9.31834544500009],[99.78687584700003,9.31281159100007],[99.78158613400007,9.308417059000078],[99.77182050900007,9.312282619000086],[99.75277754000007,9.31976959800005],[99.73951256600003,9.320502020000049],[99.73373457100007,9.312160549000055],[99.72730553500003,9.313706773000092],[99.68946373800003,9.31586334800005],[99.68913821700005,9.31391022300005],[99.67237389400003,9.30219147300005],[99.64128665500004,9.294745184000078],[99.63379967500003,9.29165273600006],[99.62354576900003,9.284816799000055],[99.61011803500003,9.27798086100006],[99.59351647200003,9.27484772300005],[99.54818769600007,9.283148505000042],[99.53581790500004,9.281683661000045],[99.52149498800003,9.269924221000053],[99.51441491000003,9.253241278000075],[99.50928795700003,9.235500393000052],[99.50171959700003,9.220282294000071],[99.47478274800005,9.200995184000078],[99.44385826900003,9.195990302000041],[99.41098066500007,9.19635651200008],[99.37818444100003,9.192938544000071],[99.35075931100005,9.219183661000045],[99.30176842500003,9.222601630000042],[99.25505618600005,9.232489325000074],[99.23414147200003,9.278265692000048],[99.23023522200003,9.31976959800005],[99.23552493600005,9.336330471000053],[99.25464928500003,9.356838283000059],[99.26384524800005,9.363755601000037],[99.28874759200005,9.37726471600007],[99.29127037900008,9.381781317000048],[99.29004967500003,9.386419989000046],[99.29078209700003,9.39008209800005],[99.29900149800005,9.391546942000048],[99.30600019600007,9.39085521000004],[99.31072024800005,9.389837958000044],[99.31568444100003,9.389593817000048],[99.32357832100007,9.391546942000048],[99.26531009200005,9.466009833000044],[99.22315514400003,9.542629299000055],[99.21998131600003,9.559149481000077],[99.21778405000003,9.582180080000057],[99.21208743600005,9.597723700000074],[99.18140709700003,9.643255927000041],[99.17286217500003,9.665228583000044],[99.16724694100003,9.68813711100006],[99.16195722700007,9.727118231000077],[99.14795983200003,9.767401434000078],[99.14478600400008,9.788234768000052],[99.14494876400005,9.79124583500004],[99.14616946700005,9.809719143000052],[99.14820397200003,9.819240627000056],[99.15162194100003,9.82916901200008],[99.15577233200003,9.834784247000073],[99.16830488400007,9.84446849200009],[99.17212975400008,9.85024648600006],[99.17237389400003,9.85740794500009],[99.16993248800003,9.861802476000037],[99.16675866000003,9.86469147300005],[99.16529381600003,9.867621161000045],[99.16529381600003,9.946478583000044],[99.15845787900008,9.99054596600007],[99.16163170700003,10.003322658000059],[99.17579186300003,10.013495184000078],[99.17888431100005,10.02529531500005],[99.17400149800005,10.042914130000042],[99.16309655000003,10.05768463700008],[99.15349368600005,10.075832424000055],[99.15162194100003,10.103461005000042],[99.15992272200003,10.128322658000059],[99.18677819100003,10.172430731000077],[99.19255618600005,10.19627513200004],[99.20134524800005,10.210638739000046],[99.24170983200003,10.214504299000055],[99.25464928500003,10.234442450000074],[99.23609459700003,10.229315497000073],[99.22461998800003,10.232367255000042],[99.20630944100003,10.254339911000045],[99.16895592500003,10.28774648600006],[99.15845787900008,10.30272044500009],[99.15137780000003,10.34634023600006],[99.15162194100003,10.357367255000042],[99.16065514400003,10.367987372000073],[99.17164147200003,10.370266018000052],[99.18474368600005,10.371283270000049],[99.20004316500007,10.378485419000071],[99.21306399800005,10.37205638200004],[99.22339928500003,10.365383205000057],[99.23072350400008,10.35651276200008],[99.23414147200003,10.343695380000042],[99.25635826900003,10.356146552000041],[99.26384524800005,10.35732656500005],[99.27816816500007,10.357367255000042],[99.28500410200007,10.364488023000092],[99.28931725400008,10.38084544500009],[99.29053795700003,10.399237372000073],[99.28874759200005,10.41201406500005],[99.27767988400007,10.423570054000038],[99.24675540500004,10.443915106000077],[99.24040774800005,10.456976630000042],[99.24382571700005,10.472357489000046],[99.25171959700003,10.483954169000071],[99.26099694100003,10.494818427000041],[99.26832116000003,10.508205471000053],[99.25798587300005,10.508002020000049],[99.24903405000003,10.50999583500004],[99.24268639400003,10.514471747000073],[99.24040774800005,10.521877346000053],[99.24463951900003,10.53514232000009],[99.25473066500007,10.539943752000056],[99.26726321700005,10.541693427000041],[99.27816816500007,10.546047268000052],[99.28825931100005,10.562933661000045],[99.29615319100003,10.610907294000071],[99.30241946700005,10.631048895000049],[99.31316165500004,10.647365627000056],[99.32715905000003,10.663275458000044],[99.34351647200003,10.675360419000071],[99.36109459700003,10.680121161000045],[99.37435957100007,10.681382554000038],[99.37671959700003,10.685492255000042],[99.37370853000004,10.692572333000044],[99.37134850400008,10.703070380000042],[99.37501061300003,10.71198151200008],[99.43506920700003,10.80182526200008],[99.43970787900008,10.820054429000038],[99.43970787900008,10.861029364000046],[99.44320722700007,10.870347398000092],[99.45167076900003,10.87531159100007],[99.46119225400008,10.877427476000037],[99.47535241000003,10.878851630000042],[99.49415123800003,10.878119208000044],[99.49586022200003,10.873846747000073],[99.50326582100007,10.866848049000055],[99.51156660200007,10.866359768000052],[99.51531009200005,10.881537177000041],[99.51156660200007,10.902411200000074],[99.49610436300003,10.944240627000056],[99.49415123800003,10.967474677000041],[99.49870853000004,10.985296942000048],[99.50342858200003,10.99705638200004],[99.51246178500003,11.019232489000046],[99.51531009200005,11.039211330000057],[99.51205488400007,11.05695221600007],[99.49756920700003,11.093085028000075],[99.49415123800003,11.114569403000075],[99.49634850400008,11.132879950000074],[99.50131269600007,11.14874909100007],[99.50814863400007,11.162176825000074],[99.51531009200005,11.17291901200008],[99.52857506600003,11.186835028000075],[99.54615319100003,11.198431708000044],[99.56202233200003,11.198919989000046],[99.56934655000003,11.17914459800005],[99.58619225400008,11.195135809000078],[99.58619225400008,11.21385325700004],[99.56934655000003,11.255519924000055],[99.56625410200007,11.276312567000048],[99.56934655000003,11.33397044500009],[99.57374108200003,11.34406159100007],[99.59294681100005,11.364203192000048],[99.59734134200005,11.374945380000042],[99.59994550900007,11.38422272300005],[99.62574303500003,11.44049713700008],[99.63200931100005,11.460638739000046],[99.63607832100007,11.481838283000059],[99.63754316500007,11.50531647300005],[99.64185631600003,11.523260809000078],[99.66130618600005,11.55101146000004],[99.66553795700003,11.566799221000053],[99.67058353000004,11.577866929000038],[99.75180097700007,11.709865627000056],[99.78044681100005,11.737250067000048],[99.81706790500004,11.741441148000092],[99.81104576900003,11.753078518000052],[99.81177819100003,11.762274481000077],[99.81495201900003,11.769680080000057],[99.81706790500004,11.775580145000049],[99.80958092500003,11.81346263200004],[99.80982506600003,11.824611721000053],[99.81251061300003,11.832098700000074],[99.81959069100003,11.836371161000045],[99.83375084700003,11.837713934000078],[99.83692467500003,11.843451239000046],[99.82325280000003,11.878648179000038],[99.83122806100005,11.924709377000056],[99.85531660200007,11.968410549000055],[99.95533287900008,12.07249583500004],[99.97738691500007,12.108303127000056],[99.98145592500003,12.11717357000009],[99.98764082100007,12.153021552000041],[99.99431399800005,12.162583726000037],[100.0,12.166948737550822]],[[100.0,12.251884393157287],[99.99170983200003,12.259466864000046],[99.98275800900007,12.270453192000048],[99.98170006600003,12.27993398600006],[100.0,12.341577653701748]],[[100.0,12.409256446299503],[99.98080488400007,12.454657294000071],[99.97706139400003,12.47687409100007],[99.98080488400007,12.540350653000075],[99.97803795700003,12.56077708500004],[99.96094811300003,12.625392971000053],[99.96078535200007,12.63617584800005],[99.96045983200003,12.667914130000042],[99.96501712300005,12.710150458000044],[99.97429446700005,12.751206773000092],[99.98764082100007,12.79047272300005],[100.0,12.809745837328627]],[[100.0,13.216886104409232],[99.99854576900003,13.218085028000075],[99.96713300900007,13.259019273000092],[99.96086673300005,13.291571356000077],[99.96070397200003,13.29242584800005],[99.96273847700007,13.309881903000075],[99.97738691500007,13.31736888200004],[99.99366295700003,13.32172272300005],[100.0,13.327339647799068]]]}},{"type":"Feature","properties":{"id":282,"source":"Natural Earth","provenance":"REAL DATA"},"geometry":{"type":"LineString","coordinates":[[61.61247806100005,25.200506903000075],[61.62419681100005,25.204413153000075],[61.63412519600007,25.203924872000073],[61.65015709700003,25.200506903000075],[61.68279056100005,25.201646226000037],[61.69418379000007,25.200506903000075],[61.70248457100007,25.197007554000038],[61.70753014400003,25.192206122000073],[61.713633660000085,25.188055731000077],[61.725352410000085,25.18622467700004],[61.731130405000044,25.184068101000037],[61.74431399800005,25.174953518000052],[61.74952233200008,25.173163153000075],[61.75513756600003,25.175604559000078],[61.76392662900008,25.18427155200004],[61.76685631600003,25.18622467700004],[61.77369225400008,25.188421942000048],[61.77955162900008,25.191066799000055],[61.78305097700007,25.187974351000037],[61.78370201900003,25.173163153000075],[61.78012129000007,25.162543036000045],[61.76677493600005,25.145656643000052],[61.76384524800005,25.13499583500004],[61.762705925000034,25.121975002000056],[61.76002037900008,25.115383205000057],[61.74952233200008,25.104315497000073],[61.732432488000086,25.091620184000078],[61.728526238000086,25.08307526200008],[61.73585045700008,25.069525458000044],[61.72575931100005,25.05890534100007],[61.720064069000045,25.037436401000036],[61.729551205000064,25.02178265300006],[61.75486833000008,25.013467337000066],[61.79047766500008,25.01776278500006],[61.81485303300008,25.026179956000078],[61.83521569100003,25.038397528000075],[61.84734134200005,25.037909247000073],[61.857432488000086,25.066839911000045],[61.86638431100005,25.075425523000035],[61.869883660000085,25.08388906500005],[61.88111412900008,25.10301341400009],[61.92949774600004,25.109562888000085],[61.989109995000035,25.108073561000083],[62.03584065600006,25.10304351800005],[62.075551112000085,25.10074857500007],[62.09717858200008,25.107123114000046],[62.08890159400005,25.11842151600007],[62.07782756900008,25.127713096000036],[62.07309004000007,25.15058014500005],[62.05898864100004,25.161635844000045],[62.06804520900005,25.17814229000004],[62.08003090800008,25.197152448000054],[62.10271243600005,25.205145575000074],[62.145192905000044,25.218410549000055],[62.19180886300006,25.220080670000073],[62.22579194300005,25.214054004000047],[62.254221821000044,25.21203210100009],[62.27518383900008,25.199890460000063],[62.297479277000036,25.185132715000066],[62.303977272000054,25.166923435000058],[62.31812584700003,25.141831773000035],[62.31527754000007,25.130194403000075],[62.30827884200005,25.128159898000035],[62.29932701900003,25.12881094000005],[62.29078209700003,25.124741929000038],[62.287771030000044,25.122259833000044],[62.283946160000085,25.119940497000073],[62.280284050000034,25.11660390800006],[62.25605540600009,25.098627452000073],[62.289953773000036,25.090016208000065],[62.33971332200008,25.08739930900009],[62.38105164800004,25.08757219800009],[62.38724312900007,25.101574720000087],[62.37322237900008,25.10839416300007],[62.35199035100004,25.112829499000043],[62.33912194100003,25.124741929000038],[62.33619225400008,25.139837958000044],[62.34310957100007,25.155462958000044],[62.35474694100003,25.16941966400009],[62.365896030000044,25.179388739000046],[62.38526451900003,25.19245026200008],[62.41382897200003,25.20652903900009],[62.444346550000034,25.21393463700008],[62.469493035000085,25.206732489000046],[62.48943118600005,25.214178778000075],[62.46762129000007,25.223537502000056],[62.46501712300005,25.237250067000048],[62.477178930000036,25.259063576000074],[62.52747944100008,25.264187572000083],[62.60495896500004,25.26599690200004],[62.770518425000034,25.26190827000005],[62.942393425000034,25.227769273000035],[63.02784264400003,25.220363674000055],[63.05095462300005,25.22418854400007],[63.11312910200007,25.255113023000035],[63.14405358200008,25.260931708000044],[63.178477410000085,25.25804271000004],[63.244151238000086,25.241441148000035],[63.291351759000065,25.222805080000057],[63.30811608200008,25.220363674000055],[63.376963738000086,25.227769273000035],[63.411143425000034,25.222479559000078],[63.468760613000086,25.199042059000078],[63.50049889400003,25.19367096600007],[63.506602410000085,25.19550202000005],[63.511729363000086,25.20026276200008],[63.51539147200003,25.206854559000078],[63.517914259000065,25.214178778000075],[63.51872806100005,25.220851955000057],[63.51685631600003,25.223578192000048],[63.51197350400008,25.226711330000057],[63.48170006600003,25.260158596000053],[63.47413170700008,25.273138739000046],[63.469493035000085,25.28925202000005],[63.48519941500007,25.284328518000052],[63.49577884200005,25.291408596000053],[63.510508660000085,25.31659577000005],[63.53760826900003,25.34446849200009],[63.55437259200005,25.35618724200009],[63.57252037900008,25.364976304000038],[63.60466556100005,25.37441640800006],[63.669932488000086,25.383612372000073],[63.73780358200008,25.385321356000077],[63.80494225400008,25.37498607000009],[63.906586134000065,25.34121328300006],[63.944102410000085,25.334906317000048],[63.969737175000034,25.34446849200009],[63.987071160000085,25.338324286000045],[64.00489342500003,25.339016018000052],[64.04200280000003,25.34446849200009],[64.05974368600005,25.344549872000073],[64.06674238400007,25.346258856000077],[64.07960045700008,25.364976304000038],[64.06169681100005,25.39915599200009],[64.04883873800009,25.416489976000037],[64.03516686300009,25.41620514500005],[64.02149498800009,25.402736721000053],[64.01172936300009,25.397284247000073],[64.00424238400007,25.402044989000046],[63.997080925000034,25.419623114000046],[63.99138431100005,25.41665273600006],[63.976573113000086,25.41278717700004],[63.98959394600007,25.425441799000055],[64.04542076900003,25.450344143000052],[64.05648847700007,25.44171784100007],[64.08155358200008,25.443752346000053],[64.12728925900007,25.45376211100006],[64.14063561300009,25.45335521000004],[64.15072675900007,25.45140208500004],[64.15528405000003,25.446926174000055],[64.15088951900003,25.432114976000037],[64.14087975400008,25.428859768000052],[64.11744225400008,25.433254299000055],[64.10621178500008,25.433254299000055],[64.09376061300009,25.431789455000057],[64.08375084700003,25.42674388200004],[64.07960045700008,25.41620514500005],[64.08350670700008,25.403509833000044],[64.09229576900003,25.39598216400009],[64.10173587300005,25.39085521000004],[64.10694420700008,25.38544342700004],[64.10368899800005,25.36786530200004],[64.09473717500003,25.34992096600007],[64.09449303500008,25.335882880000042],[64.18392988400007,25.31867096600007],[64.24463951900003,25.31659577000005],[64.25277754000007,25.31159088700008],[64.26579837300005,25.298651434000078],[64.27507571700005,25.296087958000044],[64.31820722700007,25.292303778000075],[64.36068769600007,25.283026434000078],[64.38282311300009,25.27147044500009],[64.41749108200008,25.24091217700004],[64.43930097700007,25.23460521000004],[64.44800866000008,25.23574453300006],[64.46753991000008,25.240383205000057],[64.48023522200003,25.241441148000035],[64.49203535200007,25.24567291900007],[64.50660241000008,25.266913153000075],[64.51840254000007,25.27558014500005],[64.53711998800009,25.275864976000037],[64.56544030000003,25.27024974200009],[64.59302819100003,25.26129791900007],[64.61060631600003,25.251695054000038],[64.62769616000008,25.228461005000042],[64.62696373800009,25.21161530200004],[64.60035241000008,25.173163153000075],[64.61524498800009,25.173163153000075],[64.64063561300009,25.166571356000077],[64.65503991000008,25.165716864000046],[64.70232181100005,25.17877838700008],[64.71021569100003,25.179388739000046],[64.70915774800005,25.190659898000035],[64.69629967500003,25.197088934000078],[64.67986087300005,25.20148346600007],[64.66863040500004,25.206732489000046],[64.66334069100003,25.21702708500004],[64.66277103000004,25.229071356000077],[64.66863040500004,25.255113023000035],[64.67855879000007,25.27680084800005],[64.69597415500004,25.29759349200009],[64.71851647200003,25.314398505000042],[64.74439537900008,25.324042059000078],[64.80730228000004,25.328517971000053],[64.83912194100003,25.325344143000052],[64.86109459700003,25.31659577000005],[64.88965905000003,25.32835521000004],[64.92066491000008,25.327053127000056],[64.98064212300005,25.31659577000005],[65.04200280000003,25.31659577000005],[65.05884850400008,25.314520575000074],[65.08961022200003,25.305568752000056],[65.11801191500007,25.301947333000044],[65.14340254000007,25.29588450700004],[65.15528405000003,25.296087958000044],[65.17017662900008,25.29946523600006],[65.18018639400003,25.303656317000048],[65.18799889400003,25.311021226000037],[65.21111087300005,25.34784577000005],[65.23226972700007,25.37067291900007],[65.25977623800009,25.38043854400007],[65.29232832100007,25.364976304000038],[65.31324303500008,25.37685781500005],[65.33619225400008,25.385321356000077],[65.36280358200008,25.390570380000042],[65.39535566500007,25.392279364000046],[65.38697350400008,25.37641022300005],[65.38233483200008,25.371161200000074],[65.40072675900007,25.36668528900009],[65.42286217500003,25.372381903000075],[65.44605553500008,25.381008205000057],[65.46778405000003,25.38544342700004],[65.48812910200007,25.38312409100007],[65.62973066500007,25.346909898000035],[65.65211022200003,25.34446849200009],[65.67164147200003,25.347398179000038],[65.72437584700003,25.371161200000074],[65.76539147200003,25.37799713700008],[65.80030358200008,25.395819403000075],[65.82398522200003,25.40224844000005],[65.85840905000003,25.41754791900007],[65.88152103000004,25.419623114000046],[65.92448978000004,25.41860586100006],[66.00464928500008,25.429632880000042],[66.06902103000004,25.446234442000048],[66.15919030000003,25.446926174000055],[66.18702233200008,25.452948309000078],[66.21949303500008,25.464911200000074],[66.25180097700007,25.47288646000004],[66.27865644600007,25.467352606000077],[66.31185957100007,25.47492096600007],[66.35954837300005,25.465236721000053],[66.43702233200008,25.433254299000055],[66.46550540500004,25.41160716400009],[66.48389733200008,25.400539455000057],[66.49838300900007,25.398504950000074],[66.51156660200007,25.414211330000057],[66.49789472700007,25.430487372000073],[66.45753014400003,25.45376211100006],[66.49219811300009,25.481024481000077],[66.47584069100003,25.493312893000052],[66.45622806100005,25.496039130000042],[66.43726647200003,25.49127838700008],[66.42318769600007,25.481024481000077],[66.41195722700007,25.491115627000056],[66.39714603000004,25.512884833000044],[66.38851972700007,25.522040106000077],[66.37696373800009,25.527044989000046],[66.36353600400008,25.53034088700008],[66.35271243600005,25.535549221000053],[66.34831790500004,25.546210028000075],[66.33643639400003,25.55337148600006],[66.30933678500008,25.554022528000075],[66.27914472700007,25.549994208000044],[66.25814863400007,25.543117580000057],[66.25684655000003,25.53847890800006],[66.25831139400003,25.531398830000057],[66.25879967500003,25.52484772300005],[66.25513756600003,25.522040106000077],[66.24968509200005,25.521633205000057],[66.24512780000003,25.520412502000056],[66.24154707100007,25.518459377000056],[66.23845462300005,25.51581452000005],[66.22364342500003,25.49949778900009],[66.21306399800005,25.491359768000052],[66.20045006600003,25.48786041900007],[66.12110436300009,25.475165106000077],[66.09441165500004,25.47483958500004],[66.09994550900007,25.48436107000009],[66.10962975400008,25.495428778000075],[66.12086022200003,25.50458405200004],[66.13160241000008,25.508368231000077],[66.13738040500004,25.513820705000057],[66.15577233200008,25.549302476000037],[66.16716556100005,25.566066799000055],[66.18344160200007,25.58161041900007],[66.20394941500007,25.59320709800005],[66.23975670700008,25.59992096600007],[66.24838300900007,25.604681708000044],[66.25424238400007,25.60960521000004],[66.25814863400007,25.61200592700004],[66.27051842500003,25.61163971600007],[66.29127037900008,25.605943101000037],[66.30323326900003,25.60455963700008],[66.33855228000004,25.60809967700004],[66.35865319100003,25.614488023000035],[66.37549889400003,25.62567780200004],[66.37256920700008,25.603908596000053],[66.38770592500003,25.59243398600006],[66.41211998800009,25.59056224200009],[66.43702233200008,25.597723700000074],[66.44410241000008,25.582505601000037],[66.47787519600007,25.549302476000037],[66.48292076900003,25.538234768000052],[66.48658287900008,25.52562083500004],[66.49284915500004,25.518052476000037],[66.50586998800009,25.522040106000077],[66.50733483200008,25.51756419500009],[66.51059004000007,25.512925523000035],[66.51270592500003,25.508368231000077],[66.53101647200003,25.518133856000077],[66.54167728000004,25.49217357000009],[66.55054772200003,25.457098700000074],[66.56421959700003,25.43943919500009],[66.58708743600005,25.426214911000045],[66.59115644600007,25.399603583000044],[66.57927493600005,25.379380601000037],[66.55372155000003,25.38544342700004],[66.54786217500003,25.365627346000053],[66.56072024800005,25.349676825000074],[66.59522545700008,25.330226955000057],[66.64828535200007,25.28318919500009],[66.65951582100007,25.27558014500005],[66.67408287900008,25.26902903900009],[66.71021569100003,25.23924388200004],[66.71753991000008,25.23118724200009],[66.72144616000008,25.212591864000046],[66.73715254000007,25.18109772300005],[66.73796634200005,25.159491278000075],[66.73226972700007,25.14325592700004],[66.71355228000004,25.120754299000055],[66.70443769600007,25.104315497000073],[66.69955488400007,25.085272528000075],[66.69703209700003,25.025458075000074],[66.68132571700005,24.948879299000055],[66.68132571700005,24.910549221000053],[66.70443769600007,24.898871161000045],[66.70443769600007,24.89203522300005],[66.67701256600003,24.87954336100006],[66.65674889400003,24.858710028000075],[66.65414472700007,24.839178778000075],[66.67969811300009,24.830552476000037],[66.69141686300009,24.832586981000077],[66.71631920700008,24.841538804000038],[66.76929772200003,24.84723541900007],[66.77963300900007,24.85101959800005],[66.80250084700003,24.839544989000046],[66.82732181100005,24.844142971000053],[66.85377037900008,24.85224030200004],[66.88209069100003,24.85101959800005],[66.90333092500003,24.839178778000075],[66.92188561300009,24.824286200000074],[66.94117272200003,24.812567450000074],[66.96509850400008,24.81004466400009],[66.96021569100003,24.81781647300005],[66.95785566500007,24.825425523000035],[66.95769290500004,24.843573309000078],[66.96509850400008,24.843573309000078],[66.97299238400007,24.833156643000052],[66.98731530000003,24.822211005000042],[67.00505618600005,24.81354401200008],[67.02295983200008,24.81004466400009],[67.06373131600003,24.781683661000045],[67.08253014400003,24.77415599200009],[67.07374108200008,24.795803127000056],[67.08122806100005,24.803290106000077],[67.09994550900007,24.79706452000005],[67.11109459700003,24.797756252000056],[67.12183678500008,24.801214911000045],[67.13965905000003,24.803290106000077],[67.14820397200003,24.79979075700004],[67.15601647200003,24.791571356000077],[67.16163170700008,24.781398830000057],[67.16732832100007,24.760158596000053],[67.17603600400008,24.75771719000005],[67.21265709700003,24.76471588700008],[67.22380618600005,24.76972077000005],[67.23267662900008,24.770738023000035],[67.24512780000003,24.761664130000042],[67.25554446700005,24.747992255000042],[67.25294030000003,24.740383205000057],[67.22461998800009,24.726955471000053],[67.19996178500008,24.710638739000046],[67.17554772200003,24.688706773000035],[67.15699303500008,24.662909247000073],[67.14958743600005,24.63507721600007],[67.15211022200003,24.615708726000037],[67.15992272200003,24.612250067000048],[67.17269941500007,24.61587148600006],[67.19044030000003,24.617661851000037],[67.20899498800009,24.613755601000037],[67.22388756600003,24.607163804000038],[67.25261478000004,24.590318101000037],[67.23666425900007,24.58397044500009],[67.21810957100007,24.582424221000053],[67.19947350400008,24.584784247000073],[67.18360436300009,24.590318101000037],[67.18523196700005,24.576117255000042],[67.18864993600005,24.561346747000073],[67.19459069100003,24.547267971000053],[67.20411217500003,24.535101630000042],[67.22673587300005,24.532375393000052],[67.23080488400007,24.525091864000046],[67.21094811300009,24.50844961100006],[67.23072350400008,24.488836981000077],[67.24683678500008,24.467962958000044],[67.25684655000003,24.444973049000055],[67.25879967500003,24.419094143000052],[67.27361087300005,24.426947333000044],[67.28052819100003,24.43231842700004],[67.28663170700008,24.439520575000074],[67.27361087300005,24.395086981000077],[67.27165774800005,24.369086005000042],[67.28296959700003,24.35761139500005],[67.32536868600005,24.35761139500005],[67.34253991000008,24.35382721600007],[67.36247806100005,24.34393952000005],[67.33643639400003,24.34642161700009],[67.30591881600003,24.34284088700008],[67.28598066500007,24.32957591400009],[67.29281660200007,24.30296458500004],[67.28931725400008,24.298651434000078],[67.28386478000004,24.287909247000073],[67.27914472700007,24.28123607000009],[67.28842207100007,24.269964911000045],[67.29232832100007,24.261867580000057],[67.29330488400007,24.212225653000075],[67.29558353000004,24.19920482000009],[67.30030358200008,24.18626536700009],[67.32642662900008,24.143784898000035],[67.33708743600005,24.118963934000078],[67.34131920700008,24.086371161000045],[67.35401451900003,24.070868231000077],[67.38355553500008,24.066799221000053],[67.44068444100003,24.070257880000042],[67.46729576900003,24.064154364000046],[67.48910566500007,24.05410390800006],[67.50977623800009,24.052069403000075],[67.53305097700007,24.070257880000042],[67.52979576900003,24.05491771000004],[67.51986738400007,24.045070705000057],[67.49219811300009,24.02802155200004],[67.47820071700005,24.032416083000044],[67.46810957100007,24.021958726000037],[67.45118248800009,23.98769765800006],[67.46363366000008,23.98200104400007],[67.50635826900003,23.97402578300006],[67.49976647200003,23.951646226000037],[67.49691816500007,23.935614325000074],[67.49887129000007,23.925604559000078],[67.50904381600003,23.92324453300006],[67.51986738400007,23.928290106000077],[67.53052819100003,23.935492255000042],[67.54053795700008,23.939276434000078],[67.53223717500003,23.92914459800005],[67.52051842500003,23.907049872000073],[67.51254316500007,23.898260809000078],[67.50261478000004,23.89288971600007],[67.49529056100005,23.892279364000046],[67.48804772200003,23.893052476000037],[67.47852623800009,23.891506252000056],[67.49105879000007,23.88312409100007],[67.54664147200003,23.87099844000005],[67.53589928500008,23.880031643000052],[67.53012129000007,23.89126211100006],[67.53256269600007,23.89915599200009],[67.54664147200003,23.898260809000078],[67.55811608200008,23.88865794500009],[67.56609134200005,23.87645091400009],[67.57455488400007,23.87177155200004],[67.58838951900003,23.88467031500005],[67.58936608200008,23.866522528000075],[67.59961998800009,23.85423411700009],[67.61451256600003,23.850083726000037],[67.62924238400007,23.856675523000035],[67.63738040500004,23.874253648000035],[67.63803144600007,23.91592031500005],[67.65040123800009,23.93305084800005],[67.65121504000007,23.929754950000074],[67.65105228000004,23.926906643000052],[67.65202884200005,23.92527903900009],[67.65658613400007,23.925604559000078],[67.65658613400007,23.91937897300005],[67.65105228000004,23.907049872000073],[67.64291425900007,23.850490627000056],[67.63884524800005,23.840643622000073],[67.63428795700008,23.83307526200008],[67.63070722700007,23.824774481000077],[67.62924238400007,23.812648830000057],[67.63160241000008,23.80345286700009],[67.63770592500003,23.80174388200004],[67.64649498800009,23.802883205000057],[67.65658613400007,23.802069403000075],[67.69361412900008,23.793443101000037],[67.71566816500007,23.79169342700004],[67.73226972700007,23.79523346600007],[67.74366295700008,23.80878327000005],[67.74105879000007,23.823065497000073],[67.73072350400008,23.835598049000055],[67.71859785200007,23.843695380000042],[67.77320397200003,23.821112372000073],[67.80258222700007,23.81281159100007],[67.83171634200005,23.809515692000048],[67.83904056100005,23.823391018000052],[67.84913170700008,23.889471747000073],[67.85523522200003,23.911932684000078],[67.86329186300009,23.902818101000037],[67.86451256600003,23.865790106000077],[67.86890709700003,23.850490627000056],[67.88347415500004,23.86481354400007],[67.89193769600007,23.869574286000045],[67.89991295700008,23.867580471000053],[67.90593509200005,23.85927969000005],[67.90463300900007,23.846258856000077],[67.90992272200003,23.83624909100007],[67.91675866000008,23.833644924000055],[67.92603600400008,23.834051825000074],[67.93425540500004,23.83299388200004],[67.93775475400008,23.826320705000057],[67.94166100400008,23.81586334800005],[67.95085696700005,23.80890534100007],[67.96192467500003,23.80467357000009],[67.97193444100003,23.802069403000075],[67.97339928500008,23.805243231000077],[67.98316491000008,23.80963776200008],[67.99415123800009,23.81118398600006],[67.99927819100003,23.805812893000052],[68.00033613400007,23.797308661000045],[68.00342858200008,23.785305080000057],[68.00798587300005,23.774237372000073],[68.01351972700007,23.76854075700004],[68.02442467500003,23.774603583000044],[68.03565514400003,23.79242584800005],[68.05388431100005,23.829413153000075],[68.04151451900003,23.85224030200004],[68.01351972700007,23.939276434000078],[68.02418053500008,23.935248114000046],[68.04769941500007,23.921210028000075],[68.06373131600003,23.923163153000075],[68.06169681100005,23.911281643000052],[68.05388431100005,23.88467031500005],[68.05941816500007,23.861883856000077],[68.07252037900008,23.841864325000074],[68.08838951900003,23.82607656500005],[68.10222415500004,23.815741278000075],[68.10222415500004,23.809515692000048],[68.08822675900007,23.809515692000048],[68.08171634200005,23.80565013200004],[68.07439212300005,23.788397528000075],[68.07325280000003,23.78343333500004],[68.07439212300005,23.764837958000044],[68.07105553500008,23.760646877000056],[68.05697675900007,23.75096263200004],[68.05388431100005,23.74371979400007],[68.06275475400008,23.723130601000037],[68.08171634200005,23.708685614000046],[68.09888756600003,23.70929596600007],[68.10222415500004,23.73383209800005],[68.13038170700008,23.708197333000044],[68.14909915500004,23.694525458000044],[68.15748131600003,23.696234442000048],[68.15479576900003,23.71430084800005],[68.14421634200005,23.74315013200004],[68.14332116000008,23.76113515800006],[68.14869225400008,23.780910549000055],[68.16675866000008,23.820013739000046],[68.17058353000004,23.839911200000074],[68.16871178500008,23.84479401200008],[68.16016686300009,23.857855536000045],[68.15748131600003,23.864162502000056],[68.15642337300005,23.87400950700004],[68.15748131600003,23.905096747000073],[68.18311608200008,23.843451239000046],[68.18303470100005,23.84210846600007],[68.18246504000007,23.835760809000078],[68.17969811300009,23.827460028000075],[68.17562910200007,23.79824453300006],[68.16602623800009,23.773179429000038],[68.16374759200005,23.75771719000005],[68.16814212300005,23.74746328300006],[68.17823326900003,23.754299221000053],[68.19776451900003,23.77480703300006],[68.19792728000004,23.75340403900009],[68.19581139400003,23.73346588700008],[68.19752037900008,23.714544989000046],[68.20875084700003,23.696234442000048],[68.22486412900008,23.68187083500004],[68.24097741000008,23.67401764500005],[68.25896243600005,23.674709377000056],[68.28044681100005,23.685980536000045],[68.27588951900003,23.665838934000078],[68.26189212300005,23.661444403000075],[68.24512780000003,23.659125067000048],[68.23267662900008,23.645005601000037],[68.22006269600007,23.65924713700008],[68.20932050900007,23.66274648600006],[68.19809004000007,23.659084377000056],[68.18425540500004,23.65192291900007],[68.18189537900008,23.64785390800006],[68.17823326900003,23.63434479400007],[68.17432701900003,23.631415106000077],[68.15414472700007,23.63231028900009],[68.15007571700005,23.631415106000077],[68.14340254000007,23.61269765800006],[68.15739993600005,23.600816148000035],[68.18140709700003,23.59406159100007],[68.23080488400007,23.58808014500005],[68.29411868600005,23.590399481000077],[68.30811608200008,23.589056708000044],[68.31763756600003,23.58612702000005],[68.32732181100005,23.58690013200004],[68.34197024800005,23.596625067000048],[68.34888756600003,23.60342031500005],[68.35303795700008,23.610663153000075],[68.35157311300009,23.61782461100006],[68.34197024800005,23.623968817000048],[68.41081790500004,23.700506903000075],[68.42774498800009,23.71430084800005],[68.44971764400003,23.72333405200004],[68.47282962300005,23.737494208000044],[68.51002037900008,23.744086005000042],[68.52475019600007,23.752020575000074],[68.53834069100003,23.76129791900007],[68.55469811300009,23.76854075700004],[68.58773847700007,23.77570221600007],[68.59888756600003,23.78188711100006],[68.60938561300009,23.79523346600007],[68.62305748800009,23.82440827000005],[68.63347415500004,23.83307526200008],[68.65406334700003,23.83624909100007],[68.69190514400003,23.83665599200009],[68.71778405000003,23.841009833000044],[68.74024498800009,23.853461005000042],[68.76693769600007,23.87840403900009],[68.78003991000008,23.87409088700008],[68.80567467500003,23.884426174000055],[68.82162519600007,23.87840403900009],[68.76880944100003,23.841131903000075],[68.75652103000004,23.83624909100007],[68.74512780000003,23.83307526200008],[68.72559655000003,23.818915106000077],[68.71558678500008,23.815741278000075],[68.68018639400003,23.81777578300006],[68.67074629000007,23.815741278000075],[68.65455162900008,23.79905833500004],[68.63786868600005,23.761542059000078],[68.60173587300005,23.74868398600006],[68.58350670700008,23.735296942000048],[68.55469811300009,23.70648834800005],[68.53882897200003,23.684027411000045],[68.53353925900007,23.67918528900009],[68.52393639400003,23.675930080000057],[68.50473066500007,23.674221096000053],[68.48894290500004,23.66478099200009],[68.46941165500004,23.65924713700008],[68.46550540500004,23.65525950700004],[68.46876061300009,23.64081452000005],[68.47689863400007,23.63934967700004],[68.48617597700007,23.641424872000073],[68.49268639400003,23.637600002000056],[68.49146569100003,23.618841864000046],[68.47152754000007,23.61863841400009],[68.42750084700003,23.631415106000077],[68.40886478000004,23.62132396000004],[68.40495853000004,23.597601630000042],[68.41081790500004,23.54881419500009],[68.40609785200007,23.508734442000048],[68.41163170700008,23.494696356000077],[68.43116295700008,23.49359772300005],[68.44695071700005,23.50299713700008],[68.44743899800005,23.51634349200009],[68.44141686300009,23.532049872000073],[68.43734785200007,23.54881419500009],[68.44402103000004,23.54120514500005],[68.45411217500003,23.526271877000056],[68.45866946700005,23.52147044500009],[68.46802819100003,23.51984284100007],[68.47559655000003,23.52411530200004],[68.48129316500007,23.525132554000038],[68.48585045700008,23.514105536000045],[68.46558678500008,23.50527578300006],[68.44743899800005,23.487453518000052],[68.43295332100007,23.46588776200008],[68.42367597700007,23.445786851000037],[68.43091881600003,23.43659088700008],[68.44044030000003,23.43427155200004],[68.45191491000008,23.43773021000004],[68.46550540500004,23.445786851000037],[68.46111087300005,23.43317291900007],[68.45883222700007,23.41982656500005],[68.46257571700005,23.409125067000048],[68.47535241000008,23.404852606000077],[68.49048912900008,23.409328518000052],[68.49642988400007,23.41787344000005],[68.50147545700008,23.42328522300005],[68.51319420700008,23.418524481000077],[68.52214603000004,23.424750067000048],[68.53012129000007,23.42568594000005],[68.53638756600003,23.42133209800005],[68.54102623800009,23.41168854400007],[68.52955162900008,23.411932684000078],[68.52076256600003,23.407538153000075],[68.51514733200008,23.399318752000056],[68.51319420700008,23.38808828300006],[68.51514733200008,23.377020575000074],[68.52068118600005,23.369208075000074],[68.52947024800005,23.363104559000078],[68.54102623800009,23.35700104400007],[68.54314212300005,23.358587958000044],[68.54851321700005,23.36151764500005],[68.55518639400003,23.36395905200004],[68.56104576900003,23.36391836100006],[68.56373131600003,23.359930731000077],[68.56666100400008,23.35297272300005],[68.57105553500008,23.34638092700004],[68.57837975400008,23.343410549000055],[68.59205162900008,23.34007396000004],[68.60303795700008,23.332831122000073],[68.60694420700008,23.32558828300006],[68.59913170700008,23.32225169500009],[68.56853274800005,23.318426825000074],[68.56104576900003,23.316107489000046],[68.54102623800009,23.278225002000056],[68.55225670700008,23.259711005000042],[68.57781009200005,23.25527578300006],[68.60531660200007,23.259588934000078],[68.62305748800009,23.267645575000074],[68.62322024800005,23.25617096600007],[68.62012780000003,23.245428778000075],[68.60938561300009,23.226711330000057],[68.59831790500004,23.23696523600006],[68.59571373800009,23.240383205000057],[68.59994550900007,23.225043036000045],[68.60914147200003,23.206773179000038],[68.62256920700008,23.191555080000057],[68.64966881600003,23.180853583000044],[68.65113366000008,23.17145416900007],[68.65064537900008,23.162054755000042],[68.65406334700003,23.15778229400007],[68.66065514400003,23.154242255000042],[68.69125410200007,23.130519924000055],[68.86622155000003,23.019964911000045],[69.03988691500007,22.950506903000075],[69.13559004000007,22.888373114000046],[69.20191491000008,22.85224030200004],[69.23878014400003,22.841945705000057],[69.33814537900008,22.83307526200008],[69.37256920700008,22.81899648600006],[69.40593509200005,22.813666083000044],[69.42465254000007,22.80426666900007],[69.47217858200008,22.794663804000038],[69.47730553500008,22.79205963700008],[69.48259524800005,22.78847890800006],[69.48943118600005,22.78473541900007],[69.50001061300009,22.781683661000045],[69.51075280000003,22.780503648000035],[69.54444420700008,22.781683661000045],[69.55697675900007,22.778509833000044],[69.57569420700008,22.76434967700004],[69.58570397200003,22.76117584800005],[69.65381920700008,22.76048411700009],[69.69434655000003,22.749701239000046],[69.71583092500003,22.746893622000073],[69.72885175900007,22.754828192000048],[69.76010175900007,22.808335679000038],[69.78012129000007,22.827460028000075],[69.80681399800005,22.84528229400007],[69.83318118600005,22.85846588700008],[69.85287519600007,22.86359284100007],[69.88428795700008,22.86782461100006],[69.94068444100003,22.88613515800006],[69.99691816500007,22.893784898000035],[70.06177819100003,22.91819896000004],[70.12012780000003,22.925034898000035],[70.13542728000004,22.92999909100007],[70.13233483200008,22.941066799000055],[70.12045332100007,22.95258209800005],[70.10954837300005,22.95917389500005],[70.13062584700003,22.993963934000078],[70.12623131600003,22.984808661000045],[70.12501061300009,22.97597890800006],[70.12907962300005,22.969305731000077],[70.14063561300009,22.966620184000078],[70.14747155000003,22.966050523000035],[70.14966881600003,22.96430084800005],[70.15072675900007,22.961004950000074],[70.15430748800009,22.95604075700004],[70.16309655000003,22.948960679000038],[70.16773522200003,22.94912344000005],[70.17172285200007,22.951971747000073],[70.17847741000008,22.95302969000005],[70.20411217500003,22.95221588700008],[70.22201582100007,22.95917389500005],[70.23194420700008,22.97492096600007],[70.23308353000004,23.000148830000057],[70.24968509200005,22.987453518000052],[70.25831139400003,22.971869208000044],[70.26929772200003,22.95856354400007],[70.29175866000008,22.95302969000005],[70.29363040500004,22.95140208500004],[70.30005944100003,22.944281317000048],[70.30347741000008,22.93813711100006],[70.30876712300005,22.93976471600007],[70.31462649800005,22.943508205000057],[70.31910241000008,22.94550202000005],[70.32569420700008,22.945013739000046],[70.33041425900007,22.943304755000042],[70.33448326900003,22.94013092700004],[70.33952884200005,22.935288804000038],[70.34669030000003,22.931301174000055],[70.35238691500007,22.93305084800005],[70.35767662900008,22.936712958000044],[70.36353600400008,22.938706773000035],[70.38453209700003,22.93886953300006],[70.39242597700007,22.94086334800005],[70.39877363400007,22.94550202000005],[70.40162194100003,22.95384349200009],[70.40349368600005,22.96784088700008],[70.40381920700008,22.98187897300005],[70.40202884200005,22.99022044500009],[70.40186608200008,22.999253648000035],[70.41098066500007,23.023179429000038],[70.40447024800005,23.033351955000057],[70.40105228000004,23.045396226000037],[70.39893639400003,23.059068101000037],[70.39877363400007,23.06903717700004],[70.41065514400003,23.086004950000074],[70.45093834700003,23.10565827000005],[70.45964603000004,23.11399974200009],[70.46713300900007,23.129706122000073],[70.48422285200007,23.12213776200008],[70.50294030000003,23.104396877000056],[70.51490319100003,23.089544989000046],[70.52369225400008,23.070379950000074],[70.52849368600005,23.04706452000005],[70.52719160200007,23.023586330000057],[70.51791425900007,23.00389232000009],[70.51238040500004,22.995347398000035],[70.50473066500007,22.97955963700008],[70.49756920700008,22.970038153000075],[70.48633873800009,22.963690497000073],[70.47429446700005,22.964056708000044],[70.46273847700007,22.966538804000038],[70.45337975400008,22.966620184000078],[70.43685957100007,22.954901434000078],[70.40463300900007,22.91950104400007],[70.38770592500003,22.91201406500005],[70.37525475400008,22.90265534100007],[70.34294681100005,22.84316640800006],[70.32545006600003,22.826320705000057],[70.32252037900008,22.822658596000053],[70.32154381600003,22.811712958000044],[70.32325280000003,22.787665106000077],[70.31910241000008,22.778265692000048],[70.26726321700005,22.705959377000056],[70.23487389400003,22.648871161000045],[70.20728600400008,22.614976304000038],[70.18970787900008,22.577785549000055],[70.17847741000008,22.56195709800005],[70.14470462300005,22.547796942000048],[70.05909264400003,22.558417059000078],[70.02084394600007,22.555121161000045],[70.00269616000008,22.54315827000005],[69.99626712300005,22.541449286000045],[69.97388756600003,22.539984442000048],[69.97299238400007,22.541449286000045],[69.96208743600005,22.53534577000005],[69.90528405000003,22.486395575000074],[69.88477623800009,22.473578192000048],[69.86378014400003,22.465765692000048],[69.85108483200008,22.465236721000053],[69.84180748800009,22.46637604400007],[69.83326256600003,22.463812567000048],[69.82227623800009,22.452093817000048],[69.81690514400003,22.44098541900007],[69.81299889400003,22.429510809000078],[69.80697675900007,22.42096588700008],[69.79493248800009,22.41860586100006],[69.78874759200005,22.423163153000075],[69.74219811300009,22.47296784100007],[69.73340905000003,22.48004791900007],[69.72535241000008,22.464544989000046],[69.70899498800009,22.418890692000048],[69.69939212300005,22.40428294500009],[69.69450931100005,22.403957424000055],[69.68083743600005,22.40961334800005],[69.67465254000007,22.411078192000048],[69.66944420700008,22.40924713700008],[69.66521243600005,22.40497467700004],[69.66130618600005,22.400213934000078],[69.65772545700008,22.396877346000053],[69.65235436300009,22.389878648000035],[69.64722741000008,22.38043854400007],[69.64039147200003,22.37596263200004],[69.62973066500007,22.38377513200004],[69.61988366000008,22.371039130000042],[69.61744225400008,22.365057684000078],[69.61605879000007,22.355902411000045],[69.60108483200008,22.363836981000077],[69.56902103000004,22.37055084800005],[69.55469811300009,22.37763092700004],[69.56169681100005,22.39158763200004],[69.55982506600003,22.41152578300006],[69.54786217500003,22.452093817000048],[69.54102623800009,22.452093817000048],[69.53077233200008,22.446112372000073],[69.52198326900003,22.448919989000046],[69.51596113400007,22.448146877000056],[69.51368248800009,22.431586005000042],[69.51693769600007,22.416083075000074],[69.52279707100007,22.40387604400007],[69.52564537900008,22.39207591400009],[69.51986738400007,22.37763092700004],[69.51514733200008,22.37518952000005],[69.50855553500008,22.374253648000035],[69.50269616000008,22.372259833000044],[69.50001061300009,22.36676666900007],[69.48536217500003,22.34756094000005],[69.47966556100005,22.342230536000045],[69.46892337300005,22.337836005000042],[69.43539472700007,22.33038971600007],[69.35987389400003,22.32916901200008],[69.34644616000008,22.32489655200004],[69.33570397200003,22.30613841400009],[69.28646894600007,22.28461334800005],[69.21208743600005,22.273911851000037],[69.21208743600005,22.281398830000057],[69.19044030000003,22.292303778000075],[69.17383873800009,22.308294989000046],[69.16968834700003,22.327948309000078],[69.18531334700003,22.349676825000074],[69.18213951900003,22.366441148000035],[69.20573978000004,22.39866771000004],[69.20215905000003,22.414862372000073],[69.18824303500008,22.42641836100006],[69.17855879000007,22.42763906500005],[69.16879316500007,22.42064036700009],[69.15463300900007,22.40770091400009],[69.14698326900003,22.404852606000077],[69.13982181100005,22.407131252000056],[69.13200931100005,22.41046784100007],[69.12273196700005,22.411078192000048],[69.11378014400003,22.407863674000055],[69.09742272200003,22.398871161000045],[69.08855228000004,22.396877346000053],[69.07178795700008,22.39948151200008],[69.06226647200003,22.40770091400009],[69.04818769600007,22.431586005000042],[69.05600019600007,22.441839911000045],[69.07447350400008,22.44944896000004],[69.08228600400008,22.459540106000077],[69.08521569100003,22.47288646000004],[69.08139082100007,22.480536200000074],[69.07357832100007,22.48187897300005],[69.04753665500004,22.464016018000052],[69.00749759200005,22.443182684000078],[68.99293053500008,22.431586005000042],[68.98324629000007,22.41937897300005],[68.97437584700003,22.404730536000045],[68.96762129000007,22.387193101000037],[68.96501712300005,22.36676666900007],[68.96062259200005,22.34951406500005],[68.95142662900008,22.334865627000056],[68.94402103000004,22.31826406500005],[68.94459069100003,22.295070705000057],[68.95329837300005,22.27602773600006],[68.98047936300009,22.235541083000044],[68.99415123800009,22.203924872000073],[69.01254316500007,22.185614325000074],[69.04818769600007,22.157904364000046],[69.09205162900008,22.09959544500009],[69.10303795700008,22.07636139500005],[69.11931399800005,22.06207916900007],[69.15064537900008,22.04120514500005],[69.19841556100005,21.979722398000035],[69.21225019600007,21.96747467700004],[69.24390709700003,21.94594961100006],[69.33619225400008,21.862453518000052],[69.35547936300009,21.853176174000055],[69.36784915500004,21.85610586100006],[69.39087975400008,21.876695054000038],[69.39519290500004,21.86131419500009],[69.39177493600005,21.832180080000057],[69.39771569100003,21.815252997000073],[69.42741946700005,21.78123607000009],[69.44629967500003,21.76630280200004],[69.47852623800009,21.75263092700004],[69.49935957100007,21.72020091400009],[69.51978600400008,21.704779364000046],[69.55274498800009,21.665187893000052],[69.56820722700007,21.650132554000038],[69.62973066500007,21.616034247000073],[69.75635826900003,21.49042389500005],[69.77149498800009,21.47842031500005],[69.78874759200005,21.469305731000077],[69.80860436300009,21.46580638200004],[69.81470787900008,21.433661200000074],[69.84498131600003,21.389593817000048],[69.91163170700008,21.315008856000077],[69.95826256600003,21.27334219000005],[69.96615644600007,21.263413804000038],[69.96801943816754,21.25805456361161],[70.05444521916755,21.15315547561164],[70.15219160200007,21.078517971000053],[70.26351972700007,20.980414130000042],[70.29997806100005,20.95856354400007],[70.33668053500008,20.927069403000075],[70.39877363400007,20.903509833000044],[70.41700280000003,20.890448309000078],[70.45142662900008,20.855902411000045],[70.46306399800005,20.848863023000035],[70.48414147200003,20.84393952000005],[70.54151451900003,20.807847398000035],[70.56217415529785,20.799766947861755],[70.69857832100007,20.74640534100007],[70.73080488400007,20.723211981000077],[70.74024498800009,20.718491929000038],[70.75163821700005,20.719631252000056],[70.76319420700008,20.724554755000042],[70.77458743600005,20.727362372000073],[70.78516686300009,20.72215403900009],[70.80160566500007,20.709051825000074],[70.81967207100007,20.702948309000078],[70.84017988400007,20.70189036700009],[70.90253114232611,20.70551993138298],[70.97299238400007,20.70962148600006],[70.98243248800009,20.710150458000044],[71.00082441500007,20.72215403900009],[71.00595136800007,20.73655833500004],[71.00766035200007,20.74160390800006],[71.02418053500008,20.744533596000053],[71.04444420700008,20.74054596600007],[71.06234785200007,20.73895905200004],[71.07260175900007,20.74567291900007],[71.08326256600003,20.75653717700004],[71.09546959700003,20.763739325000074],[71.11011803500008,20.759466864000046],[71.11695397200003,20.766913153000075],[71.14063561300009,20.765692450000074],[71.31861412900008,20.849310614000046],[71.37810306100005,20.859442450000074],[71.46225019600007,20.885321356000077],[71.48072350400008,20.90037669500009],[71.48438561300009,20.917141018000052],[71.49341881600003,20.92914459800005],[71.53679446700005,20.96430084800005],[71.55111738400007,20.973578192000048],[71.56934655000003,20.97919342700004],[71.56234785200007,20.97296784100007],[71.55730228000004,20.966009833000044],[71.54957116000008,20.951239325000074],[71.58350670700008,20.958238023000035],[71.63998457100007,20.99681224200009],[71.68336022200003,21.011460679000038],[71.69974337837239,21.021306493560147],[71.71762129000007,21.032049872000073],[71.73023522200003,21.03070709800005],[71.74366295700008,21.02757396000004],[71.76295006600003,21.03229401200008],[71.78858483200008,21.04751211100006],[71.80616295700008,21.06207916900007],[71.92628014400003,21.130031643000052],[71.97242272200003,21.13226959800005],[71.99073326900003,21.136379299000055],[72.05502363400007,21.168361721000053],[72.06283613400007,21.174709377000056],[72.06666100400008,21.181341864000046],[72.07545006600003,21.185695705000057],[72.08480879000007,21.188706773000035],[72.09083092500003,21.191473700000074],[72.10474694100003,21.20506419500009],[72.10450280000003,21.22215403900009],[72.09351647200003,21.24355703300006],[72.09083092500003,21.25291575700004],[72.09359785200007,21.258205471000053],[72.09937584700003,21.264960028000075],[72.10254967500003,21.27440013200004],[72.09701582100007,21.287665106000077],[72.10775800900007,21.289984442000048],[72.11150149800005,21.296087958000044],[72.11003665500004,21.304836330000057],[72.10450280000003,21.315008856000077],[72.11605879000007,21.322739976000037],[72.15162194100003,21.360174872000073],[72.15919030000003,21.37327708500004],[72.16684004000007,21.39207591400009],[72.21989993600005,21.44472890800006],[72.24219811300003,21.48078034100007],[72.27515709700003,21.595526434000078],[72.27914472700007,21.600531317000048],[72.29200280000003,21.611761786000045],[72.29566491000008,21.616034247000073],[72.29883873800003,21.626288153000075],[72.29851321700005,21.633978583000044],[72.29664147200003,21.64215729400007],[72.29566491000008,21.65387604400007],[72.29249108200008,21.659491278000075],[72.28541100400008,21.66502513200004],[72.27833092500003,21.671942450000074],[72.27173912900008,21.69090403900009],[72.26303144600007,21.692328192000048],[72.25180097700007,21.69090403900009],[72.24040774800005,21.69171784100007],[72.23023522200003,21.69599030200004],[72.22380618600005,21.70058828300006],[72.21900475400008,21.706000067000048],[72.21436608200008,21.712836005000042],[72.20240319100003,21.748114325000074],[72.20004316500007,21.750067450000074],[72.19581139400003,21.75779857000009],[72.17701256600003,21.76666901200008],[72.17269941500007,21.777736721000053],[72.17107181100005,21.790961005000042],[72.16602623800003,21.79393138200004],[72.11744225400008,21.776597398000035],[72.10320071700005,21.775213934000078],[72.08741295700008,21.784491278000075],[72.07390384200005,21.788723049000055],[72.05494225400008,21.785589911000045],[72.02182050900007,21.774318752000056],[72.02230879000007,21.780910549000055],[72.02149498800003,21.79441966400009],[72.02182050900007,21.80097077000005],[72.00961347700007,21.79559967700004],[72.00538170700008,21.79295482000009],[72.00147545700008,21.787909247000073],[71.99610436300003,21.79950592700004],[71.99415123800003,21.812201239000046],[71.99463951900003,21.839504299000055],[71.99732506600003,21.85492584800005],[72.00416100400008,21.85773346600007],[72.06283613400007,21.834377346000053],[72.08676191500007,21.83026764500005],[72.10450280000003,21.835760809000078],[72.08643639400003,21.865627346000053],[72.08033287900008,21.86985911700009],[72.07178795700008,21.870794989000046],[72.06153405000003,21.873114325000074],[72.05290774800005,21.87653229400007],[72.04932701900003,21.88043854400007],[72.05795332100007,21.89874909100007],[72.07764733200008,21.89443594000005],[72.09848066500007,21.880519924000055],[72.11133873800003,21.86985911700009],[72.12330162900008,21.85374583500004],[72.13086998800003,21.846258856000077],[72.16187584700003,21.839178778000075],[72.16944420700008,21.84137604400007],[72.16260826900003,21.852850653000075],[72.16000410200007,21.86591217700004],[72.16732832100007,21.87913646000004],[72.16976972700007,21.890448309000078],[72.15235436300003,21.89785390800006],[72.15919030000003,21.90460846600007],[72.14535566500007,21.91083405200004],[72.14535566500007,21.917669989000046],[72.15650475400008,21.925848700000074],[72.14210045700008,21.924994208000044],[72.10450280000003,21.917669989000046],[72.08757571700005,21.919663804000038],[72.02865644600007,21.938788153000075],[72.03842207100007,21.94757721600007],[72.05518639400003,21.953517971000053],[72.07325280000003,21.95449453300006],[72.08741295700008,21.948431708000044],[72.09620201900003,21.943019924000055],[72.10206139400003,21.945054429000038],[72.10482832100007,21.95148346600007],[72.10450280000003,21.95921458500004],[72.08253014400003,21.97337474200009],[72.07650800900007,21.979722398000035],[72.11491946700005,21.96938711100006],[72.12484785200007,21.972316799000055],[72.12810306100005,21.983547268000052],[72.11931399800005,21.99363841400009],[72.09701582100007,22.007025458000044],[72.11378014400003,22.010565497000073],[72.13428795700008,22.00458405200004],[72.15170332100007,21.993882554000038],[72.15919030000003,21.98314036700009],[72.16342207100007,21.973211981000077],[72.17310631600003,21.97565338700008],[72.18246504000007,21.98273346600007],[72.18637129000007,21.98655833500004],[72.19117272200003,21.99363841400009],[72.19516035200007,22.003648179000038],[72.19988040500004,22.006984768000052],[72.20630944100003,21.99404531500005],[72.21436608200008,21.99404531500005],[72.21648196700005,22.00779857000009],[72.22095787900008,22.010972398000035],[72.23731530000003,22.007025458000044],[72.24935957100007,22.008286851000037],[72.25766035200007,22.012152411000045],[72.27515709700003,22.02753327000005],[72.27613366000008,22.031642971000053],[72.28345787900008,22.04360586100006],[72.29175866000008,22.05341217700004],[72.29566491000008,22.051174221000053],[72.29802493600005,22.061672268000052],[72.30762780000003,22.079006252000056],[72.31723066500007,22.184881903000075],[72.30648847700007,22.22955963700008],[72.26832116000008,22.22675202000005],[72.23910566500007,22.23891836100006],[72.23414147200003,22.24355703300006],[72.23731530000003,22.256293036000045],[72.24317467500003,22.26593659100007],[72.24610436300003,22.27558014500005],[72.24040774800005,22.288234768000052],[72.20923912900008,22.259426174000055],[72.19068444100003,22.251288153000075],[72.16602623800003,22.260321356000077],[72.14877363400007,22.277899481000077],[72.16179446700005,22.280951239000046],[72.20630944100003,22.273911851000037],[72.20093834700003,22.291449286000045],[72.20850670700008,22.300441799000055],[72.22339928500008,22.303168036000045],[72.24040774800005,22.301906643000052],[72.26465905000003,22.29523346600007],[72.26596113400007,22.28733958500004],[72.26319420700008,22.27635325700004],[72.27515709700003,22.260321356000077],[72.28834069100003,22.26129791900007],[72.30909264400003,22.25722890800006],[72.32829837300005,22.26072825700004],[72.33659915500004,22.284816799000055],[72.34050540500004,22.303208726000037],[72.34961998800003,22.324367580000057],[72.36101321700005,22.343451239000046],[72.37134850400008,22.355902411000045],[72.39722741000008,22.36676666900007],[72.40805097700007,22.353461005000042],[72.40495853000004,22.332953192000048],[72.38819420700008,22.322333075000074],[72.38038170700008,22.31240469000005],[72.38103274800005,22.289943752000056],[72.38624108200008,22.266506252000056],[72.39185631600003,22.25348541900007],[72.41374759200005,22.24632396000004],[72.43230228000004,22.25584544500009],[72.44874108200008,22.266831773000035],[72.46387780000003,22.26398346600007],[72.46697024800005,22.25584544500009],[72.45484459700003,22.245306708000044],[72.45704186300003,22.236721096000053],[72.46615644600007,22.232570705000057],[72.47901451900003,22.23338450700004],[72.50171959700003,22.24042389500005],[72.52116946700005,22.253119208000044],[72.55307050900007,22.282456773000035],[72.57374108200008,22.288234768000052],[72.59636478000004,22.286932684000078],[72.60661868600005,22.28384023600006],[72.62501061300003,22.27138906500005],[72.63526451900003,22.271633205000057],[72.64649498800003,22.273911851000037],[72.65943444100003,22.273911851000037],[72.72657311300003,22.248928127000056],[72.75660241000008,22.24371979400007],[72.78541100400008,22.25690338700008],[72.79867597700007,22.265570380000042],[72.81820722700007,22.27342357000009],[72.83863366000008,22.276556708000044],[72.85425866000008,22.270819403000075],[72.86947675900007,22.26239655200004],[72.88607832100007,22.26239655200004],[72.89966881600003,22.269191799000055],[72.90577233200008,22.281398830000057],[72.91749108200008,22.271429755000042],[72.92269941500007,22.25458405200004],[72.92212975400008,22.23651764500005],[72.91602623800003,22.223089911000045],[72.89722741000008,22.213039455000057],[72.88111412900008,22.220404364000046],[72.86508222700007,22.23346588700008],[72.84742272200003,22.24042389500005],[72.81226647200003,22.234116929000038],[72.79021243600005,22.217230536000045],[72.74822024800005,22.16404857000009],[72.72925866000008,22.177435614000046],[72.71941165500004,22.182196356000077],[72.70777428500008,22.18577708500004],[72.69971764400003,22.18496328300006],[72.69166100400008,22.18195221600007],[72.68189537900008,22.181586005000042],[72.66960696700005,22.18891022300005],[72.65235436300003,22.202337958000044],[72.63445071700005,22.21039459800005],[72.61410566500007,22.211737372000073],[72.59050540500004,22.205023505000042],[72.57545006600003,22.194525458000044],[72.55738366000008,22.176662502000056],[72.54216556100005,22.156724351000037],[72.53589928500008,22.14052969000005],[72.53337649800005,22.11855703300006],[72.53003991000008,22.107489325000074],[72.51954186300003,22.088446356000077],[72.51954186300003,22.07754140800006],[72.52149498800003,22.066148179000038],[72.52222741000008,22.05426666900007],[72.51775149800005,22.032131252000056],[72.50456790500004,21.994208075000074],[72.50171959700003,21.97601959800005],[72.50709069100003,21.96230703300006],[72.53337649800005,21.920314846000053],[72.54273522200003,21.91083405200004],[72.55860436300003,21.915269273000035],[72.58179772200003,21.928168036000045],[72.60271243600005,21.94358958500004],[72.61158287900008,21.955511786000045],[72.62305748800003,21.966620184000078],[72.69353274800005,21.972316799000055],[72.69564863400007,21.975897528000075],[72.69752037900008,21.982123114000046],[72.70093834700003,21.98891836100006],[72.70777428500008,21.99404531500005],[72.71371504000007,21.995794989000046],[72.71989993600005,21.99632396000004],[72.72641035200007,21.995754299000055],[72.73454837300005,21.99404531500005],[72.73454837300005,21.98655833500004],[72.71404056100005,21.982977606000077],[72.70679772200003,21.966131903000075],[72.70232181100005,21.94757721600007],[72.69011478000004,21.938788153000075],[72.65211022200003,21.941066799000055],[72.63404381600003,21.93748607000009],[72.61841881600003,21.925116278000075],[72.59880618600005,21.881008205000057],[72.58545983200008,21.85887278900009],[72.56690514400003,21.849351304000038],[72.56275475400008,21.83942291900007],[72.55632571700005,21.774318752000056],[72.55014082100007,21.75193919500009],[72.53207441500007,21.71385325700004],[72.52849368600005,21.695135809000078],[72.53467858200008,21.67291901200008],[72.55030358200008,21.66669342700004],[72.57048587300005,21.670477606000077],[72.61605879000007,21.68545156500005],[72.63493899800005,21.68463776200008],[72.65300540500004,21.680568752000056],[72.67644290500004,21.678127346000053],[72.73324629000007,21.68748607000009],[72.75562584700003,21.68496328300006],[72.79810631600003,21.673529364000046],[72.81918379000007,21.675034898000035],[72.84034264400003,21.688381252000056],[72.85816491000008,21.694973049000055],[72.88282311300003,21.693019924000055],[72.92693118600005,21.68496328300006],[72.95020592500003,21.689154364000046],[72.99146569100003,21.70844147300005],[73.01246178500008,21.712836005000042],[73.02247155000003,21.716009833000044],[73.04102623800003,21.730169989000046],[73.04664147200003,21.733343817000048],[73.08399498800003,21.74640534100007],[73.11882571700005,21.76471588700008],[73.12614993600005,21.766831773000035],[73.13200931100005,21.75779857000009],[73.12696373800003,21.74677155200004],[73.11695397200003,21.737250067000048],[73.10816491000008,21.733343817000048],[73.08497155000003,21.729681708000044],[73.02247155000003,21.698553778000075],[72.96534264400003,21.67877838700008],[72.93555748800003,21.658351955000057],[72.88965905000003,21.64052969000005],[72.87159264400003,21.636542059000078],[72.85873457100007,21.637600002000056],[72.83399498800003,21.644476630000042],[72.82309004000007,21.64394765800006],[72.81039472700007,21.63507721600007],[72.78907311300003,21.595526434000078],[72.77320397200003,21.580511786000045],[72.75114993600005,21.56513092700004],[72.72681725400008,21.553168036000045],[72.70394941500007,21.54840729400007],[72.69011478000004,21.540676174000055],[72.65105228000004,21.507025458000044],[72.63510175900007,21.499335028000075],[72.61963951900003,21.48737213700008],[72.58985436300003,21.432766018000052],[72.58366946700005,21.41742584800005],[72.61247806100005,21.42186107000009],[72.66504967500003,21.45722077000005],[72.68327884200005,21.46580638200004],[72.73829186300003,21.482855536000045],[72.74854576900003,21.479641018000052],[72.75261478000004,21.46356842700004],[72.74708092500003,21.452866929000038],[72.72828209700003,21.46580638200004],[72.67644290500004,21.43162669500009],[72.67286217500003,21.428127346000053],[72.63510175900007,21.407456773000035],[72.57374108200008,21.39008209800005],[72.56462649800005,21.38580963700008],[72.56763756600003,21.37641022300005],[72.57886803500008,21.367010809000078],[72.59408613400007,21.36277903900009],[72.62338300900007,21.370266018000052],[72.63868248800003,21.371242580000057],[72.64576256600003,21.36277903900009],[72.63851972700007,21.357163804000038],[72.60320071700005,21.352728583000044],[72.59050540500004,21.348537502000056],[72.58676191500007,21.34121328300006],[72.58863366000008,21.331976630000042],[72.59791100400008,21.307562567000048],[72.60206139400003,21.27765534100007],[72.60613040500004,21.26658763200004],[72.61841881600003,21.25291575700004],[72.62517337300005,21.25934479400007],[72.64576256600003,21.273382880000042],[72.64698326900003,21.253607489000046],[72.65935306100005,21.244696356000077],[72.67318769600007,21.239081122000073],[72.67986087300005,21.228989976000037],[72.68767337300005,21.220445054000038],[72.72364342500003,21.209133205000057],[72.73454837300005,21.198919989000046],[72.72103925900007,21.19879791900007],[72.71176191500007,21.19403717700004],[72.69353274800005,21.17845286700009],[72.63038170700008,21.135972398000035],[72.61548912900008,21.11981842700004],[72.61500084700003,21.105861721000053],[72.62964928500008,21.087958075000074],[72.63786868600005,21.08539459800005],[72.65870201900003,21.097601630000042],[72.66635175900007,21.097398179000038],[72.67123457100007,21.09979889500005],[72.67302493600005,21.112616278000075],[72.67188561300003,21.134426174000055],[72.67269941500007,21.145738023000035],[72.67644290500004,21.153631903000075],[72.68669681100005,21.158148505000042],[72.70655358200008,21.15770091400009],[72.71404056100005,21.164129950000074],[72.72868899800005,21.148098049000055],[72.72055097700007,21.129706122000073],[72.70582116000008,21.106350002000056],[72.70036868600005,21.074774481000077],[72.73015384200005,21.087836005000042],[72.73454837300005,21.09247467700004],[72.73560631600003,21.11074453300006],[72.73764082100007,21.11737702000005],[72.74195397200003,21.12323639500005],[72.74634850400008,21.118353583000044],[72.75277754000007,21.113714911000045],[72.75562584700003,21.10956452000005],[72.79957116000008,21.12881094000005],[72.80958092500003,21.130031643000052],[72.81592858200008,21.121486721000053],[72.84986412900008,21.048000393000052],[72.84498131600003,21.038316148000035],[72.82309004000007,21.03384023600006],[72.78394616000008,21.04043203300006],[72.76685631600003,21.03856028900009],[72.77198326900003,21.023871161000045],[72.78199303500008,21.010158596000053],[72.78760826900003,21.00690338700008],[72.79932701900003,21.00584544500009],[72.80836022200003,21.003973700000074],[72.81609134200005,20.99900950700004],[72.82129967500003,20.99160390800006],[72.82309004000007,20.98261139500005],[72.83269290500004,20.972357489000046],[72.85377037900008,20.97492096600007],[72.87598717500003,20.981350002000056],[72.88843834700003,20.98261139500005],[72.88648522200003,20.962103583000044],[72.85645592500003,20.94798411700009],[72.83668053500008,20.92991771000004],[72.86491946700005,20.897284247000073],[72.85425866000008,20.887152411000045],[72.84587649800005,20.85179271000004],[72.83692467500003,20.83584219000005],[72.87533613400007,20.862494208000044],[72.88119550900007,20.865668036000045],[72.89380944100003,20.870062567000048],[72.90040123800003,20.868109442000048],[72.88843834700003,20.851955471000053],[72.88013756600003,20.829901434000078],[72.88575280000003,20.807114976000037],[72.90023847700007,20.79913971600007],[72.91944420700008,20.821519273000035],[72.92497806100005,20.810614325000074],[72.92286217500003,20.802679755000042],[72.91911868600005,20.79559967700004],[72.91944420700008,20.78742096600007],[72.92644290500004,20.780991929000038],[72.93637129000007,20.776271877000056],[72.94499759200005,20.770005601000037],[72.94678795700008,20.759466864000046],[72.94027754000007,20.759426174000055],[72.89893639400003,20.732163804000038],[72.90796959700003,20.71832916900007],[72.90943444100003,20.69867584800005],[72.90577233200008,20.65330638200004],[72.90259850400008,20.641913153000075],[72.88843834700003,20.62848541900007],[72.88526451900003,20.619208075000074],[72.88624108200008,20.60846588700008],[72.89063561300003,20.587062893000052],[72.89144941500007,20.575140692000048],[72.89039147200003,20.552679755000042],[72.88648522200003,20.53156159100007],[72.87916100400008,20.51243724200009],[72.84001712300005,20.458726304000038],[72.82943769600007,20.437933661000045],[72.82309004000007,20.416815497000073],[72.82081139400003,20.38613515800006],[72.81706790500004,20.375921942000048],[72.81031334700003,20.368841864000046],[72.79818769600007,20.359320380000042],[72.78679446700005,20.35224030200004],[72.78158613400007,20.35228099200009],[72.77751712300005,20.33006419500009],[72.76783287900008,20.31195709800005],[72.75660241000008,20.29596588700008],[72.74822024800005,20.28034088700008],[72.74301191500007,20.247748114000046],[72.74195397200003,20.24555084800005],[72.74195397200003,20.225043036000045],[72.74439537900008,20.21938711100006],[72.74903405000003,20.21832916900007],[72.75359134200005,20.21820709800005],[72.75562584700003,20.21515534100007],[72.75228925900007,20.20376211100006],[72.73764082100007,20.18427155200004],[72.73454837300005,20.173529364000046],[72.72828209700003,20.129461981000077],[72.71029707100007,20.082912502000056],[72.70777428500008,20.071112372000073],[72.70777428500008,20.01276276200008],[72.70337975400008,19.99762604400007],[72.69450931100005,19.979315497000073],[72.68433678500008,19.964016018000052],[72.67644290500004,19.957505601000037],[72.66521243600005,19.952948309000078],[72.66277103000004,19.941799221000053],[72.66618899800005,19.916571356000077],[72.66423587300005,19.88157786700009],[72.65919030000003,19.866441148000035],[72.64918053500008,19.851996161000045],[72.65007571700005,19.84198639500005],[72.67286217500003,19.81281159100007],[72.67986087300005,19.800482489000046],[72.67579186300003,19.764146226000037],[72.67790774800005,19.746568101000037],[72.69011478000004,19.748968817000048],[72.72828209700003,19.79364655200004],[72.73275800900007,19.779730536000045],[72.73406009200005,19.771918036000045],[72.73454837300005,19.762640692000048],[72.73129316500007,19.75458405200004],[72.72437584700003,19.75267161700009],[72.71729576900003,19.75153229400007],[72.71404056100005,19.745835679000038],[72.71859785200007,19.72793203300006],[72.72641035200007,19.715236721000053],[72.72641035200007,19.70579661700009],[72.70777428500008,19.69745514500005],[72.70460045700008,19.70652903900009],[72.69996178500008,19.714178778000075],[72.69410241000008,19.72020091400009],[72.68669681100005,19.72479889500005],[72.70964603000004,19.64996979400007],[72.71802819100003,19.606675523000035],[72.71078535200007,19.587591864000046],[72.72250410200007,19.536281643000052],[72.74154707100007,19.516017971000053],[72.74919681100005,19.512600002000056],[72.75562584700003,19.519354559000078],[72.75489342500003,19.527044989000046],[72.74927819100003,19.53424713700008],[72.73454837300005,19.546616929000038],[72.73975670700008,19.552679755000042],[72.74073326900003,19.56073639500005],[72.73829186300003,19.570257880000042],[72.73454837300005,19.58079661700009],[72.74195397200003,19.58079661700009],[72.76002037900008,19.573065497000073],[72.77068118600005,19.566148179000038],[72.77540123800003,19.557196356000077],[72.77702884200005,19.54555898600006],[72.78126061300003,19.53656647300005],[72.78785241000008,19.53025950700004],[72.79590905000003,19.52680084800005],[72.81592858200008,19.528509833000044],[72.83594811300003,19.53668854400007],[72.85670006600003,19.54132721600007],[72.87916100400008,19.532375393000052],[72.76921634200005,19.49046458500004],[72.75440514400003,19.481756903000075],[72.74683678500008,19.467962958000044],[72.74822024800005,19.444240627000056],[72.75977623800003,19.38898346600007],[72.76343834700003,19.380194403000075],[72.78760826900003,19.34520091400009],[72.80209394600007,19.33193594000005],[72.81853274800005,19.33026764500005],[72.83692467500003,19.348049221000053],[72.85531660200007,19.339504299000055],[72.88355553500008,19.31639232000009],[72.89893639400003,19.307033596000053],[72.91675866000008,19.30337148600006],[72.97095787900008,19.307033596000053],[72.98780358200008,19.30068594000005],[73.00180097700007,19.28656647300005],[73.01246178500008,19.27244700700004],[73.01929772200003,19.266058661000045],[73.02914472700007,19.25934479400007],[73.02800540500004,19.244086005000042],[73.03003991000008,19.227728583000044],[73.04965254000007,19.217718817000048],[73.02662194100003,19.205511786000045],[73.01050866000008,19.224310614000046],[72.98829186300003,19.279120184000078],[72.97266686300003,19.29368724200009],[72.95972741000008,19.29482656500005],[72.94654381600003,19.289862372000073],[72.93034915500004,19.28656647300005],[72.90056399800005,19.290757554000038],[72.88550866000008,19.296047268000052],[72.86703535200007,19.316799221000053],[72.83936608200008,19.31907786700009],[72.78541100400008,19.31391022300005],[72.77564537900008,19.29901764500005],[72.77222741000008,19.26512278900009],[72.77540123800003,19.20465729400007],[72.78939863400007,19.217352606000077],[72.80209394600007,19.23786041900007],[72.81511478000004,19.253648179000038],[72.83008873800003,19.252427476000037],[72.81983483200008,19.240627346000053],[72.80250084700003,19.21161530200004],[72.78337649800005,19.16864655200004],[72.78158613400007,19.15965403900009],[72.78492272200003,19.15037669500009],[72.79216556100005,19.150458075000074],[72.79957116000008,19.15688711100006],[72.80518639400003,19.171820380000042],[72.81120853000004,19.175523179000038],[72.81804446700005,19.17536041900007],[72.82309004000007,19.169256903000075],[72.82243899800005,19.163763739000046],[72.81218509200005,19.15371328300006],[72.80958092500003,19.146307684000078],[72.81177819100003,19.13735586100006],[72.82105553500008,19.119208075000074],[72.82309004000007,19.10846588700008],[72.82195071700005,19.09711334800005],[72.80958092500003,19.066839911000045],[72.82129967500003,19.06317780200004],[72.82422936300003,19.053534247000073],[72.82178795700008,19.04197825700004],[72.81706790500004,19.03270091400009],[72.81299889400003,19.035549221000053],[72.80274498800003,19.040187893000052],[72.80494225400008,19.011053778000075],[72.80241946700005,18.999660549000055],[72.79590905000003,18.984930731000077],[72.77605228000004,18.95970286700009],[72.77035566500007,18.948187567000048],[72.77540123800003,18.93650950700004],[72.78825931100005,18.946519273000035],[72.79232832100007,18.951239325000074],[72.79590905000003,18.957586981000077],[72.80274498800003,18.957586981000077],[72.80738366000008,18.94281647300005],[72.80534915500004,18.930975653000075],[72.80201256600003,18.920477606000077],[72.80274498800003,18.909816799000055],[72.81251061300003,18.89744700700004],[72.82129967500003,18.90330638200004],[72.82764733200008,18.918361721000053],[72.83627363400007,18.959133205000057],[72.85108483200008,18.987127997000073],[72.86931399800005,19.011419989000046],[72.88526451900003,19.025864976000037],[72.89144941500007,19.00136953300006],[72.89144941500007,18.99176666900007],[72.93425540500004,19.034084377000056],[72.94336998800003,19.055121161000045],[72.92693118600005,19.066839911000045],[72.93392988400007,19.08030833500004],[72.93555748800003,19.115057684000078],[72.95004316500007,19.12791575700004],[72.96729576900003,19.16307200700004],[72.97478274800005,19.16307200700004],[72.96729576900003,19.091009833000044],[72.97380618600005,19.078558661000045],[72.98568769600007,19.074286200000074],[72.99187259200005,19.067206122000073],[72.98096764400003,19.04637278900009],[72.98780358200008,19.036932684000078],[72.98357181100005,19.01044342700004],[72.98829186300003,18.998602606000077],[73.01189212300005,19.009426174000055],[73.03980553500008,19.017523505000042],[73.05681399800005,19.015326239000046],[73.04664147200003,18.99518463700008],[73.04216556100005,18.995754299000055],[72.99203535200007,18.982489325000074],[72.96827233200008,18.972601630000042],[72.95362389400003,18.971258856000077],[72.95362389400003,18.96442291900007],[72.98829186300003,18.96442291900007],[72.97722415500004,18.948431708000044],[72.96338951900003,18.94798411700009],[72.94922936300003,18.95148346600007],[72.93677819100003,18.947414455000057],[72.93458092500003,18.920803127000056],[72.92807050900007,18.911363023000035],[72.91260826900003,18.923488674000055],[72.89682050900007,18.894476630000042],[72.91627037900008,18.87051015800006],[72.94613691500007,18.858303127000056],[72.96168053500008,18.86513906500005],[72.96314537900008,18.868963934000078],[72.96697024800005,18.87213776200008],[72.97217858200008,18.874253648000035],[72.97779381600003,18.87498607000009],[72.98170006600003,18.871486721000053],[72.97974694100003,18.863348700000074],[72.97608483200008,18.854396877000056],[72.97478274800005,18.84833405200004],[72.98129316500007,18.83270905200004],[72.98796634200005,18.82493724200009],[73.01628665500004,18.813625393000052],[73.00245201900003,18.80145905200004],[72.99170983200008,18.779364325000074],[72.98804772200003,18.753851630000042],[72.99512780000003,18.731024481000077],[72.98064212300005,18.736761786000045],[72.96957441500007,18.746975002000056],[72.96631920700008,18.761419989000046],[72.97478274800005,18.77948639500005],[72.93897545700008,18.816961981000077],[72.92693118600005,18.826646226000037],[72.91260826900003,18.799994208000044],[72.90202884200005,18.79950592700004],[72.88705488400007,18.807033596000053],[72.87916100400008,18.80735911700009],[72.86557050900007,18.799383856000077],[72.85694420700008,18.78620026200008],[72.85238691500007,18.769924221000053],[72.85173587300005,18.719671942000048],[72.85531660200007,18.68113841400009],[72.86451256600003,18.648911851000037],[72.88217207100007,18.63548411700009],[72.90577233200008,18.57713450700004],[72.91016686300003,18.558986721000053],[72.92115319100003,18.55487702000005],[72.95020592500003,18.560370184000078],[72.96029707100007,18.55467357000009],[72.97038821700005,18.54100169500009],[72.97787519600007,18.52411530200004],[72.98096764400003,18.50885651200008],[72.98878014400003,18.489935614000046],[73.00440514400003,18.48004791900007],[73.01498457100007,18.469956773000092],[73.00879967500003,18.450506903000075],[72.99024498800003,18.469956773000092],[72.96111087300005,18.517726955000057],[72.94678795700008,18.532416083000044],[72.92465254000007,18.535630601000037],[72.90723717500003,18.523586330000057],[72.89576256600003,18.50299713700008],[72.89144941500007,18.480902411000045],[72.88965905000003,18.44131094000005],[72.89144941500007,18.429388739000046],[72.89722741000008,18.417303778000075],[72.90430748800003,18.40851471600007],[72.91016686300003,18.399237372000073],[72.91260826900003,18.385646877000056],[72.91163170700008,18.377346096000053],[72.91016686300003,18.37250397300005],[72.90984134200005,18.368068752000056],[72.91260826900003,18.361151434000078],[72.91732832100007,18.356390692000048],[72.92253665500004,18.356634833000044],[72.92790774800005,18.357570705000057],[72.93360436300003,18.35492584800005],[72.95085696700005,18.332953192000048],[72.95875084700003,18.32811107000009],[72.97478274800005,18.32758209800005],[72.96802819100003,18.310614325000074],[72.97738691500007,18.295070705000057],[72.99488366000008,18.283596096000053],[73.01246178500008,18.27920156500005],[73.04297936300003,18.282375393000052],[73.05697675900007,18.280951239000046],[73.07154381600003,18.27301666900007],[73.06527754000007,18.257554429000038],[73.07398522200003,18.22418854400007],[73.07154381600003,18.20408763200004],[73.05746504000007,18.185614325000074],[73.04761803500008,18.188788153000075],[73.04761803500008,18.20115794500009],[73.06348717500003,18.21035390800006],[73.05095462300005,18.227484442000048],[73.03239993600005,18.23786041900007],[73.01246178500008,18.24315013200004],[72.99512780000003,18.245062567000048],[72.98226972700007,18.244208075000074],[72.97673587300005,18.242580471000053],[72.97266686300003,18.244696356000077],[72.96452884200005,18.25495026200008],[72.95923912900008,18.26585521000004],[72.95753014400003,18.274603583000044],[72.95313561300003,18.281317450000074],[72.93995201900003,18.286037502000056],[72.93506920700008,18.276312567000048],[72.93327884200005,18.26658763200004],[72.93482506600003,18.257879950000074],[72.93995201900003,18.251288153000075],[72.93523196700005,18.24477773600006],[72.92693118600005,18.223944403000075],[72.95484459700003,18.21751536700009],[72.96729576900003,18.19599030200004],[72.97608483200008,18.11863841400009],[72.97836347700007,18.111883856000077],[72.98462975400008,18.10419342700004],[72.98812910200007,18.09601471600007],[72.98666425900007,18.087713934000078],[72.98316491000008,18.081732489000046],[72.98096764400003,18.080552476000037],[72.98731530000003,18.066555080000057],[73.00114993600005,18.052069403000075],[73.00879967500003,18.039007880000042],[73.01514733200008,18.04913971600007],[73.02271569100003,18.05768463700008],[73.03199303500008,18.06391022300005],[73.04346764400003,18.066961981000077],[73.04224694100003,18.048976955000057],[73.03248131600003,18.041083075000074],[73.01954186300003,18.03587474200009],[73.00879967500003,18.025946356000077],[73.00521894600007,18.01235586100006],[73.00863691500007,18.00023021000004],[73.01889082100007,17.99249909100007],[73.03541100400008,17.991848049000055],[73.01710045700008,17.97211334800005],[73.01856530000003,17.951727606000077],[73.06519616000008,17.87836334800005],[73.07374108200008,17.857123114000046],[73.07943769600007,17.824611721000053],[73.08545983200008,17.813666083000044],[73.10132897200003,17.79633209800005],[73.10661868600005,17.785549221000053],[73.10987389400003,17.758286851000037],[73.11500084700003,17.748195705000057],[73.12330162900008,17.73578522300005],[73.12322024800005,17.72333405200004],[73.11736087300005,17.71124909100007],[73.10816491000008,17.699774481000077],[73.10547936300003,17.68891022300005],[73.11052493600005,17.675726630000042],[73.11890709700003,17.66347890800006],[73.12614993600005,17.655422268000052],[73.12029056100005,17.64203522300005],[73.12134850400008,17.62641022300005],[73.12818444100003,17.61155833500004],[73.13917076900003,17.600775458000044],[73.15406334700003,17.59560781500005],[73.18588300900007,17.59251536700009],[73.20069420700008,17.586493231000077],[73.16342207100007,17.569484768000052],[73.14942467500003,17.567287502000056],[73.13640384200005,17.567206122000073],[73.12794030000003,17.56468333500004],[73.12598717500003,17.55654531500005],[73.13168379000007,17.53937409100007],[73.16553795700008,17.50340403900009],[73.18067467500003,17.477687893000052],[73.17335045700008,17.457424221000053],[73.18539472700007,17.441880601000037],[73.17709394600007,17.426662502000056],[73.16529381600003,17.413031317000048],[73.16651451900003,17.402167059000078],[73.17058353000004,17.38971588700008],[73.19597415500004,17.36937083500004],[73.20736738400007,17.35374583500004],[73.23471113400007,17.30231354400007],[73.24903405000003,17.284857489000046],[73.23121178500008,17.27928294500009],[73.21713300900007,17.286851304000038],[73.20346113400007,17.29873281500005],[73.18702233200008,17.305975653000075],[73.19312584700003,17.29401276200008],[73.21119225400008,17.275091864000046],[73.21485436300003,17.268744208000044],[73.21802819100003,17.253241278000075],[73.23601321700005,17.22060781500005],[73.23617597700007,17.19920482000009],[73.25513756600003,17.165187893000052],[73.26059004000007,17.150539455000057],[73.26197350400008,17.13495514500005],[73.25513756600003,17.12099844000005],[73.26742597700007,17.101385809000078],[73.27572675900007,17.078599351000037],[73.27735436300003,17.05467357000009],[73.26937910200007,17.031642971000053],[73.25896243600005,17.044094143000052],[73.25147545700008,17.04242584800005],[73.25123131600003,17.032171942000048],[73.26270592500003,17.01854075700004],[73.25456790500004,17.006740627000056],[73.26238040500004,16.996975002000056],[73.28939863400007,16.98383209800005],[73.27491295700008,16.958644924000055],[73.27051842500003,16.945013739000046],[73.26937910200007,16.92918528900009],[73.27906334700003,16.891913153000075],[73.27955162900008,16.887640692000048],[73.26937910200007,16.87563711100006],[73.27466881600003,16.848822333000044],[73.28663170700008,16.820868231000077],[73.29688561300003,16.80565013200004],[73.30372155000003,16.81313711100006],[73.30445397200003,16.793524481000077],[73.29525800900007,16.768052476000037],[73.28956139400003,16.74022044500009],[73.30030358200008,16.71320221600007],[73.31657962300005,16.69989655200004],[73.32162519600007,16.69245026200008],[73.32349694100003,16.67910390800006],[73.32146243600005,16.670843817000048],[73.31251061300003,16.65839264500005],[73.31055748800003,16.65143463700008],[73.31218509200005,16.64472077000005],[73.32349694100003,16.62067291900007],[73.33887780000003,16.631659247000073],[73.35425866000008,16.63467031500005],[73.36646569100003,16.628078518000052],[73.37126712300005,16.610174872000073],[73.36866295700008,16.59902578300006],[73.36304772200003,16.596828518000052],[73.35840905000003,16.603949286000045],[73.35824629000007,16.62067291900007],[73.32699629000007,16.607123114000046],[73.32349694100003,16.60643138200004],[73.31609134200005,16.600043036000045],[73.31462649800005,16.599432684000078],[73.31609134200005,16.59829336100006],[73.31723066500007,16.590277411000045],[73.32276451900003,16.57615794500009],[73.33643639400003,16.565619208000044],[73.35401451900003,16.55963776200008],[73.37126712300005,16.55927155200004],[73.36500084700003,16.554388739000046],[73.35434004000007,16.54315827000005],[73.35084069100003,16.53815338700008],[73.35621178500008,16.53074778900009],[73.36231530000003,16.525458075000074],[73.36947675900007,16.52147044500009],[73.37867272200003,16.51829661700009],[73.35572350400008,16.51943594000005],[73.34400475400008,16.523586330000057],[73.32349694100003,16.544989325000074],[73.32195071700005,16.548488674000055],[73.31495201900003,16.55760325700004],[73.30730228000004,16.56317780200004],[73.30372155000003,16.555568752000056],[73.30298912900008,16.533026434000078],[73.30583743600005,16.522650458000044],[73.31381269600007,16.51829661700009],[73.31918379000007,16.50975169500009],[73.33399498800003,16.46816640800006],[73.34131920700008,16.432074286000045],[73.35206139400003,16.418117580000057],[73.36744225400008,16.408636786000045],[73.38493899800005,16.401597398000092],[73.37305748800003,16.395656643000052],[73.36443118600005,16.38930898600006],[73.35938561300003,16.380601304000038],[73.35824629000007,16.36749909100007],[73.37566165500004,16.360256252000056],[73.37867272200003,16.35691966400009],[73.37777754000007,16.337958075000074],[73.37867272200003,16.33270905200004],[73.40609785200007,16.250799872000073],[73.41041100400008,16.23045482000009],[73.41358483200008,16.223944403000075],[73.41968834700003,16.21670156500005],[73.42595462300005,16.21515534100007],[73.43083743600005,16.21873607000009],[73.43523196700005,16.21784088700008],[73.44019616000008,16.202337958000044],[73.44019616000008,16.16201406500005],[73.44703209700003,16.11359284100007],[73.44800866000008,16.14329661700009],[73.45281009200005,16.166571356000077],[73.46501712300005,16.18227773600006],[73.48796634200005,16.18935781500005],[73.47925866000008,16.17723216400009],[73.47022545700008,16.168890692000048],[73.46338951900003,16.15957265800006],[73.46070397200003,16.144680080000057],[73.46070397200003,16.086330471000053],[73.45753014400003,16.07953522300005],[73.45297285200007,16.074164130000042],[73.44703209700003,16.068915106000077],[73.45036868600005,16.05890534100007],[73.45753014400003,16.05418528900009],[73.46485436300003,16.051662502000056],[73.46810957100007,16.048488674000055],[73.47250410200007,16.036363023000092],[73.48389733200008,16.028225002000056],[73.49927819100003,16.024318752000056],[73.51596113400007,16.02484772300005],[73.51596113400007,16.017401434000078],[73.48731530000003,16.014227606000077],[73.49097741000008,15.993475653000075],[73.51010175900007,15.967596747000073],[73.52898196700005,15.949164130000042],[73.58757571700005,15.902899481000077],[73.60466556100005,15.88084544500009],[73.63884524800005,15.817206122000073],[73.64625084700003,15.792141018000052],[73.64356530000003,15.74909088700008],[73.64625084700003,15.736883856000077],[73.65601647200003,15.730292059000078],[73.67237389400003,15.726507880000042],[73.68987063900005,15.72447337400007],[73.70085696700005,15.723211981000077],[73.68677819100003,15.71312083500004],[73.68588300900007,15.704291083000044],[73.69076582100007,15.693793036000045],[73.69792728000004,15.66282786700009],[73.70704186300003,15.643703518000052],[73.71827233200008,15.627142645000049],[73.72828209700003,15.619574286000045],[73.73324629000007,15.625067450000074],[73.76823978000004,15.646918036000045],[73.77662194100003,15.650864976000037],[73.78386478000004,15.659125067000048],[73.80103600400008,15.661851304000038],[73.83814537900008,15.66111888200004],[73.83814537900008,15.65428294500009],[73.78736412900008,15.641791083000044],[73.76042728000004,15.632025458000044],[73.74870853000004,15.616766669000071],[73.74659264400003,15.60838450700004],[73.74170983200008,15.604193427000041],[73.73707116000008,15.598537502000056],[73.73511803500008,15.586004950000074],[73.73682701900003,15.57172272300005],[73.74122155000003,15.559963283000059],[73.75611412900008,15.537583726000037],[73.75123131600003,15.51312897300005],[73.76628665500004,15.497259833000044],[73.78638756600003,15.49217357000009],[73.79639733200008,15.500392971000053],[73.86597741000008,15.537583726000037],[73.86597741000008,15.531398830000057],[73.86052493600005,15.525864976000037],[73.85954837300005,15.521144924000055],[73.86312910200007,15.51634349200009],[73.87224368600005,15.510931708000044],[73.82813561300003,15.50141022300005],[73.81755618600005,15.496649481000077],[73.80884850400008,15.488023179000038],[73.80046634200005,15.475002346000053],[73.79517662900008,15.460760809000078],[73.79639733200008,15.448879299000055],[73.80616295700008,15.45221588700008],[73.84156334700003,15.448879299000055],[73.84685306100005,15.447088934000078],[73.85417728000004,15.438299872000073],[73.85857181100005,15.435207424000055],[73.86508222700007,15.43431224200009],[73.87916100400008,15.43577708500004],[73.88591556100005,15.435207424000055],[73.92758222700007,15.417385158000059],[73.93702233200008,15.411322333000044],[73.95997155000003,15.380682684000078],[73.96778405000003,15.37376536700009],[73.96420332100007,15.37018463700008],[73.96168053500008,15.36823151200008],[73.95850670700008,15.36717357000009],[73.95411217500003,15.36627838700008],[73.94532311300003,15.385687567000048],[73.93336022200003,15.395412502000056],[73.89958743600005,15.407904364000046],[73.88493899800005,15.398016669000071],[73.87191816500007,15.401841539000088],[73.86011803500008,15.407863674000055],[73.84839928500008,15.404486395000049],[73.83936608200008,15.404038804000038],[73.78288821700005,15.407904364000046],[73.81039472700007,15.37759023600006],[73.82740319100003,15.365179755000042],[73.84839928500008,15.36009349200009],[73.86947675900007,15.359564520000049],[73.88257897200003,15.355292059000078],[73.89128665500004,15.34320709800005],[73.94727623800003,15.160834052000041],[73.95411217500003,15.16828034100007],[73.96216881600003,15.152044989000046],[73.95826256600003,15.143133856000077],[73.93702233200008,15.130438544000071],[73.92896569100003,15.120591539000088],[73.92253665500004,15.107855536000045],[73.91309655000003,15.078924872000073],[73.96436608200008,15.064642645000049],[73.97299238400007,15.05687083500004],[73.99577884200005,15.010687567000048],[74.00684655000003,15.00486888200004],[74.02019290500004,15.001776434000078],[74.03126061300003,14.995306708000044],[74.03598066500007,14.979641018000052],[74.03101647200003,14.949774481000077],[74.03028405000003,14.935207424000055],[74.03598066500007,14.921291408000059],[74.07715905000003,14.898382880000042],[74.08106530000003,14.89398834800005],[74.09115644600007,14.887600002000056],[74.10303795700008,14.856919664000088],[74.11182701900003,14.846177476000037],[74.12501061300003,14.845851955000057],[74.14087975400008,14.852687893000052],[74.15406334700003,14.862127997000073],[74.15951582100007,14.86977773600006],[74.16618899800005,14.876532294000071],[74.19752037900008,14.89085521000004],[74.20801842500003,14.900824286000045],[74.21119225400008,14.88735586100006],[74.22087649800005,14.882066148000092],[74.23072350400008,14.880113023000092],[74.23519941500007,14.876532294000071],[74.23308353000004,14.864569403000075],[74.22689863400007,14.86273834800005],[74.21810957100007,14.865383205000057],[74.20801842500003,14.86664459800005],[74.19068444100003,14.863104559000078],[74.17896569100003,14.856268622000073],[74.16968834700003,14.84446849200009],[74.15951582100007,14.825669664000088],[74.15154056100005,14.835109768000052],[74.14047285200007,14.838771877000056],[74.12875410200007,14.837469794000071],[74.11866295700008,14.831854559000078],[74.11426842500003,14.82094961100006],[74.11402428500008,14.808417059000078],[74.10914147200003,14.80263906500005],[74.09131920700008,14.811428127000056],[74.09644616000008,14.793361721000053],[74.11133873800003,14.78034088700008],[74.14584394600007,14.763617255000042],[74.14649498800003,14.761867580000057],[74.15333092500003,14.749945380000042],[74.15772545700008,14.748968817000048],[74.16944420700008,14.750881252000056],[74.17383873800003,14.749945380000042],[74.18067467500003,14.74217357000009],[74.19434655000003,14.71580638200004],[74.20875084700003,14.731838283000059],[74.22046959700003,14.738104559000078],[74.23406009200005,14.734076239000046],[74.25294030000003,14.718939520000049],[74.26319420700008,14.701605536000045],[74.26921634200005,14.65892161700009],[74.27621504000007,14.64008209800005],[74.26685631600003,14.631293036000045],[74.26807701900003,14.619940497000073],[74.27588951900003,14.610174872000073],[74.28711998800003,14.605943101000037],[74.30111738400007,14.609320380000042],[74.31226647200003,14.61546458500004],[74.32390384200005,14.61859772300005],[74.33904056100005,14.612779039000088],[74.33904056100005,14.605943101000037],[74.30738366000008,14.60187409100007],[74.29517662900008,14.587307033000059],[74.29590905000003,14.565008856000077],[74.30355879000007,14.537665106000077],[74.30054772200003,14.527411200000074],[74.30982506600003,14.51943594000005],[74.32488040500004,14.517238674000055],[74.33904056100005,14.523993231000077],[74.34294681100005,14.536851304000038],[74.34099368600005,14.551174221000053],[74.34294681100005,14.563666083000044],[74.35873457100007,14.571234442000048],[74.35580488400007,14.56240469000005],[74.35547936300003,14.557074286000045],[74.35873457100007,14.544582424000055],[74.36410566500007,14.54913971600007],[74.36833743600005,14.549709377000056],[74.37924238400007,14.544582424000055],[74.37712649800005,14.54100169500009],[74.37468509200005,14.533758856000077],[74.37240644600007,14.530218817000048],[74.38542728000004,14.524115302000041],[74.42774498800003,14.476263739000046],[74.40113366000008,14.479722398000092],[74.39763431100005,14.475409247000073],[74.40723717500003,14.46198151200008],[74.38884524800005,14.462713934000078],[74.37745201900003,14.48460521000004],[74.36703535200007,14.51235586100006],[74.35189863400007,14.530218817000048],[74.35385175900007,14.505072333000044],[74.37427819100003,14.467271226000037],[74.38160241000008,14.431219794000071],[74.38672936300003,14.424221096000053],[74.39185631600003,14.41901276200008],[74.39421634200005,14.41079336100006],[74.39437910200007,14.384914455000057],[74.39698326900003,14.372748114000046],[74.40357506600003,14.362982489000046],[74.41260826900003,14.34479401200008],[74.41537519600007,14.30109284100007],[74.42774498800003,14.28384023600006],[74.43637129000007,14.279689846000053],[74.50001061300003,14.257961330000057],[74.50896243600005,14.25031159100007],[74.49496504000007,14.247463283000059],[74.47103925900007,14.24868398600006],[74.44703209700003,14.253973700000074],[74.43336022200003,14.263373114000046],[74.42904707100007,14.240423895000049],[74.43873131600003,14.220119533000059],[74.46745853000004,14.181382554000038],[74.47315514400003,14.161688544000071],[74.47486412900008,14.10569896000004],[74.47917728000004,14.095648505000042],[74.49138431100005,14.080633856000077],[74.49537194100003,14.071519273000092],[74.49626712300005,14.06150950700004],[74.49480228000004,14.040716864000046],[74.49537194100003,14.030585028000075],[74.50473066500007,14.010239976000037],[74.53638756600003,13.969875393000052],[74.55079186300003,13.945502020000049],[74.58399498800003,13.903876044000071],[74.59595787900008,13.871486721000053],[74.61459394600007,13.835516669000071],[74.62305748800003,13.77415599200009],[74.64698326900003,13.692084052000041],[74.66049238400007,13.66006094000005],[74.67603600400008,13.70107656500005],[74.68775475400008,13.711818752000056],[74.70142662900008,13.69476959800005],[74.68897545700008,13.69086334800005],[74.68832441500007,13.685939846000053],[74.70142662900008,13.67373281500005],[74.71290123800003,13.656195380000042],[74.72055097700007,13.652289130000042],[74.73560631600003,13.653794664000088],[74.72380618600005,13.64557526200008],[74.70997155000003,13.640570380000042],[74.69678795700008,13.640448309000078],[74.68718509200005,13.646958726000037],[74.68091881600003,13.646958726000037],[74.67969811300003,13.636460679000038],[74.67709394600007,13.63031647300005],[74.67286217500003,13.62889232000009],[74.66667728000004,13.632757880000042],[74.66716556100005,13.628607489000046],[74.66797936300003,13.625148830000057],[74.66993248800003,13.622015692000048],[74.67351321700005,13.619086005000042],[74.67139733200008,13.603949286000045],[74.67798912900008,13.54913971600007],[74.67709394600007,13.526760158000059],[74.70142662900008,13.461371161000045],[74.70240319100003,13.442613023000092],[74.70191491000008,13.420355536000045],[74.70826256600003,13.413031317000048],[74.69369550900007,13.415269273000092],[74.69076582100007,13.439113674000055],[74.68091881600003,13.468247789000088],[74.68336022200003,13.44281647300005],[74.68751061300003,13.410345770000049],[74.69459069100003,13.393133856000077],[74.68946373800003,13.38157786700009],[74.69613691500007,13.36595286700009],[74.70720462300005,13.34837474200009],[74.71509850400008,13.33104075700004],[74.73340905000003,13.26276276200008],[74.73780358200008,13.221380927000041],[74.74878991000008,13.170843817000048],[74.75294030000003,13.16038646000004],[74.75977623800003,13.155218817000048],[74.76189212300005,13.143133856000077],[74.76295006600003,13.118801174000055],[74.76921634200005,13.099554755000042],[74.77409915500004,13.093410549000055],[74.78337649800005,13.084662177000041],[74.77027428500008,13.052435614000046],[74.81755618600005,12.861761786000045],[74.85059655000003,12.857163804000038],[74.89478600400008,12.871161200000074],[74.94092858200008,12.878607489000046],[74.93287194100003,12.866441148000092],[74.91749108200008,12.85814036700009],[74.90113366000008,12.85342031500005],[74.88982181100005,12.85187409100007],[74.88111412900008,12.848049221000053],[74.86695397200003,12.830023505000042],[74.85914147200003,12.824611721000053],[74.85141035200007,12.825506903000075],[74.82496178500008,12.83820221600007],[74.82764733200008,12.824652411000045],[74.83497155000003,12.815822658000059],[74.84400475400008,12.808010158000059],[74.85230553500008,12.797308661000045],[74.85474694100003,12.78701406500005],[74.85425866000008,12.765285549000055],[74.85572350400008,12.759426174000055],[74.87012780000003,12.742865302000041],[74.87964928500008,12.725490627000056],[74.95525149800005,12.537258205000057],[74.97673587300005,12.507025458000044],[74.98536217500003,12.491359768000052],[74.98878014400003,12.471380927000041],[74.99203535200007,12.461737372000073],[74.99935957100007,12.454901434000078],[75.00660241000008,12.44944896000004],[75.00993899800005,12.443793036000045],[75.01099694100003,12.43577708500004],[75.01840254000007,12.414740302000041],[75.08285566500007,12.305894273000092],[75.09864342500003,12.269029039000088],[75.10474694100003,12.24607982000009],[75.10613040500004,12.233710028000075],[75.10547936300003,12.221258856000077],[75.11394290500004,12.230169989000046],[75.11963951900003,12.23899974200009],[75.12671959700003,12.245835679000038],[75.13965905000003,12.248602606000077],[75.13965905000003,12.241766669000071],[75.13086998800003,12.207831122000073],[75.14380944100003,12.161322333000044],[75.18051191500007,12.077297268000052],[75.18628991000008,12.041571356000077],[75.19369550900007,12.022284247000073],[75.20850670700008,12.008368231000077],[75.20704186300003,12.01203034100007],[75.21062259200005,12.016994533000059],[75.21648196700005,12.021063544000071],[75.22217858200008,12.022040106000077],[75.22445722700007,12.019354559000078],[75.22820071700005,12.01508209800005],[75.23324629000007,12.01048411700009],[75.23926842500003,12.008368231000077],[75.24561608200008,12.00291575700004],[75.27670332100007,11.96743398600006],[75.26050866000008,11.997788804000038],[75.26433353000004,12.013332424000055],[75.30420983200008,12.043158270000049],[75.30559329500005,12.041774807000081],[75.32496178500008,12.022650458000044],[75.32976321700005,12.012640692000048],[75.31470787900008,12.008368231000077],[75.28109785200007,12.010646877000056],[75.27881920700008,12.003241278000075],[75.29037519600007,11.98110586100006],[75.30225670700008,11.966050523000092],[75.31609134200005,11.955633856000077],[75.33171634200005,11.94953034100007],[75.34913170700008,11.94757721600007],[75.36133873800003,11.951239325000074],[75.38021894600007,11.968695380000042],[75.39340254000007,11.97483958500004],[75.38599694100003,11.958319403000075],[75.38282311300003,11.945502020000049],[75.38656660200007,11.935126044000071],[75.40023847700007,11.926459052000041],[75.40023847700007,11.92023346600007],[75.32650800900007,11.93585846600007],[75.30762780000003,11.932196356000077],[75.32455488400007,11.899115302000041],[75.34937584700003,11.871975002000056],[75.35254967500003,11.86155833500004],[75.35580488400007,11.85765208500004],[75.37256920700008,11.864732164000088],[75.37973066500007,11.864976304000038],[75.50611412900008,11.727240302000041],[75.53077233200008,11.69367096600007],[75.58529707100007,11.563381252000056],[75.58187910200007,11.54979075700004],[75.60084069100003,11.523382880000042],[75.60629316500007,11.50531647300005],[75.60889733200008,11.484930731000077],[75.61654707100007,11.47361888200004],[75.63013756600003,11.46873607000009],[75.65015709700003,11.46775950700004],[75.66480553500008,11.462632554000038],[75.67709394600007,11.450100002000056],[75.69516035200007,11.419989325000074],[75.71119225400008,11.381781317000048],[75.72217858200008,11.36749909100007],[75.73552493600005,11.371527411000045],[75.74244225400008,11.358710028000075],[75.73951256600003,11.350734768000052],[75.72925866000008,11.34365469000005],[75.73080488400007,11.331732489000046],[75.73365319100003,11.32518138200004],[75.73780358200008,11.319484768000052],[75.74293053500008,11.310126044000071],[75.83277428500008,11.097845770000049],[75.88013756600003,10.93268463700008],[75.89454186300003,10.849758205000057],[75.91114342500003,10.80923086100006],[75.94157962300005,10.796210028000075],[75.93653405000003,10.790716864000046],[75.92408287900008,10.78070709800005],[75.92107181100005,10.77570221600007],[75.92204837300005,10.765570380000042],[75.92693118600005,10.75771719000005],[75.93213951900003,10.75096263200004],[75.93474368600005,10.744330145000049],[75.93913821700005,10.726060289000088],[75.99968509200005,10.605536200000074],[76.00806725400008,10.567084052000041],[76.01872806100005,10.553412177000041],[76.04460696700005,10.52928294500009],[76.05241946700005,10.51398346600007],[76.06332441500007,10.47016022300005],[76.06511478000004,10.44985586100006],[76.07007897200003,10.432806708000044],[76.10613040500004,10.38467031500005],[76.12061608200008,10.343573309000078],[76.13819420700008,10.261053778000075],[76.15316816500007,10.22016022300005],[76.16049238400007,10.206244208000044],[76.17058353000004,10.193752346000053],[76.18409264400003,10.18935781500005],[76.20167076900003,10.199693101000037],[76.20948326900003,10.216009833000044],[76.20785566500007,10.234564520000049],[76.19483483200008,10.26862213700008],[76.20630944100003,10.262884833000044],[76.21338951900003,10.253241278000075],[76.22282962300005,10.234442450000074],[76.22779381600003,10.23427969000005],[76.23438561300003,10.237941799000055],[76.24024498800003,10.238959052000041],[76.24268639400003,10.231024481000077],[76.24170983200008,10.223944403000075],[76.23731530000003,10.216986395000049],[76.23633873800003,10.210272528000075],[76.22413170700008,10.196926174000055],[76.17750084700003,10.17064036700009],[76.17774498800003,10.15534088700008],[76.18458092500003,10.144924221000053],[76.18490644600007,10.13580963700008],[76.18116295700008,10.121161200000074],[76.18238366000008,10.105658270000049],[76.21461022200003,10.02448151200008],[76.22820071700005,9.999945380000042],[76.24268639400003,9.987453518000052],[76.23503665500004,10.005072333000044],[76.23096764400003,10.025824286000045],[76.22901451900003,10.065904039000088],[76.22348066500007,10.082098700000074],[76.21355228000004,10.098822333000044],[76.20753014400003,10.117132880000042],[76.21534264400003,10.138251044000071],[76.22291100400008,10.117621161000045],[76.22771243600005,10.109564520000049],[76.23633873800003,10.103461005000042],[76.24512780000003,10.10219961100006],[76.25505618600005,10.047674872000073],[76.27393639400003,10.035834052000041],[76.26929772200003,10.01626211100006],[76.27816816500007,9.977932033000059],[76.29428144600007,9.951320705000057],[76.31153405000003,9.966945705000057],[76.32081139400003,9.953314520000049],[76.35922285200007,9.915432033000059],[76.36378014400003,9.899237372000073],[76.38559004000007,9.861517645000049],[76.39405358200008,9.84284088700008],[76.39649498800003,9.822658596000053],[76.39128665500004,9.812201239000046],[76.38404381600003,9.80263906500005],[76.38038170700008,9.785101630000042],[76.38209069100003,9.774725653000075],[76.39079837300005,9.756984768000052],[76.39405358200008,9.747219143000052],[76.39478600400008,9.735174872000073],[76.39210045700008,9.716945705000057],[76.39405358200008,9.706244208000044],[76.40259850400008,9.710598049000055],[76.41000410200007,9.70026276200008],[76.41456139400003,9.68268463700008],[76.41504967500003,9.63617584800005],[76.41960696700005,9.614488023000092],[76.41968834700003,9.594183661000045],[76.40699303500008,9.56907786700009],[76.41724694100003,9.561428127000056],[76.42823326900003,9.55540599200009],[76.44849694100003,9.563421942000048],[76.46656334700003,9.556382554000038],[76.48438561300003,9.543768622000073],[76.50326582100007,9.534979559000078],[76.47706139400003,9.503729559000078],[76.45899498800003,9.497300523000092],[76.43506920700008,9.507635809000078],[76.42579186300003,9.505275783000059],[76.37671959700003,9.514471747000073],[76.35743248800003,9.520697333000044],[76.35328209700003,9.535345770000049],[76.37289472700007,9.624335028000075],[76.37916100400008,9.63776276200008],[76.38656660200007,9.64984772300005],[76.39242597700007,9.66282786700009],[76.39405358200008,9.678941148000092],[76.37712649800005,9.695502020000049],[76.36801191500007,9.71556224200009],[76.35922285200007,9.76829661700009],[76.35865319100003,9.781805731000077],[76.36109459700003,9.803859768000052],[76.35922285200007,9.816107489000046],[76.35303795700008,9.829820054000038],[76.33741295700008,9.85618724200009],[76.33269290500004,9.870754299000055],[76.32007897200003,9.86163971600007],[76.32398522200003,9.846177476000037],[76.34620201900003,9.816107489000046],[76.33757571700005,9.789252020000049],[76.34734134200005,9.72687409100007],[76.34620201900003,9.699408270000049],[76.33887780000003,9.699408270000049],[76.31381269600007,9.86131419500009],[76.30860436300003,9.87962474200009],[76.29712975400008,9.870754299000055],[76.30469811300003,9.856268622000073],[76.29997806100005,9.847805080000057],[76.28980553500008,9.843817450000074],[76.28077233200008,9.84284088700008],[76.28443444100003,9.848211981000077],[76.28825931100005,9.86123281500005],[76.28907311300003,9.877142645000049],[76.28419030000003,9.891180731000077],[76.27857506600003,9.876898505000042],[76.27735436300003,9.870754299000055],[76.26685631600003,9.87604401200008],[76.26059004000007,9.884711005000042],[76.25766035200007,9.895819403000075],[76.25684655000003,9.908596096000053],[76.26221764400003,9.91156647300005],[76.28565514400003,9.904364325000074],[76.29102623800003,9.908596096000053],[76.28467858200008,9.928534247000073],[76.26954186300003,9.950995184000078],[76.25147545700008,9.96312083500004],[76.23633873800003,9.952704169000071],[76.24024498800003,9.939398505000042],[76.24675540500004,9.893744208000044],[76.25318444100003,9.883734442000048],[76.27735436300003,9.809271552000041],[76.29712975400008,9.65843333500004],[76.29102623800003,9.633205471000053],[76.31177819100003,9.492987372000073],[76.36296634200005,9.32518138200004],[76.44255618600005,9.14516836100006],[76.44874108200008,9.14516836100006],[76.44678795700008,9.15961334800005],[76.41602623800003,9.23631419500009],[76.41456139400003,9.246975002000056],[76.42823326900003,9.245347398000092],[76.44336998800003,9.212144273000092],[76.46241295700008,9.15135325700004],[76.46908613400007,9.15135325700004],[76.47095787900008,9.16014232000009],[76.47331790500004,9.164252020000049],[76.48275800900007,9.171820380000042],[76.47624759200005,9.131252346000053],[76.47657311300003,9.116603908000059],[76.46908613400007,9.116603908000059],[76.46827233200008,9.124579169000071],[76.46664472700007,9.128973700000074],[76.46452884200005,9.132513739000046],[76.46241295700008,9.138332424000055],[76.46045983200008,9.114935614000046],[76.48926842500003,9.055568752000056],[76.50017337300005,9.022284247000073],[76.51384524800005,9.002142645000049],[76.51685631600003,8.990627346000053],[76.51791425900007,8.977443752000056],[76.52149498800003,8.961330471000053],[76.52808678500008,8.946966864000046],[76.53809655000003,8.939113674000055],[76.53443444100003,8.957831122000073],[76.53882897200003,8.972601630000042],[76.54965254000007,8.984442450000074],[76.56544030000003,8.994330145000049],[76.56153405000003,8.978989976000037],[76.55811608200008,8.973049221000053],[76.55111738400007,8.966376044000071],[76.55860436300003,8.952093817000048],[76.56592858200008,8.963283596000053],[76.57683353000004,8.99412669500009],[76.58277428500008,9.000555731000077],[76.60645592500003,8.989406643000052],[76.62061608200008,8.987127997000073],[76.62671959700003,8.997463283000059],[76.63209069100003,9.002346096000053],[76.64405358200008,9.007879950000074],[76.65788821700005,9.010687567000048],[76.66846764400003,9.007391669000071],[76.66846764400003,8.999823309000078],[76.65650475400008,8.995062567000048],[76.64193769600007,8.991359768000052],[76.63428795700008,8.986883856000077],[76.64039147200003,8.984442450000074],[76.65211022200003,8.97728099200009],[76.66081790500004,8.969875393000052],[76.65756269600007,8.966376044000071],[76.60328209700003,8.973211981000077],[76.59327233200008,8.96820709800005],[76.58228600400008,8.956366278000075],[76.57398522200003,8.942572333000044],[76.57227623800003,8.93162669500009],[76.58155358200008,8.91990794500009],[76.59376061300003,8.921047268000052],[76.60726972700007,8.92576732000009],[76.62061608200008,8.925441799000055],[76.60987389400003,8.91795482000009],[76.59115644600007,8.908148505000042],[76.57325280000003,8.904445705000057],[76.55909264400003,8.92523834800005],[76.54810631600003,8.924221096000053],[76.54395592500003,8.912502346000053],[76.55860436300003,8.890692450000074],[76.64454186300003,8.81899648600006],[76.66032962300005,8.799750067000048],[76.69564863400007,8.739813544000071],[76.73129316500007,8.707953192000048],[76.74170983200008,8.684515692000048],[76.81373131600003,8.601263739000046],[76.82650800900007,8.569810289000088],[76.88013756600003,8.520697333000044],[76.96257571700005,8.404689846000053],[76.99586022200003,8.368109442000048],[77.11036217500003,8.285183010000083],[77.12875410200007,8.27179596600007],[77.22527103000004,8.184393622000073],[77.23894290500004,8.175116278000075],[77.26295006600003,8.168402411000045],[77.28679446700005,8.153509833000044],[77.29468834700003,8.147040106000077],[77.30860436300003,8.130926825000074],[77.31560306100005,8.127752997000073],[77.44971764400003,8.087469794000071],[77.51091556100005,8.075995184000078],[77.56527754000007,8.082505601000037],[77.56104576900003,8.114569403000075],[77.59522545700008,8.13898346600007],[77.64380944100003,8.15570709800005],[77.75245201900003,8.17381419500009],[77.76832116000008,8.18154531500005],[77.79346764400003,8.215318101000037],[77.80616295700008,8.228664455000057],[77.99976647200003,8.344916083000044],[78.03882897200003,8.360907294000071],[78.05591881600003,8.363714911000045],[78.06275475400008,8.373195705000057],[78.07984459700003,8.43195221600007],[78.08716881600003,8.44049713700008],[78.11459394600007,8.466131903000075],[78.12330162900008,8.47752513200004],[78.12826582100007,8.488023179000038],[78.14234459700003,8.593085028000075],[78.13550866000008,8.625799872000073],[78.11459394600007,8.657904364000046],[78.14258873800003,8.657904364000046],[78.13672936300003,8.669867255000042],[78.14047285200007,8.680609442000048],[78.15495853000004,8.698879299000055],[78.16480553500008,8.726507880000042],[78.16920006600003,8.733628648000092],[78.18653405000003,8.744940497000073],[78.20460045700008,8.753322658000059],[78.21517988400007,8.765448309000078],[78.21021569100003,8.788275458000044],[78.20045006600003,8.769680080000057],[78.18873131600003,8.765448309000078],[78.17579186300003,8.76390208500004],[78.16236412900008,8.753485419000071],[78.17042076900003,8.771877346000053],[78.17448978000004,8.794419664000088],[78.17790774800005,8.861070054000038],[78.18279056100005,8.877101955000057],[78.21762129000007,8.938950914000088],[78.23975670700008,8.96556224200009],[78.37745201900003,9.077460028000075],[78.41211998800003,9.09983958500004],[78.44988040500004,9.116603908000059],[78.48585045700008,9.124823309000078],[78.61882571700005,9.14052969000005],[78.63477623800003,9.144598700000074],[78.64893639400003,9.15143463700008],[78.65512129000007,9.16156647300005],[78.66130618600005,9.17719147300005],[78.67628014400003,9.184149481000077],[78.72779381600003,9.187445380000042],[78.74073326900003,9.19281647300005],[78.75196373800003,9.200588283000059],[78.76156660200007,9.20970286700009],[78.77711022200003,9.21938711100006],[78.81519616000008,9.22842031500005],[78.84376061300003,9.243963934000078],[78.86101321700005,9.248968817000048],[78.89551842500003,9.25381094000005],[78.90447024800005,9.253566799000055],[78.91130618600005,9.252142645000049],[78.91846764400003,9.251613674000055],[78.92896569100003,9.25381094000005],[78.94898522200003,9.27049388200004],[78.95679772200003,9.27484772300005],[78.98894290500004,9.278265692000048],[79.02572675900007,9.27374909100007],[79.06080162900008,9.264593817000048],[79.08716881600003,9.25381094000005],[79.09864342500003,9.257228908000059],[79.12940514400003,9.256333726000037],[79.16537519600007,9.274237372000073],[79.18409264400003,9.27179596600007],[79.20101972700007,9.266506252000056],[79.21697024800005,9.267401434000078],[79.23243248800003,9.257879950000074],[79.29273522200003,9.25031159100007],[79.36101321700005,9.213446356000077],[79.42400149800005,9.159084377000056],[79.44027754000007,9.15135325700004],[79.45362389400003,9.159002997000073],[79.43824303500008,9.176336981000077],[79.36793053500008,9.22760651200008],[79.35352623800003,9.240912177000041],[79.34734134200005,9.25031159100007],[79.34522545700008,9.255926825000074],[79.34058678500008,9.260931708000044],[79.33570397200003,9.267645575000074],[79.33366946700005,9.278265692000048],[79.33668053500008,9.29047272300005],[79.34253991000008,9.299017645000049],[79.34571373800003,9.30654531500005],[79.34107506600003,9.31586334800005],[79.32007897200003,9.32330963700008],[79.29712975400008,9.312648830000057],[79.27377363400007,9.296698309000078],[79.25171959700003,9.28851959800005],[79.11557050900007,9.29124583500004],[79.07471764400003,9.29987213700008],[79.03988691500007,9.31468333500004],[78.95972741000008,9.384955145000049],[78.93344160200007,9.416449286000045],[78.91529381600003,9.45302969000005],[78.91325931100005,9.474269924000055],[78.92530358200008,9.513617255000042],[78.93148847700007,9.561672268000052],[78.93832441500007,9.583685614000046],[78.94752037900008,9.602850653000075],[78.95679772200003,9.61749909100007],[78.96208743600005,9.622707424000055],[78.97282962300005,9.631293036000045],[78.97730553500008,9.637925523000092],[78.98023522200003,9.649115302000041],[78.97982832100007,9.658636786000045],[78.98080488400007,9.667181708000044],[79.03882897200003,9.747219143000052],[79.07781009200005,9.782171942000048],[79.09408613400007,9.802313544000071],[79.10084069100003,9.82607656500005],[79.10352623800003,9.830145575000074],[79.12134850400008,9.85024648600006],[79.14185631600003,9.891180731000077],[79.20036868600005,9.970282294000071],[79.24073326900003,10.010565497000073],[79.27906334700003,10.035834052000041],[79.25416100400008,10.054266669000071],[79.24431399800005,10.08494700700004],[79.23747806100005,10.151922919000071],[79.23633873800003,10.166571356000077],[79.24000084700003,10.179754950000074],[79.24830162900008,10.189195054000038],[79.26197350400008,10.192857164000088],[79.26921634200005,10.197821356000077],[79.27068118600005,10.209540106000077],[79.27027428500008,10.223334052000041],[79.27222741000008,10.234442450000074],[79.28614342500003,10.252834377000056],[79.30494225400008,10.268133856000077],[79.36378014400003,10.301906643000052],[79.38550866000008,10.320135809000078],[79.39812259200005,10.324652411000045],[79.41195722700007,10.320990302000041],[79.43726647200003,10.30955638200004],[79.45972741000008,10.308294989000046],[79.51148522200003,10.316595770000049],[79.53223717500003,10.323187567000048],[79.53223717500003,10.330023505000042],[79.52857506600003,10.338324286000045],[79.56771894600007,10.335882880000042],[79.58692467500003,10.343695380000042],[79.60710696700005,10.336004950000074],[79.60401451900003,10.32908763200004],[79.57390384200005,10.316961981000077],[79.56519616000008,10.315741278000075],[79.55689537900008,10.316066799000055],[79.55176842500003,10.313299872000073],[79.55274498800003,10.30272044500009],[79.55665123800003,10.298651434000078],[79.56348717500003,10.29710521000004],[79.58008873800003,10.29588450700004],[79.75977623800003,10.258246161000045],[79.77247155000003,10.26170482000009],[79.77369225400008,10.27366771000004],[79.75896243600005,10.28221263200004],[79.73080488400007,10.28904857000009],[79.70362389400003,10.28904857000009],[79.69467207100007,10.29165273600006],[79.68458092500003,10.29873281500005],[79.67628014400003,10.30272044500009],[79.66179446700005,10.307074286000045],[79.64649498800003,10.30963776200008],[79.63038170700008,10.310492255000042],[79.61410566500007,10.30955638200004],[79.62126712300005,10.324164130000042],[79.63314863400007,10.328599351000037],[79.75709069100003,10.309068101000037],[79.78003991000008,10.296616929000038],[79.77857506600003,10.27537669500009],[79.79509524800005,10.269232489000046],[79.81462649800005,10.272406317000048],[79.83432050900007,10.27875397300005],[79.85132897200003,10.28221263200004],[79.85670006600003,10.29328034100007],[79.86378014400003,10.378729559000078],[79.85962975400008,10.551459052000041],[79.85027103000004,10.59210846600007],[79.84986412900008,10.755194403000075],[79.84734134200005,10.80963776200008],[79.84066816500007,10.950140692000048],[79.84669030000003,10.979844468000067],[79.85222415500004,11.006984768000052],[79.85531660200007,11.159857489000046],[79.83497155000003,11.263861395000049],[79.83301842500003,11.341986395000049],[79.82992597700007,11.346096096000053],[79.82374108200008,11.34666575700004],[79.79688561300003,11.359035549000055],[79.77637780000003,11.362982489000046],[79.75928795700008,11.358343817000048],[79.75196373800003,11.340521552000041],[79.74203535200007,11.335598049000055],[79.69629967500003,11.303412177000041],[79.68311608200008,11.296454169000071],[79.67628014400003,11.296454169000071],[79.68433678500008,11.312201239000046],[79.74040774800005,11.366441148000092],[79.74984785200007,11.37368398600006],[79.75879967500003,11.37836334800005],[79.76929772200003,11.380926825000074],[79.77605228000004,11.380357164000088],[79.78272545700008,11.37889232000009],[79.81031334700003,11.37889232000009],[79.81934655000003,11.38149648600006],[79.82195071700005,11.391058661000045],[79.81666100400008,11.443060614000046],[79.80933678500008,11.451361395000049],[79.79297936300003,11.453517971000053],[79.79761803500008,11.44830963700008],[79.79916425900007,11.442206122000073],[79.79737389400003,11.434881903000075],[79.79297936300003,11.426174221000053],[79.78598066500007,11.426174221000053],[79.78077233200008,11.46507396000004],[79.75733483200008,11.536078192000048],[79.75196373800003,11.576971747000073],[79.75416100400008,11.596991278000075],[79.76343834700003,11.634263414000088],[79.76710045700008,11.673651434000078],[79.78589928500008,11.769191799000055],[79.79273522200003,11.78807200700004],[79.80323326900003,11.796087958000044],[79.82032311300003,11.878648179000038],[79.84498131600003,11.933254299000055],[79.84953860800005,11.95506419500009],[79.85035241000008,11.959133205000057],[79.85962975400008,11.972723700000074],[79.86182701900003,11.97797272300005],[79.86052493600005,12.011542059000078],[79.86182701900003,12.022040106000077],[79.87012780000003,12.03742096600007],[79.89698326900003,12.068752346000053],[79.92750084700003,12.12986888200004],[79.93360436300003,12.138739325000074],[79.94760175900007,12.153631903000075],[80.00513756600003,12.241766669000071],[79.97380618600005,12.222398179000038],[79.95313561300003,12.213568427000041],[79.94385826900003,12.21784088700008],[79.95215905000003,12.22992584800005],[80.00513756600003,12.256048895000049],[80.02572675900007,12.276516018000052],[80.05746504000007,12.331244208000044],[80.05982506600003,12.33421458500004],[80.06373131600003,12.337469794000071],[80.08716881600003,12.35101959800005],[80.09595787900008,12.362250067000048],[80.11703535200007,12.400946356000077],[80.12126712300005,12.416815497000073],[80.15601647200003,12.47451406500005],[80.17969811300003,12.532619533000059],[80.18336022200003,12.546820380000042],[80.18506920700008,12.56712474200009],[80.19646243600005,12.613714911000045],[80.20386803500008,12.632147528000075],[80.22217858200008,12.659979559000078],[80.22868899800005,12.674994208000044],[80.23365319100003,12.711004950000074],[80.25171959700003,12.762518622000073],[80.26319420700008,12.835353908000059],[80.26905358200008,12.95726146000004],[80.28272545700008,13.029364325000074],[80.28581790500004,13.067572333000044],[80.28972415500004,13.076727606000077],[80.30795332100007,13.09601471600007],[80.31373131600003,13.10578034100007],[80.30713951900003,13.135646877000056],[80.30689537900008,13.146063544000071],[80.31381269600007,13.16429271000004],[80.32422936300003,13.180365302000041],[80.33277428500008,13.198146877000056],[80.33415774800005,13.221177476000037],[80.31820722700007,13.216986395000049],[80.31373131600003,13.215033270000049],[80.31804446700005,13.230902411000045],[80.31983483200008,13.249172268000052],[80.32374108200008,13.246893622000073],[80.33415774800005,13.24290599200009],[80.33627363400007,13.27094147300005],[80.34555097700007,13.321234442000048],[80.34782962300005,13.34906647300005],[80.34400475400008,13.375433661000045],[80.33399498800003,13.413031317000048],[80.32699629000007,13.430365302000041],[80.31373131600003,13.427232164000088],[80.31226647200003,13.423163153000075],[80.30689537900008,13.413031317000048],[80.29314212300005,13.42914459800005],[80.27475019600007,13.440008856000077],[80.26238040500004,13.451239325000074],[80.26587975400008,13.468247789000088],[80.26018313900005,13.468451239000046],[80.25342858200008,13.46865469000005],[80.24341881600003,13.472154039000088],[80.23511803500008,13.478094794000071],[80.22771243600005,13.485581773000092],[80.21973717500003,13.487779039000088],[80.17595462300005,13.48932526200008],[80.15308678500008,13.494208075000074],[80.13184655000003,13.496161200000074],[80.11939537900008,13.500677802000041],[80.11207116000008,13.511542059000078],[80.10132897200003,13.53709544500009],[80.06950931100005,13.574408270000049],[80.05648847700007,13.59516022300005],[80.05298912900008,13.619086005000042],[80.07553144600007,13.648382880000042],[80.09131920700008,13.659125067000048],[80.09359785200007,13.67133209800005],[80.09400475400008,13.69476959800005],[80.10084069100003,13.68626536700009],[80.10987389400003,13.68073151200008],[80.11784915500004,13.674505927000041],[80.12126712300005,13.663763739000046],[80.11768639400003,13.638861395000049],[80.12126712300005,13.62726471600007],[80.13559004000007,13.619086005000042],[80.14177493600005,13.649115302000041],[80.14185631600003,13.728949286000045],[80.15251712300005,13.718939520000049],[80.18360436300003,13.679185289000088],[80.19727623800003,13.64362213700008],[80.24545332100007,13.591742255000042],[80.27776126400005,13.512518622000073],[80.30689537900008,13.440904039000088],[80.31373131600003,13.440904039000088],[80.30958092500003,13.479315497000073],[80.28809655000003,13.527085679000038],[80.25904381600003,13.591742255000042],[80.23804772200003,13.660223700000074],[80.22771243600005,13.677069403000075],[80.22095787900008,13.696966864000046],[80.22738691500007,13.720526434000078],[80.24545332100007,13.755601304000038],[80.24927819100003,13.800279039000088],[80.23715254000007,13.839667059000078],[80.16391035200007,13.987982489000046],[80.14966881600003,14.027736721000053],[80.12582441500007,14.148504950000074],[80.12338300900007,14.193508205000057],[80.13559004000007,14.229193427000041],[80.12110436300003,14.242010809000078],[80.10661868600005,14.234035549000055],[80.09099368600005,14.216742255000042],[80.07349694100003,14.201849677000041],[80.05062910200007,14.196112372000073],[80.04664147200003,14.206610419000071],[80.05502363400007,14.221584377000056],[80.07007897200003,14.229193427000041],[80.07178795700008,14.232245184000078],[80.08716881600003,14.25031159100007],[80.09791100400008,14.254299221000053],[80.12818444100003,14.256537177000041],[80.13705488400007,14.269924221000053],[80.15943444100003,14.324774481000077],[80.17497806100005,14.344549872000073],[80.17872155000003,14.38939036700009],[80.17595462300005,14.46873607000009],[80.18824303500008,14.52570221600007],[80.19019616000008,14.54759349200009],[80.19239342500003,14.553208726000037],[80.19605553500008,14.559027411000045],[80.19695071700005,14.565008856000077],[80.19019616000008,14.571234442000048],[80.18327884200005,14.571112372000073],[80.15935306100005,14.565741278000075],[80.14918053500008,14.565008856000077],[80.14185631600003,14.571234442000048],[80.16089928500008,14.579820054000038],[80.16968834700003,14.58584219000005],[80.17595462300005,14.592962958000044],[80.17847741000008,14.60578034100007],[80.17359459700003,14.616522528000075],[80.16635175900007,14.628159898000092],[80.15984134200005,14.662665106000077],[80.15186608200008,14.672796942000048],[80.12818444100003,14.68846263200004],[80.11695397200003,14.698146877000056],[80.11068769600007,14.704779364000046],[80.10816491000008,14.714341539000088],[80.10515384200005,14.763861395000049],[80.07300866000008,14.92055898600006],[80.07341556100005,14.94204336100006],[80.06153405000003,14.974676825000074],[80.05453535200007,15.014146226000037],[80.05298912900008,15.092596747000073],[80.08236738400007,15.20408763200004],[80.09253991000008,15.296576239000046],[80.09058678500008,15.304877020000049],[80.12126712300005,15.370021877000056],[80.12680097700007,15.38812897300005],[80.14031009200005,15.406398830000057],[80.17286217500003,15.438299872000073],[80.18384850400008,15.452297268000052],[80.20045006600003,15.482163804000038],[80.21119225400008,15.496649481000077],[80.19760175900007,15.503078518000052],[80.20134524800005,15.51829661700009],[80.21745853000004,15.548163153000075],[80.21949303500008,15.56745026200008],[80.26319420700008,15.67454661700009],[80.27963300900007,15.700669664000088],[80.35962975400008,15.775824286000045],[80.39332116000008,15.797023830000057],[80.43628991000008,15.808294989000046],[80.44548587300005,15.814398505000042],[80.46143639400003,15.829657294000071],[80.46908613400007,15.834662177000041],[80.47559655000003,15.83592357000009],[80.48267662900008,15.836411851000037],[80.49187259200005,15.839260158000059],[80.52588951900003,15.856919664000088],[80.54167728000004,15.868068752000056],[80.55388431100005,15.88084544500009],[80.56072024800005,15.88084544500009],[80.57113691500007,15.868719794000071],[80.58432050900007,15.872544664000088],[80.60010826900003,15.882228908000059],[80.61841881600003,15.88768138200004],[80.66285241000008,15.889349677000041],[80.66041100400008,15.893947658000059],[80.66309655000003,15.90070221600007],[80.67017662900008,15.907700914000088],[80.67628014400003,15.907171942000048],[80.68246504000007,15.903265692000048],[80.69044030000003,15.90070221600007],[80.73633873800003,15.897609768000052],[80.76010175900007,15.892971096000053],[80.77613366000008,15.884263414000088],[80.80274498800003,15.84243398600006],[80.80836022200003,15.803941148000092],[80.80713951900003,15.716376044000071],[80.82007897200003,15.72687409100007],[80.83025149800005,15.747626044000071],[80.85572350400008,15.822699286000045],[80.89014733200008,15.89524974200009],[80.89576256600003,15.936021226000037],[80.89128665500004,15.978257554000038],[80.87533613400007,16.017401434000078],[80.88282311300003,16.011460679000038],[80.88575280000003,16.008693752000056],[80.88900800900007,16.003729559000078],[80.89649498800003,16.010565497000073],[80.89226321700005,16.02094147300005],[80.89649498800003,16.031073309000078],[80.90601647200003,15.999823309000078],[80.90894616000008,15.98346588700008],[80.91016686300003,15.96588776200008],[80.90267988400007,15.890814520000049],[80.90430748800003,15.871283270000049],[80.91000410200007,15.852687893000052],[80.92164147200003,15.83860911700009],[80.94068444100003,15.83299388200004],[80.94947350400008,15.827866929000038],[80.97901451900003,15.803412177000041],[80.98829186300003,15.791205145000049],[80.99586022200003,15.784328518000052],[81.00473066500007,15.778509833000044],[81.01254316500007,15.777818101000037],[81.01905358200008,15.78416575700004],[81.01921634200005,15.792385158000059],[81.01254316500007,15.81195709800005],[81.00879967500003,15.81781647300005],[81.00294030000003,15.82526276200008],[80.99838300900007,15.83470286700009],[80.99887129000007,15.84674713700008],[81.02686608200008,15.88084544500009],[81.04330488400007,15.894110419000071],[81.08822675900007,15.921210028000075],[81.13510175900007,15.966498114000046],[81.14975019600007,15.969631252000056],[81.15544681100005,15.985500393000052],[81.15601647200003,16.03851959800005],[81.16195722700007,16.057074286000045],[81.18002363400007,16.086737372000073],[81.19027754000007,16.13886139500005],[81.21851647200003,16.19944896000004],[81.23031660200007,16.24359772300005],[81.25416100400008,16.271307684000078],[81.25961347700007,16.28864166900007],[81.25603274800005,16.30182526200008],[81.24984785200007,16.311021226000037],[81.24854576900003,16.320135809000078],[81.25961347700007,16.33270905200004],[81.31739342500003,16.36749909100007],[81.33155358200008,16.36977773600006],[81.34522545700008,16.373602606000077],[81.35962975400008,16.374335028000075],[81.37574303500008,16.36749909100007],[81.38697350400008,16.376776434000078],[81.39893639400003,16.382635809000078],[81.41138756600003,16.382513739000046],[81.42408287900008,16.37368398600006],[81.42823326900003,16.365668036000045],[81.42611738400007,16.358710028000075],[81.42115319100003,16.35097890800006],[81.41667728000004,16.34015534100007],[81.47535241000008,16.358628648000092],[81.49586022200003,16.360663153000075],[81.53598066500007,16.350043036000045],[81.54908287900008,16.352362372000073],[81.54021243600005,16.37368398600006],[81.55697675900007,16.37303294500009],[81.56918379000007,16.367580471000053],[81.57390384200005,16.358343817000048],[81.56812584700003,16.34638092700004],[81.58497155000003,16.34210846600007],[81.62094160200007,16.339504299000055],[81.63640384200005,16.33270905200004],[81.65626061300003,16.33734772300005],[81.67693118600005,16.327378648000092],[81.69605553500008,16.314927476000037],[81.71159915500004,16.312201239000046],[81.71762129000007,16.312201239000046],[81.76295006600003,16.32257721600007],[81.78321373800003,16.33856842700004],[81.86166425900007,16.375392971000053],[81.88054446700005,16.381659247000073],[81.89991295700008,16.38580963700008],[81.94076582100007,16.388373114000046],[81.94809004000007,16.391546942000048],[81.95622806100005,16.407171942000048],[81.96794681100005,16.40892161700009],[81.98170006600003,16.407863674000055],[81.99268639400003,16.40843333500004],[82.00782311300003,16.419582424000055],[82.02271569100003,16.43573639500005],[82.03736412900008,16.447658596000053],[82.06861412900008,16.444281317000048],[82.09066816500007,16.454779364000046],[82.12289472700007,16.477362372000073],[82.17302493600005,16.500921942000048],[82.18824303500008,16.504055080000057],[82.20346113400007,16.51268138200004],[82.25904381600003,16.56549713700008],[82.30738366000008,16.579779364000046],[82.29607181100005,16.591009833000044],[82.28549238400007,16.60651276200008],[82.28093509200005,16.620835679000038],[82.28687584700003,16.628159898000092],[82.29379316500007,16.62563711100006],[82.29932701900003,16.61009349200009],[82.30396569100003,16.60643138200004],[82.31283613400007,16.60814036700009],[82.31381269600007,16.612982489000046],[82.31234785200007,16.61985911700009],[82.31421959700003,16.628159898000092],[82.33814537900008,16.67841217700004],[82.34595787900008,16.70612213700008],[82.35206139400003,16.76129791900007],[82.36557050900007,16.81159088700008],[82.36744225400008,16.860296942000048],[82.36654707100007,16.908636786000045],[82.36117597700007,16.936021226000037],[82.34888756600003,16.95648834800005],[82.35743248800003,16.92487213700008],[82.36117597700007,16.89134349200009],[82.36247806100005,16.859076239000046],[82.35206139400003,16.845404364000046],[82.33464603000004,16.854071356000077],[82.33334394600007,16.852118231000077],[82.32715905000003,16.849432684000078],[82.31959069100003,16.84723541900007],[82.31421959700003,16.846625067000048],[82.30811608200008,16.849554755000042],[82.30355879000007,16.85419342700004],[82.29835045700008,16.85846588700008],[82.26791425900007,16.86749909100007],[82.25513756600003,16.885321356000077],[82.25074303500008,16.907863674000055],[82.25269616000008,16.92918528900009],[82.29167728000004,16.998439846000053],[82.29932701900003,17.03034088700008],[82.31169681100005,17.046616929000038],[82.34205162900008,17.073187567000048],[82.37037194100003,17.11009349200009],[82.38770592500003,17.12693919500009],[82.42286217500003,17.139960028000075],[82.43506920700008,17.15379466400009],[82.45191491000008,17.182440497000073],[82.47486412900008,17.205959377000056],[82.71851647200003,17.34861888200004],[82.75814863400007,17.359198309000078],[82.79639733200008,17.38304271000004],[82.83765709700003,17.39276764500005],[82.85425866000008,17.402818101000037],[82.86915123800003,17.414007880000042],[82.88331139400003,17.42206452000005],[82.88868248800003,17.41014232000009],[82.89682050900007,17.409328518000052],[82.94548587300005,17.443101304000038],[82.95281009200005,17.44594961100006],[82.96957441500007,17.450100002000056],[82.97584069100003,17.453680731000077],[82.99642988400007,17.473456122000073],[83.01986738400007,17.49091217700004],[83.05323326900003,17.50649648600006],[83.08822675900007,17.53070709800005],[83.17139733200008,17.559800523000092],[83.19613691500007,17.57680898600006],[83.20923912900008,17.583685614000046],[83.22291100400008,17.586493231000077],[83.23894290500004,17.592962958000044],[83.23389733200008,17.60773346600007],[83.21290123800003,17.634914455000057],[83.24691816500007,17.63422272300005],[83.25513756600003,17.63812897300005],[83.26823978000004,17.648586330000057],[83.28923587300005,17.65761953300006],[83.29908287900008,17.66429271000004],[83.29859459700003,17.672796942000048],[83.29249108200008,17.677476304000038],[83.27198326900003,17.68813711100006],[83.24927819100003,17.695379950000074],[83.24203535200007,17.70652903900009],[83.24691816500007,17.71625397300005],[83.26823978000004,17.71747467700004],[83.27637780000003,17.71308014500005],[83.28028405000003,17.705959377000056],[83.28223717500003,17.699286200000074],[83.28467858200008,17.69635651200008],[83.28744550900007,17.695379950000074],[83.28956139400003,17.69326406500005],[83.29273522200003,17.691148179000038],[83.29859459700003,17.69013092700004],[83.30437259200005,17.692206122000073],[83.31324303500003,17.70115794500009],[83.31910241000003,17.703192450000074],[83.34131920700008,17.71743398600006],[83.40235436300003,17.784491278000075],[83.41773522200003,17.80621979400007],[83.42530358200008,17.83860911700009],[83.43116295700008,17.85423411700009],[83.45297285200007,17.868475653000075],[83.45240319100003,17.88621653900009],[83.44898522200003,17.90688711100006],[83.45191491000003,17.92291901200008],[83.46290123800003,17.90851471600007],[83.46558678500003,17.902492580000057],[83.47291100400008,17.902492580000057],[83.48658287900008,17.916896877000056],[83.52613366000003,17.942531643000052],[83.53443444100003,17.95331452000005],[83.53891035200007,17.956284898000092],[83.55665123800003,17.973456122000073],[83.55836022200003,17.97752513200004],[83.56283613400007,17.98309967700004],[83.57618248800003,18.00975169500009],[83.58228600400008,18.01911041900007],[83.61394290500004,18.04515208500004],[83.77515709700003,18.139593817000048],[84.07740319100003,18.271551825000074],[84.11312910200007,18.29828522300005],[84.12403405000003,18.333807684000078],[84.13282311300003,18.343410549000055],[84.13648522200003,18.353583075000074],[84.13892662900008,18.364162502000056],[84.14389082100007,18.374823309000078],[84.15284264400003,18.383612372000073],[84.17448978000004,18.39984772300005],[84.18832441500007,18.418036200000074],[84.23047936300003,18.446234442000048],[84.24008222700007,18.460760809000078],[84.28793379000007,18.50576406500005],[84.33122806100005,18.53864166900007],[84.34994550900007,18.55292389500005],[84.32618248800003,18.53742096600007],[84.29769941500007,18.51630280200004],[84.27100670700008,18.50018952000005],[84.24935957100007,18.501654364000046],[84.23764082100007,18.510931708000044],[84.24691816500007,18.52558014500005],[84.25001061300003,18.524237372000073],[84.27271569100003,18.524318752000056],[84.28174889400003,18.52558014500005],[84.28858483200008,18.529771226000037],[84.30632571700005,18.54368724200009],[84.31226647200003,18.546698309000078],[84.33285566500007,18.55369700700004],[84.34945722700007,18.56981028900009],[84.37045332100007,18.601304429000038],[84.42367597700007,18.636460679000038],[84.43262780000003,18.645697333000044],[84.43718509200005,18.66278717700004],[84.44825280000003,18.68065013200004],[84.54184004000007,18.775783596000053],[84.54786217500003,18.796087958000044],[84.63086998800003,18.915716864000046],[84.66504967500003,18.930121161000045],[84.67953535200007,18.945705471000053],[84.69947350400008,18.977484442000048],[84.74105879000007,19.028143622000073],[84.75114993600005,19.053900458000044],[84.77833092500003,19.091009833000044],[84.78003991000003,19.09707265800006],[84.77523847700007,19.100490627000056],[84.76783287900008,19.10179271000004],[84.76099694100003,19.101629950000074],[84.75684655000003,19.09764232000009],[84.74048912900008,19.07367584800005],[84.73536217500003,19.083197333000044],[84.72282962300005,19.09601471600007],[84.71998131600003,19.101629950000074],[84.72095787900008,19.11424388200004],[84.73121178500003,19.12881094000005],[84.73365319100003,19.139146226000037],[84.73878014400003,19.147650458000044],[84.75066165500004,19.138373114000046],[84.76441491000003,19.123439846000053],[84.77515709700003,19.115301825000074],[84.77776126400005,19.11619700700004],[84.79102623800003,19.12059153900009],[84.87208092500003,19.219875393000052],[84.99586022200003,19.32330963700008],[85.06950931100005,19.37213776200008],[85.18043053500003,19.475002346000053],[85.24057050900007,19.518052476000037],[85.28541100400008,19.536281643000052],[85.33668053500003,19.57518138200004],[85.38021894600007,19.593817450000074],[85.46338951900003,19.63104889500005],[85.54029381600003,19.669582424000055],[85.57650800900007,19.690619208000044],[85.33057701900003,19.57640208500004],[85.30290774800005,19.573919989000046],[85.30583743600005,19.580145575000074],[85.30250084700003,19.58665599200009],[85.28842207100007,19.601263739000046],[85.29379316500007,19.599554755000042],[85.30347741000003,19.597479559000078],[85.30909264400003,19.595038153000075],[85.31104576900003,19.610500393000052],[85.31836998800003,19.619533596000053],[85.32642662900008,19.618801174000055],[85.33008873800003,19.60496653900009],[85.33676191500007,19.596096096000053],[85.35230553500003,19.599432684000078],[85.36841881600003,19.60809967700004],[85.37794030000003,19.614935614000046],[85.38038170700008,19.619614976000037],[85.38217207100007,19.63108958500004],[85.38461347700007,19.635972398000035],[85.38868248800003,19.63825104400007],[85.40219160200007,19.64398834800005],[85.40528405000003,19.64594147300005],[85.40495853000004,19.661932684000078],[85.40316816500007,19.67129140800006],[85.39918053500003,19.67914459800005],[85.39144941500007,19.690619208000044],[85.38306725400008,19.67609284100007],[85.37435957100007,19.674709377000056],[85.36378014400003,19.67804596600007],[85.35059655000003,19.67763906500005],[85.30909264400003,19.642238674000055],[85.26075280000003,19.656073309000078],[85.24756920700008,19.65648021000004],[85.24781334700003,19.653143622000073],[85.23633873800003,19.635321356000077],[85.23324629000007,19.632554429000038],[85.23438561300003,19.62567780200004],[85.23731530000003,19.62055084800005],[85.24187259200005,19.617010809000078],[85.24756920700008,19.614935614000046],[85.24756920700008,19.608710028000075],[85.23259524800005,19.60154857000009],[85.22364342500003,19.590236721000053],[85.21290123800003,19.58112213700008],[85.19304446700005,19.58079661700009],[85.19304446700005,19.573919989000046],[85.20378665500004,19.57050202000005],[85.23324629000007,19.55410390800006],[85.22364342500003,19.549953518000052],[85.21452884200005,19.547267971000053],[85.20630944100003,19.548000393000052],[85.19922936300003,19.55410390800006],[85.19629967500003,19.53847890800006],[85.20191491000003,19.527085679000038],[85.20289147200003,19.51715729400007],[85.18555748800003,19.505682684000078],[85.17855879000007,19.504299221000053],[85.17115319100003,19.504461981000077],[85.16244550900007,19.50348541900007],[85.15137780000003,19.498846747000073],[85.14576256600003,19.493475653000075],[85.14177493600005,19.487127997000073],[85.13575280000003,19.481594143000052],[85.12403405000003,19.478338934000078],[85.12867272200003,19.487982489000046],[85.13021894600007,19.49872467700004],[85.12875410200007,19.509507554000038],[85.12403405000003,19.519354559000078],[85.11548912900008,19.507473049000055],[85.10873457100007,19.506781317000048],[85.10450280000003,19.514878648000035],[85.10287519600007,19.52960846600007],[85.10889733200008,19.53896719000005],[85.12289472700007,19.54901764500005],[85.13917076900003,19.557074286000045],[85.15137780000003,19.560288804000038],[85.15137780000003,19.56777578300006],[85.13933353000004,19.579779364000046],[85.14014733200008,19.596584377000056],[85.15015709700003,19.61347077000005],[85.16553795700008,19.625799872000073],[85.17514082100007,19.63690827000005],[85.18995201900003,19.67096588700008],[85.20655358200008,19.68378327000005],[85.20337975400008,19.70726146000004],[85.22095787900008,19.736029364000046],[85.24683678500003,19.762640692000048],[85.26807701900003,19.78001536700009],[85.27808678500003,19.785589911000045],[85.29029381600003,19.789943752000056],[85.30420983200008,19.792669989000046],[85.31959069100003,19.79364655200004],[85.37452233200008,19.83779531500005],[85.41627037900008,19.879787502000056],[85.44011478000004,19.896226304000038],[85.46355228000004,19.902899481000077],[85.47681725400008,19.90102773600006],[85.51498457100007,19.88930898600006],[85.55713951900003,19.881781317000048],[85.57032311300003,19.87563711100006],[85.56714928500003,19.79165273600006],[85.57032311300003,19.773179429000038],[85.56413821700005,19.76439036700009],[85.56324303500003,19.75690338700008],[85.56763756600003,19.750799872000073],[85.57650800900007,19.745835679000038],[85.55884850400008,19.738104559000078],[85.51498457100007,19.71112702000005],[85.51889082100007,19.721584377000056],[85.52344811300003,19.72870514500005],[85.52556399800005,19.734035549000055],[85.52198326900003,19.739081122000073],[85.47754967500003,19.723863023000035],[85.45085696700005,19.71629466400009],[85.43930097700007,19.70799388200004],[85.43685957100007,19.70465729400007],[85.43165123800003,19.704901434000078],[85.42701256600003,19.70408763200004],[85.42628014400003,19.69745514500005],[85.43043053500003,19.69171784100007],[85.43685957100007,19.691351630000042],[85.44312584700003,19.69245026200008],[85.44678795700008,19.690619208000044],[85.44752037900008,19.674627997000073],[85.44988040500004,19.66669342700004],[85.45679772200003,19.663316148000035],[85.48047936300003,19.66632721600007],[85.54916425900007,19.690619208000044],[85.61426842500003,19.72793203300006],[85.63795006600003,19.731634833000044],[85.63599694100003,19.726629950000074],[85.62598717500003,19.72288646000004],[85.62427819100003,19.718573309000078],[85.68458092500003,19.747748114000046],[85.71485436300003,19.75421784100007],[85.73438561300003,19.763617255000042],[85.74439537900008,19.765692450000074],[85.77808678500003,19.76463450700004],[85.78882897200003,19.765692450000074],[85.80860436300003,19.773382880000042],[85.84636478000004,19.795843817000048],[85.88884524800005,19.80296458500004],[86.01351972700007,19.839056708000044],[86.03207441500007,19.841498114000046],[86.03793379000007,19.84528229400007],[86.04656009200005,19.85252513200004],[86.05665123800003,19.85687897300005],[86.06674238400007,19.851996161000045],[86.07837975400008,19.843573309000078],[86.08904056100005,19.844224351000037],[86.11158287900008,19.85569896000004],[86.26856530000003,19.91034577000005],[86.37240644600007,19.964992580000057],[86.35645592500003,19.970404364000046],[86.34156334700003,19.97988515800006],[86.32667076900003,19.984849351000037],[86.31495201900003,19.986883856000077],[86.30811608200008,19.99209219000005],[86.30290774800005,19.99909088700008],[86.29590905000003,20.00657786700009],[86.29420006600003,20.01040273600006],[86.29411868600005,20.015692450000074],[86.29322350400008,20.021429755000042],[86.28907311300003,20.02643463700008],[86.28467858200008,20.027492580000057],[86.27344811300003,20.026190497000073],[86.26856530000003,20.02643463700008],[86.23023522200003,20.035305080000057],[86.21371504000007,20.04242584800005],[86.18775475400008,20.063666083000044],[86.16773522200003,20.07294342700004],[86.15870201900003,20.08104075700004],[86.15430748800003,20.089992580000057],[86.14503014400003,20.122015692000048],[86.15251712300005,20.143133856000077],[86.15870201900003,20.143133856000077],[86.16309655000003,20.134833075000074],[86.16846764400003,20.11318594000005],[86.17302493600005,20.10219961100006],[86.19597415500004,20.08030833500004],[86.19971764400003,20.077948309000078],[86.20915774800005,20.06663646000004],[86.23129316500007,20.064886786000045],[86.27540123800003,20.06736888200004],[86.34839928500003,20.00885651200008],[86.39722741000003,19.982855536000045],[86.42628014400003,19.999172268000052],[86.41407311300003,19.998846747000073],[86.40414472700007,20.00263092700004],[86.39673912900008,20.00995514500005],[86.39144941500007,20.02020905200004],[86.41504967500003,20.036322333000044],[86.46713300900007,20.094671942000048],[86.46851647200003,20.10927969000005],[86.47885175900007,20.129339911000045],[86.49040774800005,20.17405833500004],[86.49512780000003,20.184068101000037],[86.51148522200003,20.19745514500005],[86.53419030000003,20.20612213700008],[86.58383222700007,20.21820709800005],[86.62818444100003,20.235256252000056],[86.71745853000004,20.286932684000078],[86.75464928500003,20.31443919500009],[86.71973717500003,20.29173411700009],[86.70167076900003,20.28465403900009],[86.69369550900007,20.29393138200004],[86.70167076900003,20.30377838700008],[86.71973717500003,20.31509023600006],[86.73926842500003,20.32420482000009],[86.75147545700008,20.328070380000042],[86.76832116000003,20.343451239000046],[86.79420006600003,20.378159898000035],[86.80982506600003,20.41510651200008],[86.79615319100003,20.437323309000078],[86.78980553500003,20.41469961100006],[86.78825931100005,20.402818101000037],[86.78874759200005,20.39012278900009],[86.76978600400008,20.40070221600007],[86.75635826900003,20.393744208000044],[86.74195397200003,20.37954336100006],[86.72046959700003,20.368475653000075],[86.72461998800003,20.43195221600007],[86.73389733200008,20.462225653000075],[86.75147545700008,20.489162502000056],[86.77418053500003,20.51194896000004],[86.92318769600007,20.62173086100006],[86.97624759200005,20.637884833000044],[87.00359134200005,20.657049872000073],[87.02751712300005,20.67967357000009],[87.04322350400008,20.69798411700009],[87.03337649800005,20.69017161700009],[87.01937910200007,20.68036530200004],[86.99488366000003,20.670721747000073],[86.99024498800003,20.67999909100007],[86.98650149800005,20.684393622000073],[86.98170006600003,20.685370184000078],[86.97429446700005,20.684393622000073],[86.96851647200003,20.691148179000038],[86.96119225400008,20.695054429000038],[86.95191491000003,20.697007554000038],[86.94019616000003,20.69798411700009],[86.94825280000003,20.709051825000074],[86.96119225400008,20.712836005000042],[86.97575931100005,20.710679429000038],[86.98861738400007,20.704250393000052],[86.99870853000004,20.71112702000005],[87.00180097700007,20.71898021000004],[87.00001061300003,20.728216864000046],[86.99488366000003,20.73895905200004],[86.98658287900008,20.75185781500005],[86.97999108200008,20.755560614000046],[86.95720462300005,20.753241278000075],[86.91065514400003,20.756415106000077],[86.88933353000004,20.764471747000073],[86.87875410200007,20.780585028000075],[86.91651451900003,20.78807200700004],[86.93628991000003,20.787502346000053],[86.95386803500003,20.780585028000075],[86.96566816500007,20.805975653000075],[86.95215905000003,20.84910716400009],[86.84400475400008,21.08222077000005],[86.83725019600007,21.174709377000056],[86.86695397200003,21.25604889500005],[86.91765384200005,21.327378648000035],[87.06373131600003,21.475002346000053],[87.11304772200003,21.507961330000057],[87.20093834700003,21.551988023000035],[87.21143639400003,21.55459219000005],[87.23519941500007,21.554510809000078],[87.24594160200007,21.556586005000042],[87.25611412900008,21.56199778900009],[87.29346764400003,21.553656317000048],[87.34180748800003,21.56240469000005],[87.40495853000004,21.58665599200009]]}},{"type":"Feature","properties":{"id":568,"source":"Natural Earth","provenance":"REAL DATA"},"geometry":{"type":"LineString","coordinates":[[55.65967858200008,-3.7911109349999492],[55.66586347700007,-3.8117815079999104],[55.658539259000065,-3.811700127999927],[55.65186608200008,-3.8012020809999285],[55.65967858200008,-3.7911109349999492]]}},{"type":"Feature","properties":{"id":576,"source":"Natural Earth","provenance":"REAL DATA"},"geometry":{"type":"LineString","coordinates":[[97.87183678500003,9.379584052000041],[97.84001712300005,9.40428294500009],[97.83529707100007,9.412054755000042],[97.83773847700007,9.419338283000059],[97.84359785200007,9.424953518000052],[97.85084069100003,9.42837148600006],[97.85726972700007,9.42869700700004],[97.86841881600003,9.420396226000037],[97.87468509200005,9.40570709800005],[97.87614993600005,9.390204169000071],[97.87183678500003,9.379584052000041]]}},{"type":"Feature","properties":{"id":578,"source":"Natural Earth","provenance":"REAL DATA"},"geometry":{"type":"LineString","coordinates":[[99.69874108200003,9.542222398000092],[99.70346113400007,9.521307684000078],[99.68148847700007,9.512884833000044],[99.66814212300005,9.519191799000055],[99.69874108200003,9.542222398000092]]}},{"type":"Feature","properties":{"id":579,"source":"Natural Earth","provenance":"REAL DATA"},"geometry":{"type":"LineString","coordinates":[[99.68425540500004,9.620021877000056],[99.68043053500003,9.612209377000056],[99.67807050900007,9.61041901200008],[99.67676842500003,9.614569403000075],[99.67530358200003,9.62445709800005],[99.67823326900003,9.62409088700008],[99.68018639400003,9.622544664000088],[99.68181399800005,9.620835679000038],[99.68425540500004,9.620021877000056]]}},{"type":"Feature","properties":{"id":580,"source":"Natural Earth","provenance":"REAL DATA"},"geometry":{"type":"LineString","coordinates":[[98.05746504000007,9.79686107000009],[98.03760826900003,9.790716864000046],[98.01832116000003,9.79490794500009],[98.00806725400008,9.807440497000073],[98.01539147200003,9.82640208500004],[98.03028405000003,9.833400783000059],[98.04607181100005,9.827948309000078],[98.05689537900008,9.81435781500005],[98.05746504000007,9.79686107000009]]}},{"type":"Feature","properties":{"id":581,"source":"Natural Earth","provenance":"REAL DATA"},"geometry":{"type":"LineString","coordinates":[[73.64633222700007,10.08470286700009],[73.64405358200008,10.076971747000073],[73.64096113400007,10.06932200700004],[73.63705488400007,10.062567450000074],[73.63257897200003,10.05727773600006],[73.63168379000007,10.067775783000059],[73.63168379000007,10.06781647300005],[73.63331139400003,10.077866929000038],[73.63746178500008,10.087062893000052],[73.64389082100007,10.094549872000073],[73.64397220100005,10.09446849200009],[73.64519290500004,10.092189846000053],[73.64633222700007,10.08470286700009]]}},{"type":"Feature","properties":{"id":583,"source":"Natural Earth","provenance":"REAL DATA"},"geometry":{"type":"LineString","coordinates":[[73.66228274800005,10.144598700000074],[73.66220136800007,10.14451732000009],[73.66032962300005,10.142523505000042],[73.65935306100005,10.139960028000075],[73.65788821700005,10.139064846000053],[73.65463300900007,10.141506252000056],[73.65560957100007,10.14476146000004],[73.65748131600003,10.145086981000077],[73.65967858200008,10.144354559000078],[73.66228274800005,10.144598700000074]]}},{"type":"Feature","properties":{"id":584,"source":"Natural Earth","provenance":"REAL DATA"},"geometry":{"type":"LineString","coordinates":[[98.22868899800005,10.519964911000045],[98.22185306100005,10.498114325000074],[98.20736738400007,10.48346588700008],[98.19271894600007,10.48240794500009],[98.18531334700003,10.501166083000044],[98.18970787900008,10.515570380000042],[98.20199629000007,10.524318752000056],[98.21794681100005,10.528550523000092],[98.23365319100003,10.529364325000074],[98.23243248800003,10.526922919000071],[98.22982832100007,10.522406317000048],[98.22868899800005,10.519964911000045]]}},{"type":"Feature","properties":{"id":585,"source":"Natural Earth","provenance":"REAL DATA"},"geometry":{"type":"LineString","coordinates":[[72.64975019600007,10.566839911000045],[72.63851972700007,10.559393622000073],[72.63306725400008,10.55654531500005],[72.62753339900007,10.554795640000066],[72.62745201900003,10.554754950000074],[72.63209069100003,10.56000397300005],[72.64861087300005,10.573960679000038],[72.64869225400008,10.573919989000046],[72.65056399800005,10.57257721600007],[72.65040123800003,10.571193752000056],[72.64958743600005,10.56932200700004],[72.64975019600007,10.566880601000037],[72.64975019600007,10.566839911000045]]}},{"type":"Feature","properties":{"id":586,"source":"Natural Earth","provenance":"REAL DATA"},"geometry":{"type":"LineString","coordinates":[[72.54883873800003,10.779445705000057],[72.54875735800005,10.779323635000083],[72.54118899800005,10.77289459800005],[72.54086347700007,10.776516018000052],[72.54249108200008,10.777899481000077],[72.54542076900003,10.77830638200004],[72.54883873800003,10.779445705000057]]}},{"type":"Feature","properties":{"id":588,"source":"Natural Earth","provenance":"REAL DATA"},"geometry":{"type":"LineString","coordinates":[[73.67139733200008,10.829738674000055],[73.68124433700007,10.828070380000042],[73.68441816500007,10.827541408000059],[73.67628014400003,10.824367580000057],[73.67286217500003,10.824693101000037],[73.67188561300003,10.827093817000048],[73.67139733200008,10.829657294000071],[73.67139733200008,10.829738674000055]]}},{"type":"Feature","properties":{"id":591,"source":"Natural Earth","provenance":"REAL DATA"},"geometry":{"type":"LineString","coordinates":[[98.42953535200007,10.977728583000044],[98.43287194100003,10.99359772300005],[98.44255618600005,11.00299713700008],[98.45142662900008,11.00193919500009],[98.45289147200003,10.986273505000042],[98.44800866000003,10.974310614000046],[98.44027754000007,10.96556224200009],[98.43295332100007,10.965033270000049],[98.42953535200007,10.977728583000044]]}},{"type":"Feature","properties":{"id":592,"source":"Natural Earth","provenance":"REAL DATA"},"geometry":{"type":"LineString","coordinates":[[72.75001061300003,11.119086005000042],[72.74756920700008,11.115423895000049],[72.74675540500004,11.11196523600006],[72.74496504000007,11.109523830000057],[72.73951256600003,11.10883209800005],[72.73951256600003,11.113959052000041],[72.74203535200007,11.11595286700009],[72.74577884200005,11.116888739000046],[72.75001061300003,11.119086005000042]]}},{"type":"Feature","properties":{"id":595,"source":"Natural Earth","provenance":"REAL DATA"},"geometry":{"type":"LineString","coordinates":[[73.01319420700008,11.50218333500004],[73.01091556100005,11.49013906500005],[73.00879967500003,11.48468659100007],[73.00562584700003,11.479641018000052],[73.00440514400003,11.488836981000077],[73.00440514400003,11.496486721000053],[73.00709069100003,11.501288153000075],[73.01319420700008,11.50218333500004]]}},{"type":"Feature","properties":{"id":596,"source":"Natural Earth","provenance":"REAL DATA"},"geometry":{"type":"LineString","coordinates":[[72.71615644600007,11.694159247000073],[72.71607506600003,11.69407786700009],[72.70866946700005,11.689154364000046],[72.70525149800005,11.687323309000078],[72.70110110800005,11.686428127000056],[72.70093834700003,11.686428127000056],[72.70508873800003,11.692328192000048],[72.70923912900008,11.694159247000073],[72.71615644600007,11.694159247000073]]}},{"type":"Feature","properties":{"id":597,"source":"Natural Earth","provenance":"REAL DATA"},"geometry":{"type":"LineString","coordinates":[[97.46452884200005,11.782456773000092],[97.45923912900008,11.78620026200008],[97.44434655000003,11.80023834800005],[97.46290123800003,11.79979075700004],[97.47689863400007,11.788234768000052],[97.47966556100005,11.77798086100006],[97.46452884200005,11.782456773000092]]}},{"type":"Feature","properties":{"id":604,"source":"Natural Earth","provenance":"REAL DATA"},"geometry":{"type":"LineString","coordinates":[[93.87281334700003,12.268866278000075],[93.85377037900008,12.260565497000073],[93.85189863400007,12.271551825000074],[93.86060631600003,12.281195380000042],[93.87281334700003,12.268866278000075]]}},{"type":"Feature","properties":{"id":608,"source":"Natural Earth","provenance":"REAL DATA"},"geometry":{"type":"LineString","coordinates":[[97.83692467500003,12.77244700700004],[97.83529707100007,12.792792059000078],[97.84180748800003,12.805812893000052],[97.85279381600003,12.80654531500005],[97.86459394600007,12.790228583000044],[97.86801191500007,12.774807033000059],[97.86353600400008,12.766831773000092],[97.85254967500003,12.76626211100006],[97.83692467500003,12.77244700700004]]}},{"type":"Feature","properties":{"id":615,"source":"Natural Earth","provenance":"REAL DATA"},"geometry":{"type":"LineString","coordinates":[[94.28093509200005,13.443548895000049],[94.29078209700003,13.42291901200008],[94.27491295700003,13.420314846000053],[94.26189212300005,13.429266669000071],[94.28093509200005,13.443548895000049]]}},{"type":"Feature","properties":{"id":1059,"source":"Natural Earth","provenance":"REAL DATA"},"geometry":{"type":"LineString","coordinates":[[55.401702493555085,-4.660533556469527],[55.40919682317241,-4.660781507566805],[55.41808561302286,-4.666150626001337],[55.435404910745945,-4.676448586809657],[55.44897949544782,-4.677852854192609],[55.45834127800084,-4.690959349766833],[55.4681711496815,-4.70547011272401],[55.478001021362175,-4.706406290979311],[55.48174573438338,-4.712959538766423],[55.48034146700043,-4.721385143064139],[55.485022358276936,-4.7274703017236],[55.491575606064046,-4.736363995148967],[55.48477817233816,-4.741601501378046],[55.4681711496815,-4.741512975553126],[55.463490258404995,-4.759768451531509],[55.47097968444741,-4.763513164552716],[55.478001021362175,-4.758832273276208],[55.48689471478754,-4.762108897169764],[55.491107516936395,-4.772874947105733],[55.50421401251062,-4.795811314360625],[55.5196609537231,-4.80376882953069],[55.53791642970148,-4.80376882953069],[55.53463980580793,-4.789726155701165],[55.52719160200007,-4.783786716999941],[55.52574611238256,-4.770066412339828],[55.51685241895719,-4.750406668978492],[55.5196609537231,-4.739172529914872],[55.52808655802082,-4.736832084276617],[55.52527802325491,-4.7138957170217255],[55.5215333102337,-4.707810558362264],[55.52855464714847,-4.680193299830863],[55.51638432982954,-4.668022982511941],[55.49766076472351,-4.655384576065368],[55.47566057572392,-4.639937634852889],[55.4644116194505,-4.625395216947512],[55.45668242401321,-4.62580201670737],[55.457189711794115,-4.623999701602007],[55.46176742101143,-4.6225476186285075],[55.45884595359554,-4.618115330384728],[55.45993682209207,-4.606479028114127],[55.45993682209207,-4.598546432796902],[55.46311278683594,-4.587908180084076],[55.46722058642541,-4.583426944168291],[55.46385965948858,-4.5713836226446185],[55.454897187657004,-4.56223443264989],[55.447529429416406,-4.561120854889991],[55.44061383349883,-4.560510655250204],[55.43369823758125,-4.562544654049493],[55.434336785000085,-4.579522393999923],[55.431651238000086,-4.591566664999959],[55.426117384000065,-4.595472914999959],[55.422298415171724,-4.603426682896123],[55.41761752389521,-4.611384198066187],[55.40685147395924,-4.616065089342696],[55.39460946667571,-4.617019438076711],[55.38840984016462,-4.619572225463633],[55.374734193448965,-4.632700846310661],[55.3776516647483,-4.637806421084505],[55.37491653540517,-4.63999452455901],[55.36725817324441,-4.639265156734175],[55.36561709563853,-4.642729653902141],[55.371269696281,-4.646923518894941],[55.3796574262666,-4.649476306281864],[55.38950389190187,-4.647288202807359],[55.39752693797505,-4.649840990194281],[55.40007972536198,-4.652940803449829],[55.394896710379044,-4.6538598940001155],[55.394427124719506,-4.657864036267465],[55.401702493555085,-4.660533556469527]]}},{"type":"Feature","properties":{"id":1060,"source":"Natural Earth","provenance":"REAL DATA"},"geometry":{"type":"LineString","coordinates":[[55.26026451900003,-4.500095309999949],[55.26921634200005,-4.48015715899993],[55.25993899800005,-4.462985934999949],[55.24203535200007,-4.450372002999927],[55.22543379000007,-4.444919528999947],[55.221446160000085,-4.463474216999941],[55.22803795700008,-4.487481377999927],[55.24195397200003,-4.504001559999949],[55.26026451900003,-4.500095309999949]]}},{"type":"Feature","properties":{"id":1061,"source":"Natural Earth","provenance":"REAL DATA"},"geometry":{"type":"LineString","coordinates":[[55.71763486357105,-4.330116463929826],[55.72331736052323,-4.342555361559817],[55.73275746452325,-4.352239606559833],[55.74675486052323,-4.358098981559833],[55.75912465252325,-4.358424502559813],[55.76799509552328,-4.350286481559833],[55.76823923552323,-4.339625673559822],[55.77092478252329,-4.331324892559819],[55.787038063523234,-4.330592470559821],[55.77716153180381,-4.318488596994151],[55.764518651283105,-4.316629349858754],[55.75447871675196,-4.321091542983709],[55.74666987878329,-4.31142345787964],[55.73215057185158,-4.308817604088369],[55.718678688523234,-4.303248720559821],[55.70443715252325,-4.290227887559836],[55.696950173523284,-4.290553408559815],[55.69011423552323,-4.291774111559817],[55.67717478252329,-4.296412783559815],[55.68376657952329,-4.311549502559813],[55.68457102446101,-4.3188604464212315],[55.6920080130026,-4.326297434962822],[55.704101781285985,-4.327859605229037],[55.71763486357105,-4.330116463929826]]}},{"type":"Feature","properties":{"id":1538,"source":"Natural Earth","provenance":"REAL DATA"},"geometry":{"type":"MultiLineString","coordinates":[[[100.0,-2.489919246999919],[99.98414147200003,-2.484633070999962],[99.97461998800003,-2.4939104149999594],[99.96729576900003,-2.5149065079999104],[99.96094811300003,-2.552911065999922],[99.96143639400003,-2.5590145809999285],[99.96713300900007,-2.580254815999922],[99.97559655000003,-2.594903252999927],[99.97575931100005,-2.603448174999926],[99.96713300900007,-2.6150041649999594],[99.98601321700005,-2.62468840899993],[99.99626712300005,-2.6387671849999492],[100.0,-2.6564983505292386]],[[100.0,-2.6926404927761163],[99.98845462300005,-2.744886976999908],[99.98682701900003,-2.7671851539999466],[100.0,-2.765483027042267]]]}},{"type":"Feature","properties":{"id":1539,"source":"Natural Earth","provenance":"REAL DATA"},"geometry":{"type":"LineString","coordinates":[[99.82325280000003,-2.292901299999926],[99.81462649800005,-2.284356377999927],[99.78581790500004,-2.2634416649999594],[99.77881920700003,-2.261651299999926],[99.77540123800003,-2.2587216129999206],[99.77426191500007,-2.2543270809999285],[99.77588951900003,-2.242445570999962],[99.77540123800003,-2.2375627579999104],[99.72136478000004,-2.1591122379999206],[99.70720462300005,-2.127699476999908],[99.70053144600007,-2.0874976539999466],[99.69434655000003,-2.0678036439999232],[99.68262780000003,-2.0595028629999206],[99.66285241000003,-2.0542945289999466],[99.65186608200003,-2.042087497999944],[99.64332116000003,-2.028415622999944],[99.63135826900003,-2.0184872379999206],[99.59400475400008,-2.014825127999927],[99.56495201900003,-2.0308570289999466],[99.54835045700003,-2.0614559879999206],[99.54883873800003,-2.1011695289999466],[99.56226647200003,-2.1216773419999413],[99.56446373800003,-2.131117445999962],[99.55225670700003,-2.1353492169999413],[99.53842207100007,-2.1317684879999206],[99.53101647200003,-2.1342098939999232],[99.52767988400007,-2.1454403629999206],[99.53126061300003,-2.15593840899993],[99.55567467500003,-2.1830380189999232],[99.56771894600007,-2.215101820999962],[99.57618248800003,-2.2240536439999232],[99.58301842500003,-2.2110328099999492],[99.58985436300003,-2.2110328099999492],[99.59148196700005,-2.2213680969999245],[99.59392337300005,-2.2277971329999104],[99.59766686300003,-2.2290992169999413],[99.60352623800003,-2.2240536439999232],[99.61646569100003,-2.233575127999927],[99.61158287900008,-2.2427710919999413],[99.60254967500003,-2.253024997999944],[99.60352623800003,-2.265557549999926],[99.61085045700003,-2.2671851539999466],[99.64844811300003,-2.265557549999926],[99.67172285200007,-2.2712541649999594],[99.68702233200003,-2.2849260399999594],[99.69922936300003,-2.3008765599999492],[99.71338951900003,-2.3134091129999206],[99.72510826900003,-2.3170712219999245],[99.74976647200003,-2.31804778399993],[99.76172936300003,-2.3208960919999413],[99.77214603000004,-2.3282203099999492],[99.77995853000004,-2.337009372999944],[99.78809655000003,-2.3444149719999245],[99.79957116000003,-2.3474260399999594],[99.82455488400007,-2.347588799999926],[99.83334394600007,-2.352308851999908],[99.83969160200007,-2.375258070999962],[99.84620201900003,-2.380059502999927],[99.85336347700007,-2.3776180969999245],[99.85792076900003,-2.367364190999922],[99.85792076900003,-2.3747697899999594],[99.85873457100007,-2.3568661439999232],[99.84961998800003,-2.333916924999926],[99.82325280000003,-2.292901299999926]]}},{"type":"Feature","properties":{"id":1542,"source":"Natural Earth","provenance":"REAL DATA"},"geometry":{"type":"LineString","coordinates":[[99.27442467500003,-1.634942315999922],[99.27808678500003,-1.6200497379999206],[99.27247155000003,-1.601820570999962],[99.26205488400007,-1.5866838519999078],[99.25123131600003,-1.580336195999962],[99.23365319100003,-1.5808244769999078],[99.21941165500004,-1.5797665339999298],[99.20972741000003,-1.5729305969999245],[99.20630944100003,-1.5560848939999232],[99.20630944100003,-1.5289039039999466],[99.20362389400003,-1.5172665339999298],[99.19703209700003,-1.5128720029999272],[99.18824303500003,-1.5103492169999413],[99.17888431100005,-1.5045712219999245],[99.14584394600007,-1.4694149719999245],[99.13062584700003,-1.4481747379999206],[99.12427819100003,-1.4288876279999272],[99.13054446700005,-1.4288876279999272],[99.15577233200003,-1.4512671849999492],[99.16529381600003,-1.4562313779999272],[99.16472415500004,-1.414239190999922],[99.14405358200003,-1.3890927059999285],[99.11670983200003,-1.3666317689999232],[99.09644616000003,-1.3326962219999245],[99.08741295700003,-1.2968075499999259],[99.07764733200003,-1.283379815999922],[99.05909264400003,-1.2780087219999245],[99.05307050900007,-1.2726376279999272],[99.05738366000003,-1.2614885399999594],[99.06519616000003,-1.2518856749999259],[99.06959069100003,-1.2513973939999232],[99.06763756600003,-1.2413876279999272],[99.06430097700007,-1.234551690999922],[99.04704837300005,-1.2137997379999206],[99.04037519600007,-1.2101376279999272],[99.03638756600003,-1.2054989559999285],[99.03492272200003,-1.1928036439999232],[99.03256269600007,-1.1825497379999206],[99.02662194100003,-1.1742489559999285],[99.01099694100003,-1.1588680969999245],[99.00171959700003,-1.144707940999922],[98.98926842500003,-1.1110979149999594],[98.98031660200007,-1.0936825499999259],[98.96810957100007,-1.0836727839999298],[98.95240319100003,-1.0754533829999104],[98.93832441500007,-1.0651180969999245],[98.93246504000007,-1.049004815999922],[98.92945397200003,-1.0299618469999245],[98.92188561300003,-1.0175106749999259],[98.91293379000007,-1.006117445999962],[98.90528405000003,-0.9906552059999285],[98.91602623800003,-0.990492445999962],[98.92481530000003,-0.992445570999962],[98.93238366000003,-0.9968401019999078],[98.93930097700007,-1.0036760399999594],[98.94581139400003,-0.984633070999962],[98.93751061300003,-0.9600562479999439],[98.91797936300003,-0.9401180969999245],[98.89161217500003,-0.9354794249999259],[98.89820397200003,-0.9157040339999298],[98.88282311300003,-0.9131812479999439],[98.84001712300005,-0.9224585919999413],[98.82748457100007,-0.9271786439999232],[98.80323326900003,-0.9498023419999413],[98.78858483200003,-0.9566382789999466],[98.76905358200003,-0.9564755189999232],[98.73796634200005,-0.9457333309999285],[98.72364342500003,-0.9429664039999466],[98.70411217500003,-0.9441057269999078],[98.68482506600003,-0.9480119769999078],[98.66846764400003,-0.9543596329999104],[98.65821373800003,-0.9634742169999413],[98.65162194100003,-0.9820289039999466],[98.64975019600007,-1.0043270809999285],[98.65137780000003,-1.049004815999922],[98.64893639400003,-1.0720354149999594],[98.64283287900008,-1.093926690999922],[98.62403405000003,-1.1346981749999259],[98.59791100400008,-1.1769345029999272],[98.59376061300003,-1.1984188779999272],[98.60694420700003,-1.2203915339999298],[98.61378014400003,-1.2291805969999245],[98.63086998800003,-1.2644182269999078],[98.63160241000003,-1.2692196589999298],[98.63005618600005,-1.2802059879999206],[98.63086998800003,-1.2848446589999298],[98.63550866000003,-1.2896460919999413],[98.65137780000003,-1.2985165339999298],[98.81169681100005,-1.5289852839999298],[98.83033287900008,-1.5702450499999259],[98.82260175900007,-1.607598565999922],[98.82642662900008,-1.6124813779999272],[98.83814537900008,-1.6178524719999245],[98.84302819100003,-1.621270440999922],[98.88477623800003,-1.6793759089999298],[98.89869225400008,-1.687758070999962],[98.96013431100005,-1.713067315999922],[98.98568769600007,-1.7400041649999594],[99.10059655000003,-1.7994117169999413],[99.11850019600007,-1.8023414039999466],[99.13428795700003,-1.7960751279999272],[99.14820397200003,-1.7858212219999245],[99.16456139400003,-1.778415622999944],[99.18213951900003,-1.773695570999962],[99.20818118600005,-1.770603122999944],[99.23080488400007,-1.7770321589999298],[99.24415123800003,-1.7789852839999298],[99.25489342500003,-1.7720679669999413],[99.25505618600005,-1.756036065999922],[99.24537194100003,-1.7155087219999245],[99.21078535200007,-1.638929945999962],[99.20004316500007,-1.6281063779999272],[99.20875084700003,-1.6257463519999078],[99.21404056100005,-1.6236304669999413],[99.22673587300005,-1.6144345029999272],[99.25416100400008,-1.654473565999922],[99.26148522200003,-1.6696916649999594],[99.27442467500003,-1.7379696589999298],[99.29200280000003,-1.718926690999922],[99.29428144600007,-1.6862118469999245],[99.28687584700003,-1.6537411439999232],[99.27442467500003,-1.634942315999922]]}},{"type":"Feature","properties":{"id":1543,"source":"Natural Earth","provenance":"REAL DATA"},"geometry":{"type":"LineString","coordinates":[[98.50196373800003,-0.4605445289999466],[98.50879967500003,-0.4425595029999272],[98.51238040500004,-0.42294687299994393],[98.51026451900003,-0.4037411439999232],[98.50049889400003,-0.38738372199992455],[98.50733483200003,-0.36492278399992983],[98.49341881600003,-0.32919687299994393],[98.45118248800003,-0.2583960919999413],[98.44068444100003,-0.2465145809999285],[98.42920983200003,-0.24382903399992983],[98.41863040500004,-0.25758228999995936],[98.42611738400007,-0.28818124799994393],[98.42546634200005,-0.29859791499995936],[98.42066491000003,-0.30380624799994393],[98.41342207100007,-0.3067359349999492],[98.40544681100005,-0.308851820999962],[98.39812259200005,-0.31226978999995936],[98.38941491000003,-0.3208960919999413],[98.36890709700003,-0.3492164039999466],[98.36402428500003,-0.36003997199992455],[98.36264082100007,-0.38014088299991045],[98.36597741000003,-0.4220516909999219],[98.36402428500003,-0.4419898419999413],[98.34213300900007,-0.5062802059999285],[98.33611087300005,-0.5177548159999219],[98.32927493600005,-0.5187313779999272],[98.31185957100007,-0.511976820999962],[98.30201256600003,-0.5109188779999272],[98.29509524800005,-0.5133602839999298],[98.28419030000003,-0.521742445999962],[98.27515709700003,-0.5251604149999594],[98.31674238400007,-0.5350887999999259],[98.39031009200005,-0.5770809879999206],[98.42204837300005,-0.5866024719999245],[98.42042076900003,-0.5790341129999206],[98.42188561300003,-0.5617815079999104],[98.42554772200003,-0.5433895809999285],[98.43165123800003,-0.5319963519999078],[98.44792728000004,-0.5262997379999206],[98.46208743600005,-0.5294735659999219],[98.46778405000003,-0.5388322899999594],[98.45899498800003,-0.5518531229999439],[98.46745853000004,-0.5560848939999232],[98.47348066500007,-0.5567359349999492],[98.47925866000003,-0.5531552059999285],[98.48682701900003,-0.5455868469999245],[98.48910566500007,-0.5507137999999259],[98.49138431100005,-0.5538876279999272],[98.49293053500003,-0.5578752579999104],[98.49366295700003,-0.5656063779999272],[98.50049889400003,-0.5656063779999272],[98.50440514400003,-0.5512020809999285],[98.50269616000003,-0.535414320999962],[98.49642988400007,-0.5209286439999232],[98.48682701900003,-0.5109188779999272],[98.49512780000003,-0.4986304669999413],[98.50163821700005,-0.48609791499995936],[98.50456790500004,-0.4735653629999206],[98.50196373800003,-0.4605445289999466]]}},{"type":"Feature","properties":{"id":1544,"source":"Natural Earth","provenance":"REAL DATA"},"geometry":{"type":"LineString","coordinates":[[98.47999108200003,-0.1583798159999219],[98.46998131600003,-0.10751718499994922],[98.44336998800003,-0.052015882999910446],[98.40609785200007,-0.007378838999954951],[98.36402428500003,0.010484117000089554],[98.32496178500003,0.003973700000074132],[98.30445397200003,-0.0017229149999593574],[98.29566491000003,-0.007256768999923224],[98.30176842500003,-0.01873137799992719],[98.31592858200003,-0.02833424299996068],[98.33187910200007,-0.036797783999929834],[98.34351647200003,-0.044732354999950985],[98.36329186300003,-0.0743954409999219],[98.38998457100007,-0.14039478999995936],[98.40552819100003,-0.168226820999962],[98.51246178500003,-0.31902434699992455],[98.54151451900003,-0.381117445999962],[98.54900149800005,-0.381117445999962],[98.54786217500003,-0.3692359349999492],[98.54265384200005,-0.35418059699992455],[98.54151451900003,-0.34303150799991045],[98.54322350400008,-0.3340796849999492],[98.55176842500003,-0.32219817499992587],[98.55518639400003,-0.31226978999995936],[98.55518639400003,-0.3185360659999219],[98.55982506600003,-0.2782528629999206],[98.53223717500003,-0.23935312299994393],[98.49732506600003,-0.1998023419999413],[98.47999108200003,-0.1583798159999219]]}},{"type":"Feature","properties":{"id":1561,"source":"Natural Earth","provenance":"REAL DATA"},"geometry":{"type":"LineString","coordinates":[[98.55518639400003,1.6820335960000534],[98.54053795700003,1.6734072940000715],[98.53109785200007,1.6614444030000755],[98.52100670700003,1.6555850280000755],[98.50416100400008,1.664943752000056],[98.48812910200007,1.6904971370000794],[98.47706139400003,1.7035993510000935],[98.46265709700003,1.7092959660000702],[98.44564863400007,1.7043317730000922],[98.43482506600003,1.6919619810000768],[98.43018639400003,1.676459052000041],[98.43165123800003,1.6615257830000587],[98.43995201900003,1.6498477230000503],[98.45183353000004,1.646226304000038],[98.46485436300003,1.6441917990000547],[98.49756920700003,1.6272647160000702],[98.52881920700003,1.623236395000049],[98.55990644600007,1.6236026060000768],[98.58106530000003,1.626776434000078],[98.59913170700003,1.631984768000052],[98.59066816500007,1.6519229190000715],[98.57097415500004,1.6730817730000922],[98.55518639400003,1.6820335960000534]]}},{"type":"Feature","properties":{"id":1562,"source":"Natural Earth","provenance":"REAL DATA"},"geometry":{"type":"LineString","coordinates":[[97.15113366000003,2.0580915390000882],[97.14844811300003,2.0741641300000424],[97.14291425900007,2.0922712260000935],[97.13379967500003,2.107163804000038],[97.12012780000003,2.113348700000074],[97.10035241000003,2.1112735050000424],[97.09253991000003,2.105536200000074],[97.08725019600007,2.0968692080000437],[97.07545006600003,2.086004950000074],[97.06902103000004,2.087144273000092],[97.10230553500003,2.016058661000045],[97.11500084700003,2.0147158870000794],[97.12427819100003,2.021673895000049],[97.12012780000003,2.0348574890000464],[97.12305748800003,2.0392927100000406],[97.14478600400008,2.0519473330000437],[97.15113366000003,2.0580915390000882]]}},{"type":"Feature","properties":{"id":1564,"source":"Natural Earth","provenance":"REAL DATA"},"geometry":{"type":"LineString","coordinates":[[96.64405358200003,2.127020575000074],[96.62769616000003,2.1294619810000768],[96.61833743600005,2.1268578150000508],[96.61329186300003,2.119126695000091],[96.60987389400003,2.1065127620000794],[96.60962975400008,2.080145575000074],[96.62289472700007,2.07062409100007],[96.64356530000003,2.0744489600000406],[96.66537519600007,2.087876695000091],[96.67172285200007,2.101996161000045],[96.66822350400008,2.1134300800000574],[96.65796959700003,2.1218122420000896],[96.64405358200003,2.127020575000074]]}},{"type":"Feature","properties":{"id":1565,"source":"Natural Earth","provenance":"REAL DATA"},"geometry":{"type":"LineString","coordinates":[[97.32862389400003,2.1475283870000794],[97.32374108200003,2.1695824240000547],[97.31983483200003,2.1786563170000477],[97.30583743600005,2.185370184000078],[97.28150475400008,2.2089297550000424],[97.28923587300005,2.2211774760000935],[97.28126061300003,2.2290713560000768],[97.26465905000003,2.232245184000078],[97.24675540500004,2.230658270000049],[97.23292076900003,2.2238223330000437],[97.22071373800003,2.2143008480000503],[97.20801842500003,2.2075869810000768],[97.19157962300005,2.2089297550000424],[97.18279056100005,2.2260602890000882],[97.17847741000003,2.230658270000049],[97.17172285200007,2.233099677000041],[97.16700280000003,2.233099677000041],[97.12517337300005,2.225490627000056],[97.10938561300003,2.2201602230000503],[97.10279381600003,2.212713934000078],[97.20736738400007,2.175523179000038],[97.22681725400008,2.158026434000078],[97.23389733200003,2.147162177000041],[97.27808678500003,2.1030947940000715],[97.28785241000003,2.0874697940000715],[97.29615319100003,2.0695254580000437],[97.30616295700003,2.0571963560000768],[97.32178795700003,2.0580915390000882],[97.32032311300003,2.0499942080000437],[97.32178795700003,2.031439520000049],[97.32935631600003,2.0363223330000437],[97.33521569100003,2.0421817080000437],[97.33952884200005,2.04946523600006],[97.34229576900003,2.0580915390000882],[97.34302819100003,2.0833194030000755],[97.34107506600003,2.1056989600000406],[97.33627363400007,2.1266543640000464],[97.32862389400003,2.1475283870000794]]}},{"type":"Feature","properties":{"id":1571,"source":"Natural Earth","provenance":"REAL DATA"},"geometry":{"type":"LineString","coordinates":[[96.47950280000003,2.4149844420000477],[96.46501712300005,2.43781159100007],[96.44410241000003,2.4903832050000574],[96.42432701900003,2.510565497000073],[96.41724694100003,2.5063337260000935],[96.41065514400003,2.508937893000052],[96.39649498800003,2.5248477230000503],[96.39698326900003,2.4931094420000477],[96.39527428500003,2.477362372000073],[96.39014733200003,2.4696719420000477],[96.37525475400008,2.473863023000092],[96.36784915500004,2.4896914730000503],[96.36394290500004,2.508490302000041],[96.35914147200003,2.5214297550000424],[96.33594811300003,2.5521507830000587],[96.32129967500003,2.566148179000038],[96.30420983200003,2.572088934000078],[96.29070071700005,2.5751813820000393],[96.25782311300003,2.591864325000074],[96.24610436300003,2.6000023460000534],[96.15796959700003,2.6804059920000896],[96.14372806100005,2.6787783870000794],[96.14698326900003,2.670721747000073],[96.16089928500003,2.6612002620000794],[96.16423587300005,2.65460846600007],[96.16187584700003,2.6477725280000755],[96.15626061300003,2.648423570000091],[96.14714603000004,2.65460846600007],[96.13843834700003,2.658392645000049],[96.12973066500007,2.6647809920000896],[96.11866295700003,2.666001695000091],[96.10279381600003,2.65460846600007],[96.10181725400008,2.6754417990000547],[96.13086998800003,2.715277411000045],[96.12631269600007,2.7337100280000755],[96.10678144600007,2.7496605490000547],[96.09050540500004,2.757798570000091],[96.02833092500003,2.768459377000056],[96.00326582100007,2.7770042990000547],[95.98170006600003,2.7903506530000755],[95.96452884200005,2.827948309000078],[95.92774498800003,2.844549872000073],[95.91724694100003,2.8606631530000755],[95.88306725400008,2.846380927000041],[95.88298587300005,2.883937893000052],[95.89079837300005,2.889105536000045],[95.91041100400008,2.87368398600006],[95.91187584700003,2.906236070000091],[95.88404381600003,2.9190127620000794],[95.81413821700005,2.9221052100000406],[95.81104576900003,2.9274356140000464],[95.80152428500003,2.937567450000074],[95.79151451900003,2.942531643000052],[95.78687584700003,2.9326846370000794],[95.78467858200003,2.924953518000052],[95.77320397200003,2.9050153670000896],[95.77182050900007,2.8954531920000477],[95.76677493600005,2.8781192080000437],[95.76636803500003,2.86749909100007],[95.76986738400007,2.8648949240000547],[95.77662194100003,2.8609886740000547],[95.78150475400008,2.8550479190000715],[95.78003991000003,2.846380927000041],[95.76872806100005,2.8408063820000393],[95.71485436300003,2.84015534100007],[95.69955488400007,2.831773179000038],[95.69263756600003,2.81281159100007],[95.69263756600003,2.7920596370000794],[95.69800866000003,2.7787539730000503],[95.71021569100003,2.7774925800000574],[95.72787519600007,2.7792422550000424],[95.74008222700007,2.7780622420000896],[95.73568769600007,2.76788971600007],[95.73519941500007,2.757879950000074],[95.74878991000003,2.7499046900000508],[95.76156660200007,2.7399356140000464],[95.75896243600005,2.7241071640000882],[95.78891035200007,2.704006252000056],[95.79428144600007,2.6962344420000477],[95.78744550900007,2.6740583350000406],[95.78532962300005,2.660589911000045],[95.79053795700003,2.65460846600007],[95.86255944100003,2.65460846600007],[95.87476647200003,2.6458194030000755],[95.87777754000007,2.6371117210000534],[95.87818444100003,2.6285667990000547],[95.88306725400008,2.6204287780000755],[95.89210045700003,2.6156273460000534],[95.91146894600007,2.6102969420000477],[95.93140709700003,2.5956078150000508],[95.93995201900003,2.5951602230000503],[95.94752037900008,2.5980492210000534],[95.95508873800003,2.6000023460000534],[95.95801842500003,2.602240302000041],[95.96127363400007,2.6071231140000464],[95.96509850400008,2.6142438820000393],[95.97193444100003,2.612209377000056],[95.98064212300005,2.602687893000052],[95.98609459700003,2.6000023460000534],[96.01099694100003,2.6008975280000755],[96.02027428500003,2.6000023460000534],[96.04265384200005,2.5920270850000406],[96.06568444100003,2.5794131530000755],[96.23991946700005,2.4486758480000503],[96.28516686300003,2.436428127000056],[96.30616295700003,2.405096747000073],[96.32813561300003,2.394517320000091],[96.32260175900007,2.389797268000052],[96.31283613400007,2.378648179000038],[96.30762780000003,2.3740908870000794],[96.32081139400003,2.363470770000049],[96.33497155000003,2.355454820000091],[96.35108483200003,2.3550479190000715],[96.36963951900003,2.367254950000074],[96.41138756600003,2.343817450000074],[96.42090905000003,2.343003648000092],[96.43067467500003,2.348781643000052],[96.46583092500003,2.359808661000045],[96.45850670700003,2.359808661000045],[96.48121178500003,2.3639997420000896],[96.48121178500003,2.3788516300000424],[96.47510826900003,2.3978539080000587],[96.47950280000003,2.4149844420000477]]}},{"type":"Feature","properties":{"id":1590,"source":"Natural Earth","provenance":"REAL DATA"},"geometry":{"type":"LineString","coordinates":[[95.17741946700005,5.62836334800005],[95.15503991000003,5.656683661000045],[95.14177493600005,5.664129950000074],[95.13575280000003,5.646307684000078],[95.12989342500003,5.640041408000059],[95.11817467500003,5.631659247000073],[95.10914147200003,5.622015692000048],[95.11158287900008,5.611883856000077],[95.12232506600003,5.6067569030000755],[95.13379967500003,5.6061872420000896],[95.14527428500003,5.6042341170000896],[95.15626061300003,5.594794012000079],[95.16325931100005,5.602443752000056],[95.17139733200003,5.607245184000078],[95.18051191500007,5.609198309000078],[95.19109134200005,5.608465887000079],[95.17741946700005,5.62836334800005]]}},{"type":"Feature","properties":{"id":1591,"source":"Natural Earth","provenance":"REAL DATA"},"geometry":{"type":"LineString","coordinates":[[95.11524498800003,5.711493231000077],[95.12208092500003,5.7046572940000715],[95.10230553500003,5.720200914000088],[95.08090254000007,5.7409528670000896],[95.05827884200005,5.757310289000088],[95.03394616000003,5.759914455000057],[95.02369225400008,5.754055080000057],[95.01465905000003,5.7446149760000935],[95.01270592500003,5.735825914000088],[95.02312259200005,5.7320010440000715],[95.03272545700003,5.733547268000052],[95.04037519600007,5.736029364000046],[95.04883873800003,5.736476955000057],[95.06072024800005,5.7320010440000715],[95.06072024800005,5.724554755000042],[95.04867597700007,5.718451239000046],[95.05103600400008,5.712958075000074],[95.05713951900003,5.70734284100007],[95.05730228000004,5.700913804000038],[95.05103600400008,5.694403387000079],[95.04786217500003,5.689642645000049],[95.05030358200003,5.686224677000041],[95.06072024800005,5.683579820000091],[95.05713951900003,5.674750067000048],[95.05689537900008,5.669094143000052],[95.06072024800005,5.656236070000091],[95.09473717500003,5.683579820000091],[95.12208092500003,5.6692569030000755],[95.13233483200003,5.680121161000045],[95.13331139400003,5.691310940000051],[95.12696373800003,5.702053127000056],[95.11524498800003,5.711493231000077]]}},{"type":"Feature","properties":{"id":1592,"source":"Natural Earth","provenance":"REAL DATA"},"geometry":{"type":"LineString","coordinates":[[95.34180748800003,5.896429755000042],[95.32496178500003,5.8980166690000715],[95.31495201900003,5.887762762000079],[95.30730228000004,5.8723819030000755],[95.29712975400008,5.858587958000044],[95.28386478000004,5.857407945000091],[95.27247155000003,5.870306708000044],[95.25928795700003,5.896429755000042],[95.24781334700003,5.905218817000048],[95.23617597700007,5.909125067000048],[95.21461022200003,5.910101630000042],[95.21355228000004,5.902533270000049],[95.22055097700007,5.885931708000044],[95.23145592500003,5.869289455000057],[95.25269616000003,5.854966539000088],[95.25977623800003,5.839260158000059],[95.26587975400008,5.821112372000073],[95.27295983200003,5.807074286000045],[95.28663170700003,5.794419664000088],[95.30274498800003,5.785711981000077],[95.32032311300003,5.780747789000088],[95.33838951900003,5.779201565000051],[95.35043379000007,5.783636786000045],[95.35531660200007,5.795152085000041],[95.35547936300003,5.82758209800005],[95.36866295700003,5.818304755000042],[95.37256920700003,5.813625393000052],[95.37598717500003,5.807074286000045],[95.38282311300003,5.807074286000045],[95.38282311300003,5.841864325000074],[95.35132897200003,5.88703034100007],[95.34180748800003,5.896429755000042]]}},{"type":"Feature","properties":{"id":1593,"source":"Natural Earth","provenance":"REAL DATA"},"geometry":{"type":"LineString","coordinates":[[99.78629161100008,6.24182214800004],[99.76723441600006,6.223804251000047],[99.77471042300004,6.204017199000077],[99.78405904600004,6.201118998000084],[99.78952269900003,6.185875956000075],[99.80559648300004,6.171792982000056],[99.81695288700007,6.176527626000052],[99.82642783100005,6.190674611000077],[99.83023316600003,6.205753451000078],[99.82381200400005,6.222867477000079],[99.82325280000003,6.239081122000073],[99.82496178500003,6.245591539000088],[99.82485877300007,6.257720434000078],[99.83231797400003,6.2689145600000415],[99.83978225000004,6.277297115000067],[99.83697849400005,6.294227056000068],[99.82392178600003,6.282135856000082],[99.80044244900006,6.27281133200006],[99.78629161100008,6.24182214800004]]}},{"type":"Feature","properties":{"id":1594,"source":"Natural Earth","provenance":"REAL DATA"},"geometry":{"type":"LineString","coordinates":[[99.90061659800006,6.364303784000072],[99.90903044100003,6.37806779400006],[99.91334069100003,6.3902041690000715],[99.90479576900003,6.3977725280000755],[99.89759415000003,6.402046953000081],[99.89893639400003,6.410345770000049],[99.87826582100007,6.419745184000078],[99.86646569100003,6.429673570000091],[99.85889733200003,6.443793036000045],[99.85108483200003,6.465643622000073],[99.84202909600003,6.4696390390000715],[99.83277428500003,6.470851955000057],[99.83448326900003,6.463283596000053],[99.83920332100007,6.454820054000038],[99.82395070300004,6.4546458570000596],[99.81429161100004,6.4540366600000425],[99.80224884300003,6.436050476000048],[99.78599624100008,6.422854432000065],[99.77092667200003,6.419841624000071],[99.73647816000005,6.423983516000078],[99.72137140400008,6.4341516320000665],[99.68875121300005,6.43530531600004],[99.66944363000005,6.426886127000046],[99.64522806000008,6.435840878000079],[99.64600670700003,6.394191799000055],[99.65007571700005,6.376695054000038],[99.65870201900003,6.3626162780000755],[99.67683825200004,6.3639737600000785],[99.70280726000004,6.358625424000081],[99.71904369200007,6.353230673000041],[99.72213222700003,6.327483499000039],[99.71545779600007,6.310057516000086],[99.72873460300008,6.261475800000085],[99.73667266600006,6.264571008000075],[99.74894929300007,6.270182652000074],[99.76166422200004,6.282842796000068],[99.77803186100004,6.282972726000082],[99.79177021900006,6.2984571690000735],[99.80730692400005,6.317532434000043],[99.82533255000004,6.324098670000069],[99.84458594200004,6.324685901000066],[99.84941794500003,6.300711598000078],[99.86569178000008,6.2905266040000924],[99.87050805600006,6.304923615000064],[99.88316172000003,6.312731168000084],[99.89169428400004,6.321944661000089],[99.90610298600006,6.326067391000038],[99.91627037900008,6.331529039000088],[99.91447663800005,6.339711457000078],[99.91086526100003,6.348726301000056],[99.90061659800006,6.364303784000072]]}},{"type":"Feature","properties":{"id":1595,"source":"Natural Earth","provenance":"REAL DATA"},"geometry":{"type":"LineString","coordinates":[[99.24781334700003,6.57485586100006],[99.23926842500003,6.57680898600006],[99.20630944100003,6.57485586100006],[99.21371504000007,6.57485586100006],[99.19556725400008,6.571234442000048],[99.18604576900003,6.559393622000073],[99.17644290500004,6.550197658000059],[99.15845787900008,6.554388739000046],[99.17400149800005,6.539007880000042],[99.19483483200003,6.533107815000051],[99.21729576900003,6.536932684000078],[99.24732506600003,6.557033596000053],[99.25757897200003,6.560939846000053],[99.26026451900003,6.565822658000059],[99.24781334700003,6.57485586100006]]}},{"type":"Feature","properties":{"id":1596,"source":"Natural Earth","provenance":"REAL DATA"},"geometry":{"type":"LineString","coordinates":[[99.67237389400003,6.516546942000048],[99.67579186300003,6.524562893000052],[99.68360436300003,6.526841539000088],[99.69263756600003,6.528143622000073],[99.69971764400003,6.533270575000074],[99.70329837300005,6.54437897300005],[99.70443769600007,6.558294989000046],[99.69604397700004,6.587452689000088],[99.68028986000007,6.62403914500004],[99.68051191500007,6.672919012000079],[99.65699303500003,6.723822333000044],[99.65064537900008,6.717759507000039],[99.64649498800003,6.699367580000057],[99.64503014400003,6.681057033000059],[99.64242597700007,6.67133209800005],[99.63640384200005,6.666896877000056],[99.62924238400007,6.6636416690000715],[99.62387129000007,6.657416083000044],[99.62354576900003,6.651068427000041],[99.62598717500003,6.632798570000091],[99.62387129000007,6.622707424000055],[99.61394290500004,6.60883209800005],[99.60303795700003,6.5969912780000755],[99.60027103000004,6.58344147300005],[99.63414807500004,6.552054746000067],[99.64682050900007,6.509670315000051],[99.65870201900003,6.492336330000057],[99.66627037900008,6.497015692000048],[99.67042076900003,6.501450914000088],[99.67212975400008,6.507310289000088],[99.67237389400003,6.516546942000048]]}},{"type":"Feature","properties":{"id":1598,"source":"Natural Earth","provenance":"REAL DATA"},"geometry":{"type":"LineString","coordinates":[[93.92025800900007,7.024318752000056],[93.91293379000007,7.035101630000042],[93.90308678500003,7.06085846600007],[93.88705488400007,7.08930084800005],[93.88314863400007,7.104722398000092],[93.88062584700003,7.144273179000038],[93.87671959700003,7.163560289000088],[93.87037194100003,7.180568752000056],[93.86500084700003,7.200669664000088],[93.85531660200007,7.2141787780000755],[93.83082116000003,7.2359072940000715],[93.81397545700008,7.241848049000055],[93.79761803500003,7.234605210000041],[93.77214603000004,7.211737372000073],[93.76531009200005,7.219142971000053],[93.73991946700005,7.207098700000074],[93.73462975400008,7.205511786000045],[93.73015384200005,7.202215887000079],[93.72461998800003,7.194973049000055],[93.71729576900003,7.187689520000049],[93.70753014400003,7.184393622000073],[93.68539472700007,7.184515692000048],[93.67644290500004,7.181870835000041],[93.65357506600003,7.13149648600006],[93.64966881600003,7.1196149760000935],[93.64918053500003,7.013088283000059],[93.66456139400003,7.026516018000052],[93.68433678500003,7.020900783000059],[93.70362389400003,7.006293036000045],[93.71753991000003,6.992621161000045],[93.72877037900008,6.970526434000078],[93.73747806100005,6.943264065000051],[93.74805748800003,6.923570054000038],[93.76531009200005,6.9243024760000935],[93.76449629000007,6.911525783000059],[93.76612389400003,6.9011091170000896],[93.77076256600003,6.8938662780000755],[93.77955162900008,6.8902041690000715],[93.77312259200005,6.877997137000079],[93.77572675900007,6.867377020000049],[93.78370201900003,6.857977606000077],[93.79322350400008,6.8491885440000715],[93.78443444100003,6.8364118510000935],[93.79216556100005,6.825873114000046],[93.80543053500003,6.81671784100007],[93.81373131600003,6.808294989000046],[93.81324303500003,6.788031317000048],[93.80933678500003,6.769029039000088],[93.81267337300005,6.753973700000074],[93.83423912900008,6.74555084800005],[93.84791100400008,6.785305080000057],[93.85938561300003,6.8042666690000715],[93.87175540500004,6.804510809000078],[93.88005618600005,6.800441799000055],[93.88990319100003,6.800970770000049],[93.89844811300003,6.804185289000088],[93.90308678500003,6.808294989000046],[93.90414472700007,6.819240627000056],[93.89926191500007,6.827134507000039],[93.89283287900008,6.834051825000074],[93.88941491000003,6.841782945000091],[93.89356530000003,6.876776434000078],[93.92107181100005,6.933823960000041],[93.92986087300005,6.959051825000074],[93.92872155000003,7.01235586100006],[93.92025800900007,7.024318752000056]]}},{"type":"Feature","properties":{"id":1599,"source":"Natural Earth","provenance":"REAL DATA"},"geometry":{"type":"LineString","coordinates":[[99.40544681100005,7.266302802000041],[99.38550866000003,7.275580145000049],[99.37777754000007,7.252346096000053],[99.37818444100003,7.20180898600006],[99.38331139400003,7.1940778670000896],[99.39429772200003,7.205471096000053],[99.40886478000004,7.229396877000056],[99.41724694100003,7.235337632000039],[99.42823326900003,7.2389997420000896],[99.44060306100005,7.240220445000091],[99.45386803500003,7.2389997420000896],[99.44581139400003,7.250921942000048],[99.41911868600005,7.2565778670000896],[99.40544681100005,7.266302802000041]]}},{"type":"Feature","properties":{"id":1602,"source":"Natural Earth","provenance":"REAL DATA"},"geometry":{"type":"LineString","coordinates":[[93.73121178500003,7.369370835000041],[93.72169030000003,7.38117096600007],[93.70948326900003,7.388739325000074],[93.69947350400008,7.39874909100007],[93.69695071700005,7.417792059000078],[93.69695071700005,7.445054429000038],[93.68376712300005,7.421698309000078],[93.67798912900008,7.399400132000039],[93.66724694100003,7.382757880000042],[93.63868248800003,7.376166083000044],[93.61670983200008,7.367254950000074],[93.61036217500003,7.347316799000055],[93.60694420700008,7.326402085000041],[93.59400475400008,7.31476471600007],[93.61085045700008,7.2945010440000715],[93.61508222700007,7.28742096600007],[93.61744225400008,7.276068427000041],[93.61638431100005,7.267279364000046],[93.61793053500003,7.259955145000049],[93.62818444100003,7.253322658000059],[93.64421634200005,7.257513739000046],[93.67920983200008,7.298325914000088],[93.69695071700005,7.31476471600007],[93.71550540500004,7.325832424000055],[93.72852623800003,7.337103583000044],[93.73438561300003,7.350816148000092],[93.73121178500003,7.369370835000041]]}},{"type":"Feature","properties":{"id":1603,"source":"Natural Earth","provenance":"REAL DATA"},"geometry":{"type":"LineString","coordinates":[[99.03492272200003,7.644273179000038],[99.02808678500003,7.644273179000038],[99.02564537900008,7.64093659100007],[99.02442467500003,7.639837958000044],[99.02320397200003,7.639105536000045],[99.02068118600005,7.636867580000057],[99.02711022200003,7.622870184000078],[99.02906334700003,7.6061872420000896],[99.02808678500003,7.57172272300005],[99.03126061300003,7.561916408000059],[99.05713951900003,7.504055080000057],[99.07715905000003,7.480292059000078],[99.09994550900007,7.467230536000045],[99.11744225400008,7.479193427000041],[99.10141035200007,7.503566799000055],[99.08611087300005,7.536525783000059],[99.07593834700003,7.573228257000039],[99.07585696700005,7.6089541690000715],[99.06568444100003,7.615057684000078],[99.03492272200003,7.644273179000038]]}},{"type":"Feature","properties":{"id":1604,"source":"Natural Earth","provenance":"REAL DATA"},"geometry":{"type":"LineString","coordinates":[[99.12427819100003,7.657375393000052],[99.10450280000003,7.66937897300005],[99.06706790500004,7.675197658000059],[99.04460696700005,7.6633975280000755],[99.06959069100003,7.622544664000088],[99.07520592500003,7.619126695000091],[99.08187910200007,7.616034247000073],[99.08765709700003,7.6120466170000896],[99.09017988400007,7.605861721000053],[99.09302819100003,7.601263739000046],[99.09986412900008,7.596625067000048],[99.10873457100007,7.594183661000045],[99.11744225400008,7.595892645000049],[99.12403405000003,7.606838283000059],[99.12745201900003,7.625189520000049],[99.12745201900003,7.644354559000078],[99.12427819100003,7.657375393000052]]}},{"type":"Feature","properties":{"id":1605,"source":"Natural Earth","provenance":"REAL DATA"},"geometry":{"type":"LineString","coordinates":[[81.73878014400003,7.66046784100007],[81.77222741000008,7.61163971600007],[81.77637780000003,7.602728583000044],[81.78736412900008,7.593451239000046],[81.79029381600003,7.57172272300005],[81.78614342500003,7.508775132000039],[81.78598066500007,7.506740627000056],[81.78598066500007,7.506699937000064],[81.78671308700007,7.501776434000078],[81.78736412900008,7.4968122420000896],[81.78939863400007,7.494737046000068],[81.79371178500008,7.490220445000091],[81.80779056100005,7.479193427000041],[81.82260175900007,7.491359768000052],[81.82325280000003,7.5112979190000715],[81.82325280000003,7.511379299000055],[81.80632571700005,7.598578192000048],[81.79509524800005,7.616278387000079],[81.77076256600003,7.654689846000053],[81.76148522200003,7.679510809000078],[81.75928795700008,7.685288804000038],[81.75025475400008,7.698635158000059],[81.73796634200005,7.727484442000048],[81.72510826900003,7.739935614000046],[81.72510826900003,7.7398135440000715],[81.72999108200008,7.728216864000046],[81.72999108200008,7.728176174000055],[81.72868899800005,7.718491929000038],[81.72559655000003,7.70929596600007],[81.72510826900003,7.698919989000046],[81.72836347700007,7.689113674000055],[81.73316491000008,7.679103908000059],[81.73707116000008,7.670965887000079],[81.73878014400003,7.66046784100007]]}},{"type":"Feature","properties":{"id":1606,"source":"Natural Earth","provenance":"REAL DATA"},"geometry":{"type":"LineString","coordinates":[[93.42945397200003,7.955267645000049],[93.42416425900007,7.959865627000056],[93.40121504000007,7.967962958000044],[93.39600670700008,7.976385809000078],[93.39616946700005,7.997219143000052],[93.39478600400008,8.006740627000056],[93.39136803500003,8.015570380000042],[93.37029056100005,8.017320054000038],[93.34441165500004,8.012111721000053],[93.32260175900007,8.002101955000057],[93.31332441500007,7.989732164000088],[93.30502363400007,7.9499372420000896],[93.30665123800003,7.938544012000079],[93.31364993600005,7.929185289000088],[93.32300866000003,7.924383856000077],[93.33269290500004,7.924953518000052],[93.34066816500007,7.931708075000074],[93.34815514400003,7.924872137000079],[93.34107506600003,7.912583726000037],[93.34034264400003,7.901271877000056],[93.34498131600003,7.8913434920000896],[93.35425866000003,7.883286851000037],[93.36784915500004,7.878607489000046],[93.37842858200008,7.880764065000051],[93.38917076900003,7.885809637000079],[93.40211022200003,7.89008209800005],[93.41504967500003,7.892238674000055],[93.42123457100007,7.891791083000044],[93.43685957100007,7.883286851000037],[93.44792728000004,7.87140534100007],[93.45443769600007,7.869289455000057],[93.45736738400007,7.8801944030000755],[93.46045983200008,7.89984772300005],[93.45980879000007,7.91079336100006],[93.43311608200008,7.954291083000044],[93.42945397200003,7.955267645000049]]}},{"type":"Feature","properties":{"id":1607,"source":"Natural Earth","provenance":"REAL DATA"},"geometry":{"type":"LineString","coordinates":[[93.56592858200008,7.9993350280000755],[93.55860436300003,8.013617255000042],[93.54835045700008,8.020086981000077],[93.54029381600003,8.016180731000077],[93.53931725400008,7.9993350280000755],[93.52076256600003,8.004380601000037],[93.51148522200003,7.995510158000059],[93.51075280000003,7.980169989000046],[93.51832116000003,7.965806382000039],[93.57398522200003,7.924872137000079],[93.57422936300003,7.968817450000074],[93.57032311300003,7.9889997420000896],[93.56592858200008,7.9993350280000755]]}},{"type":"Feature","properties":{"id":1608,"source":"Natural Earth","provenance":"REAL DATA"},"geometry":{"type":"LineString","coordinates":[[98.54053795700003,8.10492584800005],[98.53630618600005,8.11513906500005],[98.53296959700003,8.11945221600007],[98.52849368600005,8.123480536000045],[98.52816816500007,8.107082424000055],[98.53101647200003,8.088568427000041],[98.53687584700003,8.071193752000056],[98.54981530000003,8.050116278000075],[98.55111738400007,8.042547919000071],[98.55486087300005,8.036932684000078],[98.56592858200003,8.034735419000071],[98.57439212300005,8.031805731000077],[98.57960045700003,8.024562893000052],[98.58228600400008,8.015366929000038],[98.58301842500003,8.006781317000048],[98.58041425900007,7.996161200000074],[98.57455488400007,7.994126695000091],[98.56804446700005,7.993353583000044],[98.56324303500003,7.986314195000091],[98.56283613400007,7.9780947940000715],[98.56755618600005,7.963364976000037],[98.57081139400003,7.939357815000051],[98.57732181100005,7.919623114000046],[98.58822675900007,7.90493398600006],[98.60352623800003,7.90375397300005],[98.61182701900003,7.92609284100007],[98.61036217500003,8.034735419000071],[98.60238691500007,8.06346263200004],[98.58692467500003,8.079291083000044],[98.54037519600007,8.105617580000057],[98.54053795700003,8.10492584800005]]}},{"type":"Feature","properties":{"id":1609,"source":"Natural Earth","provenance":"REAL DATA"},"geometry":{"type":"LineString","coordinates":[[98.41863040500004,7.90375397300005],[98.40894616000003,7.917710679000038],[98.40154056100005,7.935777085000041],[98.39747155000003,7.955023505000042],[98.39812259200005,7.972642320000091],[98.40219160200007,7.981024481000077],[98.40821373800003,7.9856631530000755],[98.41431725400008,7.98891836100006],[98.41863040500004,7.993150132000039],[98.41993248800003,8.00104401200008],[98.41773522200003,8.019110419000071],[98.41863040500004,8.027289130000042],[98.43189537900008,8.04979075700004],[98.43848717500003,8.065741278000075],[98.43913821700005,8.082505601000037],[98.43213951900003,8.09593333500004],[98.42261803500003,8.099310614000046],[98.41285241000003,8.094305731000077],[98.40552819100003,8.082505601000037],[98.38917076900003,8.095445054000038],[98.37370853000004,8.110907294000071],[98.36011803500003,8.118841864000046],[98.34961998800003,8.109198309000078],[98.34351647200003,8.109198309000078],[98.33570397200003,8.156439520000049],[98.33008873800003,8.170477606000077],[98.32081139400003,8.179103908000059],[98.31153405000003,8.18553294500009],[98.30290774800005,8.188055731000077],[98.29566491000003,8.184963283000059],[98.28907311300003,8.18968333500004],[98.28598066500007,8.191148179000038],[98.28142337300005,8.191799221000053],[98.28891035200007,8.15180084800005],[98.29021243600005,8.130113023000092],[98.28825931100005,8.109198309000078],[98.28532962300005,8.098863023000092],[98.27759850400008,8.083156643000052],[98.27515709700003,8.075669664000088],[98.27442467500003,8.06932200700004],[98.27613366000003,8.03384023600006],[98.28044681100005,8.014227606000077],[98.28142337300005,8.003078518000052],[98.27759850400008,7.993557033000059],[98.27003014400003,7.9839541690000715],[98.26596113400007,7.973781643000052],[98.27149498800003,7.962103583000044],[98.27409915500004,7.953680731000077],[98.26758873800003,7.946275132000039],[98.25863691500007,7.938299872000073],[98.25416100400008,7.928290106000077],[98.25798587300005,7.92641836100006],[98.27572675900007,7.921047268000052],[98.28142337300005,7.91742584800005],[98.28532962300005,7.90375397300005],[98.28003991000003,7.896918036000045],[98.27198326900003,7.893459377000056],[98.26775149800005,7.89008209800005],[98.26905358200003,7.879136460000041],[98.27295983200003,7.8706729190000715],[98.27767988400007,7.863430080000057],[98.28142337300005,7.855943101000037],[98.28663170700003,7.791693427000041],[98.29184004000007,7.777492580000057],[98.30909264400003,7.767726955000057],[98.32309004000007,7.77094147300005],[98.33253014400003,7.785956122000073],[98.33611087300005,7.8112653670000896],[98.34392337300005,7.832912502000056],[98.36231530000003,7.832424221000053],[98.39812259200005,7.815008856000077],[98.39535566500007,7.850490627000056],[98.39966881600003,7.8645694030000755],[98.43181399800005,7.874945380000042],[98.43978925900007,7.886623440000051],[98.43962649800005,7.9019229190000715],[98.43165123800003,7.91742584800005],[98.42798912900008,7.913234768000052],[98.42188561300003,7.908433335000041],[98.41863040500004,7.90375397300005]]}},{"type":"Feature","properties":{"id":1610,"source":"Natural Earth","provenance":"REAL DATA"},"geometry":{"type":"LineString","coordinates":[[98.63754316500007,8.171291408000059],[98.63705488400007,8.179348049000055],[98.63575280000003,8.18553294500009],[98.63209069100003,8.18976471600007],[98.62403405000003,8.191799221000053],[98.61589603000004,8.176174221000053],[98.60181725400008,8.16156647300005],[98.59229576900003,8.14679596600007],[98.59669030000003,8.13031647300005],[98.57471764400003,8.12498607000009],[98.57007897200003,8.118882554000038],[98.57960045700003,8.106146552000041],[98.58765709700003,8.101752020000049],[98.62086022200003,8.089992580000057],[98.62142988400007,8.10252513200004],[98.63754316500007,8.171291408000059]]}},{"type":"Feature","properties":{"id":1611,"source":"Natural Earth","provenance":"REAL DATA"},"geometry":{"type":"LineString","coordinates":[[93.53191165500004,8.034735419000071],[93.53736412900008,8.047796942000048],[93.53760826900003,8.057318427000041],[93.52515709700003,8.095038153000075],[93.50855553500003,8.12881094000005],[93.50521894600007,8.147040106000077],[93.51050866000003,8.166571356000077],[93.52149498800003,8.179103908000059],[93.53101647200003,8.193752346000053],[93.53166751400005,8.21320221600007],[93.52344811300003,8.225816148000092],[93.50464928500003,8.226996161000045],[93.48585045700008,8.220119533000059],[93.47730553500003,8.209133205000057],[93.47364342500003,8.198187567000048],[93.46509850400008,8.183294989000046],[93.45484459700003,8.170111395000049],[93.44654381600003,8.164496161000045],[93.44662519600007,8.154364325000074],[93.45736738400007,8.089992580000057],[93.46631920700008,8.074408270000049],[93.47974694100003,8.06321849200009],[93.49219811300003,8.063625393000052],[93.49781334700003,8.082505601000037],[93.51148522200003,8.07485586100006],[93.51693769600007,8.063299872000073],[93.51482181100005,8.056219794000071],[93.50521894600007,8.061997789000088],[93.49781334700003,8.061997789000088],[93.49561608200008,8.049383856000077],[93.48853600400008,8.04437897300005],[93.48080488400007,8.040513414000088],[93.47730553500003,8.030991929000038],[93.47925866000003,8.00291575700004],[93.48438561300003,7.991888739000046],[93.49496504000007,7.996283270000049],[93.50977623800003,8.01854075700004],[93.51197350400008,8.02415599200009],[93.51490319100003,8.02765534100007],[93.52800540500004,8.032416083000044],[93.53191165500004,8.034735419000071]]}},{"type":"Feature","properties":{"id":1612,"source":"Natural Earth","provenance":"REAL DATA"},"geometry":{"type":"LineString","coordinates":[[73.07715905000003,8.315252997000073],[73.07300866000008,8.295396226000037],[73.06316165500004,8.279486395000049],[73.04835045700008,8.26756419500009],[73.02930748800003,8.25999583500004],[73.02898196700005,8.263413804000038],[73.02930748800003,8.274115302000041],[73.02930748800003,8.274318752000056],[73.02930748800003,8.274359442000048],[73.02247155000003,8.274359442000048],[73.02409915500004,8.255438544000071],[73.03272545700008,8.249497789000088],[73.04468834700003,8.252427476000037],[73.05665123800003,8.25999583500004],[73.06609134200005,8.270453192000048],[73.08399498800003,8.30845774900007],[73.08399498800003,8.30849844000005],[73.08301842500003,8.311672268000052],[73.08301842500003,8.31435781500005],[73.08179772200003,8.315822658000059],[73.07715905000003,8.315252997000073]]}},{"type":"Feature","properties":{"id":1613,"source":"Natural Earth","provenance":"REAL DATA"},"geometry":{"type":"LineString","coordinates":[[93.13453209700003,8.240179755000042],[93.11410566500007,8.256415106000077],[93.10401451900003,8.275580145000049],[93.10075931100005,8.299261786000045],[93.10141035200007,8.345770575000074],[93.09506269600007,8.355169989000046],[93.08375084700003,8.355902411000045],[93.06983483200008,8.346625067000048],[93.06430097700007,8.336127020000049],[93.06128991000003,8.320746161000045],[93.05958092500003,8.291408596000053],[93.06576582100007,8.268133856000077],[93.08155358200008,8.242377020000049],[93.10254967500003,8.221502997000073],[93.12468509200005,8.21287669500009],[93.15349368600005,8.205511786000045],[93.16732832100007,8.20453522300005],[93.17628014400003,8.21287669500009],[93.17302493600005,8.221258856000077],[93.16081790500004,8.22874583500004],[93.13453209700003,8.240179755000042]]}},{"type":"Feature","properties":{"id":1614,"source":"Natural Earth","provenance":"REAL DATA"},"geometry":{"type":"LineString","coordinates":[[93.60767662900008,8.548041083000044],[93.60767662900008,8.569159247000073],[93.59498131600003,8.558010158000059],[93.59555097700007,8.54173411700009],[93.60767662900008,8.507066148000092],[93.60710696700005,8.490790106000077],[93.60035241000003,8.450344143000052],[93.60141035200007,8.438177802000041],[93.60971113400007,8.438421942000048],[93.61833743600005,8.453924872000073],[93.62517337300005,8.47361888200004],[93.62818444100003,8.48655833500004],[93.62680097700007,8.50584544500009],[93.62175540500004,8.520086981000077],[93.60767662900008,8.548041083000044]]}},{"type":"Feature","properties":{"id":1616,"source":"Natural Earth","provenance":"REAL DATA"},"geometry":{"type":"LineString","coordinates":[[79.71412194100003,9.07562897300005],[79.73601321700005,9.07322825700004],[79.74398847700007,9.071071682000081],[79.75896243600005,9.06704336100006],[79.77938886800007,9.058010158000059],[79.79981530000003,9.048976955000057],[79.84099368600005,9.012600002000056],[79.85132897200003,9.007391669000071],[79.85938561300003,9.001206773000092],[79.87012780000003,8.98818594000005],[79.88575280000003,8.976223049000055],[79.90967858200008,8.973211981000077],[79.90072675900007,8.989081122000073],[79.88030032600005,9.012193101000037],[79.85434004000007,9.041489976000037],[79.87126712300005,9.038560289000088],[79.90007571700005,9.02440013200004],[79.91643313900005,9.02102285400008],[79.91651451900003,9.020982164000088],[79.88233483200008,9.05377838700008],[79.84164472700007,9.07721588700008],[79.79900149800005,9.093329169000071],[79.77857506600003,9.098537502000056],[79.75879967500003,9.103583075000074],[79.71412194100003,9.103583075000074],[79.70118248800003,9.099188544000071],[79.69800866000008,9.089585679000038],[79.70297285200007,9.07998281500005],[79.71412194100003,9.07562897300005]]}},{"type":"Feature","properties":{"id":1617,"source":"Natural Earth","provenance":"REAL DATA"},"geometry":{"type":"LineString","coordinates":[[98.29566491000003,9.14516836100006],[98.28223717500003,9.156724351000037],[98.27328535200007,9.159979559000078],[98.26091556100005,9.158148505000042],[98.25082441500007,9.154038804000038],[98.24822024800005,9.150091864000046],[98.24838300900007,9.143377997000073],[98.24000084700003,9.062689520000049],[98.24048912900008,9.048976955000057],[98.25424238400007,9.036810614000046],[98.27418053500003,9.035956122000073],[98.29444420700003,9.041571356000077],[98.30933678500003,9.048976955000057],[98.30201256600003,9.055161851000037],[98.32300866000003,9.076239325000074],[98.32276451900003,9.09796784100007],[98.31739342500003,9.117132880000042],[98.30787194100003,9.133002020000049],[98.29566491000003,9.14516836100006]]}},{"type":"Feature","properties":{"id":1618,"source":"Natural Earth","provenance":"REAL DATA"},"geometry":{"type":"LineString","coordinates":[[92.81137327200008,9.23116996200008],[92.79527168600004,9.24081809200004],[92.77271569100003,9.25922272300005],[92.76303144600007,9.264146226000037],[92.75098717500003,9.261216539000088],[92.75440514400003,9.24445221600007],[92.74512780000003,9.229071356000077],[92.72925866000003,9.21784088700008],[92.71387780000003,9.213446356000077],[92.70850670700008,9.201605536000045],[92.71168053500003,9.175116278000075],[92.72022545700008,9.14712148600006],[92.73121178500003,9.13084544500009],[92.79956466200008,9.110154001000069],[92.83198132300004,9.145025417000056],[92.83384929400006,9.202359329000046],[92.81137327200008,9.23116996200008]]}},{"type":"Feature","properties":{"id":1619,"source":"Natural Earth","provenance":"REAL DATA"},"geometry":{"type":"LineString","coordinates":[[79.73080488400007,9.500189520000049],[79.71924889400003,9.524359442000048],[79.71412194100003,9.52806224200009],[79.69353274800005,9.52960846600007],[79.67628014400003,9.534979559000078],[79.67212975400008,9.545599677000041],[79.66529381600003,9.554022528000075],[79.65870201900003,9.555365302000041],[79.65577233200008,9.544867255000042],[79.65577233200008,9.50389232000009],[79.66602623800003,9.49127838700008],[79.68946373800003,9.483587958000044],[79.71469160200007,9.485052802000041],[79.72282962300005,9.492621161000045],[79.73080488400007,9.500148830000057],[79.73080488400007,9.500189520000049]]}},{"type":"Feature","properties":{"id":1620,"source":"Natural Earth","provenance":"REAL DATA"},"geometry":{"type":"LineString","coordinates":[[100.0,9.575157675388954],[99.98471113400007,9.579006252000056],[99.95948326900003,9.580755927000041],[99.93628991000003,9.577704169000071],[99.92628014400003,9.565985419000071],[99.93116295700003,9.548570054000038],[99.93962649800005,9.53025950700004],[99.94117272200003,9.511867580000057],[99.92628014400003,9.493963934000078],[99.93669681100005,9.474554755000042],[99.94076582100007,9.43748607000009],[99.94662519600007,9.41819896000004],[99.95630944100003,9.421616929000038],[100.0,9.425865666880776]]}},{"type":"Feature","properties":{"id":1621,"source":"Natural Earth","provenance":"REAL DATA"},"geometry":{"type":"LineString","coordinates":[[79.89584394600007,9.61749909100007],[79.89592532600005,9.61749909100007],[79.90853925900007,9.618963934000078],[79.92652428500008,9.629461981000077],[79.93360436300003,9.627752997000073],[79.94361412900008,9.621527411000045],[79.95777428500008,9.61717357000009],[79.97095787900008,9.617254950000074],[79.97787519600007,9.624335028000075],[79.97445722700007,9.63149648600006],[79.97339928500008,9.63377513200004],[79.96045983200008,9.641058661000045],[79.94499759200005,9.647609768000052],[79.93360436300003,9.654730536000045],[79.93116295700008,9.660956122000073],[79.92969811300003,9.675970770000049],[79.92644290500004,9.678941148000092],[79.90707441500007,9.677883205000057],[79.90284264400003,9.678941148000092],[79.89926191500007,9.683010158000059],[79.89470462300005,9.688177802000041],[79.89128665500004,9.696112372000073],[79.89039147200003,9.69830963700008],[79.89031009200005,9.698960679000038],[79.88884524800005,9.709906317000048],[79.88843834700003,9.72361888200004],[79.89112389400003,9.737209377000056],[79.89503014400003,9.748968817000048],[79.89405358200008,9.757391669000071],[79.89389082100007,9.757432359000063],[79.88233483200008,9.760891018000052],[79.86052493600005,9.756252346000053],[79.85425866000008,9.738470770000049],[79.85173587300005,9.716538804000038],[79.84066816500007,9.699408270000049],[79.86491946700005,9.651516018000052],[79.88038170700008,9.628607489000046],[79.89584394600007,9.61749909100007]]}},{"type":"Feature","properties":{"id":1622,"source":"Natural Earth","provenance":"REAL DATA"},"geometry":{"type":"LineString","coordinates":[[98.41163170700003,9.76829661700009],[98.41163170700003,9.774562893000052],[98.40211022200003,9.75584544500009],[98.38965905000003,9.74241771000004],[98.38493899800005,9.727932033000059],[98.39812259200005,9.706244208000044],[98.41667728000004,9.73346588700008],[98.41781660200007,9.74705638200004],[98.41163170700003,9.76829661700009]]}},{"type":"Feature","properties":{"id":1623,"source":"Natural Earth","provenance":"REAL DATA"},"geometry":{"type":"LineString","coordinates":[[100.0,9.797078151376345],[99.99789472700007,9.797267971000053],[99.98764082100007,9.80182526200008],[99.98357181100005,9.791937567000048],[99.97071373800003,9.771226304000038],[99.97055097700007,9.764593817000048],[99.98991946700005,9.74290599200009],[99.99333743600005,9.731675523000092],[99.98764082100007,9.719916083000044],[99.99919681100005,9.710353908000059],[100.0,9.710022622325718]]}},{"type":"Feature","properties":{"id":1625,"source":"Natural Earth","provenance":"REAL DATA"},"geometry":{"type":"LineString","coordinates":[[98.29566491000003,10.048895575000074],[98.29566491000003,10.05565013200004],[98.28248131600003,10.059393622000073],[98.27963300900007,10.058661200000074],[98.27515709700003,10.05565013200004],[98.25440514400003,10.062689520000049],[98.23462975400008,10.054185289000088],[98.20573978000004,10.028998114000046],[98.17896569100003,10.014105536000045],[98.17156009200005,10.007961330000057],[98.16781660200007,10.00141022300005],[98.16431725400008,9.992254950000074],[98.16016686300003,9.984116929000038],[98.15447024800005,9.980617580000057],[98.15186608200003,9.977443752000056],[98.14820397200003,9.970363674000055],[98.14063561300003,9.963283596000053],[98.12745201900003,9.960109768000052],[98.12427819100003,9.931382554000038],[98.12037194100003,9.922552802000041],[98.11817467500003,9.90851471600007],[98.11719811300003,9.882025458000044],[98.12061608200003,9.86131419500009],[98.13119550900007,9.864488023000092],[98.13347415500004,9.84560781500005],[98.14576256600003,9.856838283000059],[98.17156009200005,9.898098049000055],[98.16846764400003,9.90460846600007],[98.17090905000003,9.912258205000057],[98.17546634200005,9.921454169000071],[98.17896569100003,9.932806708000044],[98.19353274800005,9.931463934000078],[98.22779381600003,9.954006252000056],[98.24390709700003,9.960109768000052],[98.25123131600003,9.968329169000071],[98.25814863400007,9.985988674000055],[98.26921634200005,10.00259023600006],[98.28825931100005,10.007961330000057],[98.29411868600005,10.019110419000071],[98.28939863400007,10.024318752000056],[98.28101647200003,10.02838776200008],[98.27515709700003,10.035834052000041],[98.27369225400008,10.042181708000044],[98.27393639400003,10.048041083000044],[98.28003991000003,10.05101146000004],[98.29566491000003,10.048895575000074]]}},{"type":"Feature","properties":{"id":1626,"source":"Natural Earth","provenance":"REAL DATA"},"geometry":{"type":"LineString","coordinates":[[98.18580162900008,10.121161200000074],[98.18580162900008,10.04205963700008],[98.19532311300003,10.070502020000049],[98.20142662900008,10.118068752000056],[98.20777428500003,10.128648179000038],[98.21843509200005,10.13617584800005],[98.23365319100003,10.144476630000042],[98.22771243600005,10.150824286000045],[98.22779381600003,10.15525950700004],[98.23072350400008,10.159572658000059],[98.23365319100003,10.165513414000088],[98.23682701900003,10.166408596000053],[98.23951256600003,10.166489976000037],[98.24089603000004,10.167792059000078],[98.24048912900008,10.172349351000037],[98.22217858200003,10.177923895000049],[98.19605553500003,10.193182684000078],[98.17896569100003,10.192857164000088],[98.17896569100003,10.18545156500005],[98.18523196700005,10.17682526200008],[98.18189537900008,10.16860586100006],[98.17530358200003,10.159409898000092],[98.17156009200005,10.148138739000046],[98.17383873800003,10.140122789000088],[98.18360436300003,10.127020575000074],[98.18580162900008,10.121161200000074]]}},{"type":"Feature","properties":{"id":1628,"source":"Natural Earth","provenance":"REAL DATA"},"geometry":{"type":"LineString","coordinates":[[97.91146894600007,10.494533596000053],[97.89625084700003,10.487534898000092],[97.89340254000007,10.470770575000074],[97.89779707100007,10.452093817000048],[97.90406334700003,10.439276434000078],[97.88941491000003,10.419989325000074],[97.89380944100003,10.405991929000038],[97.91016686300003,10.401922919000071],[97.93189537900008,10.41201406500005],[97.92693118600005,10.417181708000044],[97.91773522200003,10.43305084800005],[97.92676842500003,10.432033596000053],[97.93336022200003,10.433742580000057],[97.93848717500003,10.43781159100007],[97.94353274800005,10.443793036000045],[97.93531334700003,10.46116771000004],[97.93067467500003,10.468166408000059],[97.92505944100003,10.47406647300005],[97.91944420700003,10.473089911000045],[97.90870201900003,10.473456122000073],[97.90259850400008,10.479315497000073],[97.91146894600007,10.494533596000053]]}},{"type":"Feature","properties":{"id":1630,"source":"Natural Earth","provenance":"REAL DATA"},"geometry":{"type":"LineString","coordinates":[[98.49366295700003,10.891099351000037],[98.49089603000004,10.880804755000042],[98.49146569100003,10.866685289000088],[98.49488366000003,10.851263739000046],[98.50049889400003,10.837144273000092],[98.50049889400003,10.823472398000092],[98.50912519600007,10.828314520000049],[98.51832116000003,10.829494533000059],[98.52556399800005,10.826849677000041],[98.52849368600005,10.820054429000038],[98.52637780000003,10.81085846600007],[98.52068118600005,10.809271552000041],[98.51295006600003,10.80955638200004],[98.50416100400008,10.80609772300005],[98.49838300900007,10.79360586100006],[98.50953209700003,10.786607164000088],[98.52711022200003,10.786932684000078],[98.54151451900003,10.796210028000075],[98.55323326900003,10.832831122000073],[98.54224694100003,10.860052802000041],[98.51880944100003,10.879095770000049],[98.49366295700003,10.891099351000037]]}},{"type":"Feature","properties":{"id":1631,"source":"Natural Earth","provenance":"REAL DATA"},"geometry":{"type":"LineString","coordinates":[[92.58509171100008,10.771268527000075],[92.58211625500007,10.790261387000044],[92.56798145700003,10.815300556000068],[92.56505953100003,10.849308437000047],[92.54887977100003,10.874373390000073],[92.52759174000005,10.89546557400007],[92.48279630600007,10.885621584000091],[92.42896569100003,10.850816148000092],[92.42259792800007,10.82283624200005],[92.41541966300008,10.79886279100009],[92.40726464100004,10.789890639000077],[92.38587826200006,10.781981174000066],[92.37672144300006,10.784019970000088],[92.37568046700005,10.775030574000084],[92.37867064300008,10.750037311000085],[92.37858586200008,10.718070586000067],[92.37948613800006,10.672121597000057],[92.39067425200005,10.663085336000051],[92.40891697100005,10.647054595000043],[92.41700341400008,10.629058572000076],[92.41385518600003,10.606117140000038],[92.40255653800006,10.575206237000089],[92.37805710600003,10.541328843000088],[92.38411072300005,10.529328010000086],[92.40646613500007,10.529265955000085],[92.42178793400006,10.546203260000084],[92.44413915300004,10.545142522000049],[92.46337193000005,10.531103139000038],[92.47955770100003,10.516073275000053],[92.51302707600007,10.507968928000082],[92.53542331400007,10.52486095100005],[92.54667534900005,10.547781204000046],[92.57421307300007,10.580623724000077],[92.55596403200008,10.588675204000083],[92.54175975000004,10.591720078000037],[92.53983511800004,10.620669338000084],[92.55105552400005,10.634602821000044],[92.56124016500007,10.642554828000073],[92.57449158100007,10.655484179000041],[92.59590764100005,10.678363602000047],[92.59805874400007,10.709302238000078],[92.58698631700008,10.736294028000088],[92.58509171100008,10.771268527000075]]}},{"type":"Feature","properties":{"id":1632,"source":"Natural Earth","provenance":"REAL DATA"},"geometry":{"type":"LineString","coordinates":[[97.89039147200003,10.884955145000049],[97.89454186300003,10.873968817000048],[97.89454186300003,10.86424388200004],[97.89063561300003,10.854722398000092],[97.88355553500003,10.844549872000073],[97.90919030000003,10.857245184000078],[97.92774498800003,10.871975002000056],[97.94125410200007,10.891546942000048],[97.95183353000004,10.919094143000052],[97.93197675900007,10.92405833500004],[97.91195722700007,10.924261786000045],[97.89633222700007,10.913275458000044],[97.89039147200003,10.884955145000049]]}},{"type":"Feature","properties":{"id":1633,"source":"Natural Earth","provenance":"REAL DATA"},"geometry":{"type":"LineString","coordinates":[[98.26775149800005,10.837144273000092],[98.25733483200003,10.84992096600007],[98.24366295700003,10.85927969000005],[98.23178144600007,10.870266018000052],[98.22681725400008,10.888088283000059],[98.22559655000003,10.907416083000044],[98.22201582100007,10.926662502000056],[98.21558678500003,10.944525458000044],[98.20573978000004,10.96002838700008],[98.19117272200003,10.971177476000037],[98.17188561300003,10.978664455000057],[98.15349368600005,10.981146552000041],[98.14087975400008,10.977443752000056],[98.13672936300003,10.970648505000042],[98.13331139400003,10.952948309000078],[98.13119550900007,10.94635651200008],[98.12631269600007,10.942206122000073],[98.11296634200005,10.934027411000045],[98.11011803500003,10.929348049000055],[98.08619225400008,10.903957424000055],[98.07740319100003,10.888088283000059],[98.08961022200003,10.878119208000044],[98.10027103000004,10.882025458000044],[98.13103274800005,10.902899481000077],[98.13746178500003,10.909125067000048],[98.14014733200003,10.91990794500009],[98.14673912900008,10.924505927000041],[98.15577233200003,10.923976955000057],[98.16529381600003,10.919094143000052],[98.17156009200005,10.884955145000049],[98.17335045700003,10.88930898600006],[98.17676842500003,10.894029039000088],[98.17896569100003,10.898586330000057],[98.19874108200003,10.881659247000073],[98.21631920700003,10.859849351000037],[98.21851647200003,10.855617580000057],[98.21949303500003,10.84983958500004],[98.21998131600003,10.84088776200008],[98.22291100400008,10.83779531500005],[98.23658287900008,10.833644924000055],[98.24048912900008,10.830959377000056],[98.24195397200003,10.814398505000042],[98.23389733200003,10.782863674000055],[98.23365319100003,10.768255927000041],[98.25163821700005,10.756008205000057],[98.25554446700005,10.74640534100007],[98.24048912900008,10.73468659100007],[98.23780358200003,10.73818594000005],[98.23365319100003,10.74095286700009],[98.23218834700003,10.708319403000075],[98.23682701900003,10.697333075000074],[98.25074303500003,10.693101304000038],[98.26783287900008,10.696519273000092],[98.27662194100003,10.705145575000074],[98.28825931100005,10.72728099200009],[98.28931725400008,10.730617580000057],[98.28923587300005,10.733587958000044],[98.29053795700003,10.735256252000056],[98.29566491000003,10.73468659100007],[98.28532962300005,10.745062567000048],[98.28296959700003,10.756537177000041],[98.28687584700003,10.768947658000059],[98.29566491000003,10.781927802000041],[98.27637780000003,10.784491278000075],[98.27076256600003,10.798895575000074],[98.27068118600005,10.81867096600007],[98.26775149800005,10.837144273000092]]}},{"type":"Feature","properties":{"id":1634,"source":"Natural Earth","provenance":"REAL DATA"},"geometry":{"type":"LineString","coordinates":[[98.52849368600005,10.974310614000046],[98.52849368600005,10.966945705000057],[98.53003991000003,10.957180080000057],[98.53394616000003,10.950832424000055],[98.54151451900003,10.953802802000041],[98.54314212300005,10.960109768000052],[98.54151451900003,10.987982489000046],[98.54517662900008,11.01593659100007],[98.54460696700005,11.031195380000042],[98.53711998800003,11.068915106000077],[98.53191165500004,11.083807684000078],[98.52466881600003,11.08665599200009],[98.51417076900003,11.069891669000071],[98.51343834700003,11.063055731000077],[98.51587975400008,11.045355536000045],[98.51417076900003,11.03579336100006],[98.50953209700003,11.027736721000053],[98.50318444100003,11.021144924000055],[98.48682701900003,11.00844961100006],[98.47836347700007,10.993353583000044],[98.47706139400003,10.97370026200008],[98.48585045700003,10.955877997000073],[98.50798587300005,10.94635651200008],[98.50847415500004,10.956854559000078],[98.51205488400007,10.965236721000053],[98.51880944100003,10.971096096000053],[98.52849368600005,10.974310614000046]]}},{"type":"Feature","properties":{"id":1635,"source":"Natural Earth","provenance":"REAL DATA"},"geometry":{"type":"LineString","coordinates":[[98.27515709700003,11.24803294500009],[98.27466881600003,11.256293036000045],[98.28142337300005,11.275946356000077],[98.25245201900003,11.276068427000041],[98.23170006600003,11.273911851000037],[98.21998131600003,11.269110419000071],[98.22185306100005,11.261908270000049],[98.23218834700003,11.25381094000005],[98.24317467500003,11.242987372000073],[98.24732506600003,11.22752513200004],[98.24732506600003,11.214504299000055],[98.27955162900008,11.223211981000077],[98.29509524800005,11.231146552000041],[98.30201256600003,11.24119700700004],[98.29835045700003,11.248602606000077],[98.29004967500003,11.248114325000074],[98.28101647200003,11.245835679000038],[98.27515709700003,11.24803294500009]]}},{"type":"Feature","properties":{"id":1637,"source":"Natural Earth","provenance":"REAL DATA"},"geometry":{"type":"LineString","coordinates":[[92.67652428500003,11.412543036000045],[92.67969811300003,11.429388739000046],[92.68970787900008,11.442531643000052],[92.69629967500003,11.454413153000075],[92.68970787900008,11.46775950700004],[92.67505944100003,11.490423895000049],[92.65414472700007,11.50812409100007],[92.63559004000007,11.50804271000004],[92.62761478000004,11.477362372000073],[92.63526451900003,11.447007554000038],[92.63721764400003,11.430161851000037],[92.63119550900007,11.41624583500004],[92.62387129000007,11.412502346000053],[92.60816491000003,11.411322333000044],[92.60084069100003,11.406317450000074],[92.59896894600007,11.401312567000048],[92.59351647200003,11.37836334800005],[92.60377037900008,11.37250397300005],[92.61085045700008,11.366156317000048],[92.61963951900003,11.360744533000059],[92.63502037900008,11.357896226000037],[92.64600670700008,11.359076239000046],[92.67318769600007,11.367336330000057],[92.68279056100005,11.371527411000045],[92.69988040500004,11.384426174000055],[92.69678795700008,11.391791083000044],[92.68506920700008,11.399359442000048],[92.67652428500003,11.412543036000045]]}},{"type":"Feature","properties":{"id":1639,"source":"Natural Earth","provenance":"REAL DATA"},"geometry":{"type":"LineString","coordinates":[[92.26677493600005,11.589544989000046],[92.25489342500003,11.593817450000074],[92.22868899800005,11.597723700000074],[92.21729576900003,11.598089911000045],[92.21729576900003,11.59125397300005],[92.23023522200003,11.577337958000044],[92.23454837300005,11.540350653000075],[92.25212649800005,11.529242255000042],[92.27320397200003,11.531073309000078],[92.28500410200007,11.54401276200008],[92.28687584700003,11.563177802000041],[92.27808678500003,11.583807684000078],[92.26677493600005,11.589544989000046]]}},{"type":"Feature","properties":{"id":1641,"source":"Natural Earth","provenance":"REAL DATA"},"geometry":{"type":"LineString","coordinates":[[98.27833092500003,11.79979075700004],[98.27247155000003,11.786078192000048],[98.26775149800005,11.741441148000092],[98.23845462300005,11.687079169000071],[98.23365319100003,11.666408596000053],[98.23462975400008,11.655585028000075],[98.24089603000004,11.63617584800005],[98.24048912900008,11.624823309000078],[98.23658287900008,11.622259833000044],[98.22974694100003,11.62099844000005],[98.22291100400008,11.617580471000053],[98.21680748800003,11.598944403000075],[98.20264733200003,11.589178778000075],[98.19947350400008,11.580471096000053],[98.20167076900003,11.56907786700009],[98.20630944100003,11.56476471600007],[98.21094811300003,11.561468817000048],[98.21314537900008,11.553412177000041],[98.20753014400003,11.548407294000071],[98.19646243600005,11.542385158000059],[98.18751061300003,11.534979559000078],[98.18897545700003,11.525824286000045],[98.19263756600003,11.518011786000045],[98.19646243600005,11.49705638200004],[98.19947350400008,11.488226630000042],[98.19223066500007,11.478664455000057],[98.18409264400003,11.47264232000009],[98.17505944100003,11.470892645000049],[98.16529381600003,11.473944403000075],[98.16488691500007,11.458482164000088],[98.16529381600003,11.453517971000053],[98.17652428500003,11.449164130000042],[98.18702233200003,11.446437893000052],[98.19890384200005,11.446478583000044],[98.21029707100007,11.448919989000046],[98.21998131600003,11.453517971000053],[98.20460045700003,11.458482164000088],[98.20199629000007,11.46625397300005],[98.21013431100005,11.472723700000074],[98.22681725400008,11.473944403000075],[98.22364342500003,11.482977606000077],[98.22348066500007,11.488836981000077],[98.22673587300005,11.494289455000057],[98.23365319100003,11.501898505000042],[98.23764082100007,11.493801174000055],[98.25171959700003,11.476507880000042],[98.26091556100005,11.46775950700004],[98.26156660200007,11.474188544000071],[98.26351972700007,11.47882721600007],[98.26587975400008,11.48305898600006],[98.26775149800005,11.488226630000042],[98.27515709700003,11.48078034100007],[98.28353925900007,11.509426174000055],[98.28256269600007,11.566351630000042],[98.29566491000003,11.59125397300005],[98.28785241000003,11.610907294000071],[98.29004967500003,11.631659247000073],[98.30201256600003,11.673244533000059],[98.30030358200003,11.704779364000046],[98.30201256600003,11.714178778000075],[98.30640709700003,11.717474677000041],[98.31348717500003,11.718695380000042],[98.32007897200003,11.721909898000092],[98.32300866000003,11.731268622000073],[98.31820722700007,11.74998607000009],[98.30665123800003,11.777411200000074],[98.29184004000007,11.798895575000074],[98.27833092500003,11.79979075700004]]}},{"type":"Feature","properties":{"id":1642,"source":"Natural Earth","provenance":"REAL DATA"},"geometry":{"type":"LineString","coordinates":[[98.53532962300005,11.803615627000056],[98.52214603000004,11.804754950000074],[98.49887129000007,11.798041083000044],[98.48682701900003,11.796087958000044],[98.45834394600007,11.80337148600006],[98.44532311300003,11.803615627000056],[98.44760175900007,11.796087958000044],[98.44947350400008,11.79328034100007],[98.45281009200005,11.789252020000049],[98.43824303500003,11.787054755000042],[98.39372806100005,11.79401276200008],[98.37077884200005,11.789252020000049],[98.37533613400007,11.780096747000073],[98.38209069100003,11.776190497000073],[98.39087975400008,11.77537669500009],[98.40170332100007,11.775580145000049],[98.41309655000003,11.773382880000042],[98.41041100400008,11.76862213700008],[98.40259850400008,11.76390208500004],[98.39812259200005,11.76194896000004],[98.39242597700007,11.757310289000088],[98.38559004000007,11.755519924000055],[98.37989342500003,11.750921942000048],[98.37761478000004,11.738023179000038],[98.38135826900003,11.731350002000056],[98.39926191500007,11.716131903000075],[98.40552819100003,11.707953192000048],[98.38209069100003,11.70416901200008],[98.37940514400003,11.691107489000046],[98.39128665500004,11.662990627000056],[98.39771569100003,11.655462958000044],[98.41041100400008,11.646063544000071],[98.41863040500004,11.63226959800005],[98.41163170700003,11.611761786000045],[98.41570071700005,11.604437567000048],[98.41911868600005,11.599554755000042],[98.42383873800003,11.59906647300005],[98.43165123800003,11.60492584800005],[98.42920983200003,11.583156643000052],[98.43238366000003,11.56671784100007],[98.44190514400003,11.564113674000055],[98.45899498800003,11.583807684000078],[98.46517988400007,11.574896552000041],[98.47681725400008,11.570257880000042],[98.48975670700003,11.567206122000073],[98.50049889400003,11.563381252000056],[98.50855553500003,11.555894273000092],[98.52418053500003,11.53701406500005],[98.53532962300005,11.529242255000042],[98.53419030000003,11.542629299000055],[98.52955162900008,11.566799221000053],[98.52849368600005,11.580471096000053],[98.53158613400007,11.593329169000071],[98.54574629000007,11.609035549000055],[98.54900149800005,11.62173086100006],[98.54607181100005,11.69920482000009],[98.55551191500007,11.728094794000071],[98.55640709700003,11.758734442000048],[98.55518639400003,11.76943594000005],[98.55241946700005,11.781642971000053],[98.54900149800005,11.791571356000077],[98.54371178500003,11.798976955000057],[98.53532962300005,11.803615627000056]]}},{"type":"Feature","properties":{"id":1643,"source":"Natural Earth","provenance":"REAL DATA"},"geometry":{"type":"LineString","coordinates":[[98.05543053500003,11.701117255000042],[98.06568444100003,11.706366278000075],[98.07471764400003,11.713364976000037],[98.08073978000004,11.72264232000009],[98.08228600400008,11.73468659100007],[98.05795332100007,11.729071356000077],[98.05241946700005,11.749416408000059],[98.05225670700003,11.77602773600006],[98.04493248800003,11.789252020000049],[98.01929772200003,11.810492255000042],[98.01392662900008,11.816595770000049],[98.01197350400008,11.827378648000092],[98.01392662900008,11.864976304000038],[97.99976647200003,11.84178294500009],[98.01189212300005,11.787258205000057],[98.00709069100003,11.76194896000004],[98.02247155000003,11.755804755000042],[98.02857506600003,11.737005927000041],[98.02833092500003,11.717189846000053],[98.02442467500003,11.707953192000048],[98.01172936300003,11.704738674000055],[98.01661217500003,11.69749583500004],[98.03435306100005,11.686835028000075],[98.04932701900003,11.66469961100006],[98.05543053500003,11.659572658000059],[98.05738366000003,11.653143622000073],[98.06511478000004,11.64638906500005],[98.08961022200003,11.63226959800005],[98.08529707100007,11.644924221000053],[98.07911217500003,11.653794664000088],[98.06169681100005,11.673244533000059],[98.06755618600005,11.682928778000075],[98.06771894600007,11.691066799000055],[98.06348717500003,11.69725169500009],[98.05543053500003,11.701117255000042]]}},{"type":"Feature","properties":{"id":1644,"source":"Natural Earth","provenance":"REAL DATA"},"geometry":{"type":"LineString","coordinates":[[97.66439863400007,11.905951239000046],[97.64356530000003,11.880357164000088],[97.64283287900008,11.867661851000037],[97.65088951900003,11.844549872000073],[97.66773522200003,11.838283596000053],[97.67188561300003,11.837713934000078],[97.66667728000004,11.863430080000057],[97.66822350400008,11.868109442000048],[97.67628014400003,11.877834377000056],[97.67847741000003,11.887884833000044],[97.67448978000004,11.89744700700004],[97.66439863400007,11.905951239000046]]}},{"type":"Feature","properties":{"id":1645,"source":"Natural Earth","provenance":"REAL DATA"},"geometry":{"type":"LineString","coordinates":[[98.25416100400008,11.85814036700009],[98.26148522200003,11.853908596000053],[98.27369225400008,11.853338934000078],[98.28419030000003,11.86546458500004],[98.28907311300003,11.882391669000071],[98.28484134200005,11.896063544000071],[98.26539147200003,11.90851471600007],[98.25652103000004,11.902533270000049],[98.25391686300003,11.88385651200008],[98.25416100400008,11.85814036700009]]}},{"type":"Feature","properties":{"id":1646,"source":"Natural Earth","provenance":"REAL DATA"},"geometry":{"type":"LineString","coordinates":[[98.26775149800005,11.93390534100007],[98.26872806100005,11.942287502000056],[98.26270592500003,11.96165599200009],[98.26091556100005,11.971136786000045],[98.25220787900008,11.974758205000057],[98.23585045700003,11.968329169000071],[98.22706139400003,11.953924872000073],[98.24610436300003,11.925441799000055],[98.25375410200007,11.923081773000092],[98.26156660200007,11.926174221000053],[98.26775149800005,11.93390534100007]]}},{"type":"Feature","properties":{"id":1647,"source":"Natural Earth","provenance":"REAL DATA"},"geometry":{"type":"LineString","coordinates":[[93.04249108200008,11.96116771000004],[93.04037519600007,11.96906159100007],[93.01856530000003,12.015814520000049],[93.02540123800003,12.03156159100007],[93.01465905000003,12.037176825000074],[92.98072350400008,12.036322333000044],[92.97217858200008,12.027736721000053],[92.95720462300005,12.008693752000056],[92.94703209700003,11.98969147300005],[92.95313561300003,11.98110586100006],[92.96753991000003,11.978583075000074],[92.97445722700007,11.972235419000071],[92.98023522200003,11.963690497000073],[92.99057050900007,11.954413153000075],[93.00131269600007,11.94920482000009],[93.01539147200003,11.945990302000041],[93.02491295700008,11.940130927000041],[93.02654056100005,11.93162669500009],[93.03541100400008,11.911932684000078],[93.04932701900003,11.896144924000055],[93.06641686300003,11.899115302000041],[93.04867597700007,11.952785549000055],[93.04249108200008,11.96116771000004]]}},{"type":"Feature","properties":{"id":1648,"source":"Natural Earth","provenance":"REAL DATA"},"geometry":{"type":"LineString","coordinates":[[98.60352623800003,11.96743398600006],[98.57471764400003,11.992987372000073],[98.55958092500003,12.000799872000073],[98.54151451900003,11.995306708000044],[98.51986738400007,12.007025458000044],[98.50953209700003,12.016791083000044],[98.49366295700003,12.049302476000037],[98.47315514400003,12.077297268000052],[98.44556725400008,12.101385809000078],[98.43913821700005,12.112005927000041],[98.43091881600003,12.10065338700008],[98.43116295700003,12.087632554000038],[98.43913821700005,12.056789455000057],[98.43913821700005,12.025783596000053],[98.44027754000007,12.015366929000038],[98.44369550900007,12.010687567000048],[98.44825280000003,12.00771719000005],[98.45915774800005,11.996161200000074],[98.46583092500003,11.992661851000037],[98.47095787900008,11.988104559000078],[98.47315514400003,11.97797272300005],[98.47120201900003,11.970282294000071],[98.46168053500003,11.955511786000045],[98.45899498800003,11.94757721600007],[98.45972741000003,11.933661200000074],[98.46338951900003,11.920803127000056],[98.47803795700003,11.89093659100007],[98.49577884200005,11.888495184000078],[98.51587975400008,11.895900783000059],[98.53565514400003,11.908880927000041],[98.55201256600003,11.923325914000088],[98.57260175900007,11.93162669500009],[98.63135826900003,11.932114976000037],[98.65821373800003,11.940130927000041],[98.65821373800003,11.93390534100007],[98.65919030000003,11.94867584800005],[98.64234459700003,11.957505601000037],[98.60352623800003,11.96743398600006]]}},{"type":"Feature","properties":{"id":1650,"source":"Natural Earth","provenance":"REAL DATA"},"geometry":{"type":"LineString","coordinates":[[93.10328209700003,12.19049713700008],[93.09848066500007,12.199408270000049],[93.09107506600003,12.204250393000052],[93.08204186300003,12.204779364000046],[93.07325280000003,12.200832424000055],[93.06625410200007,12.189846096000053],[93.06153405000003,12.172308661000045],[93.05933678500003,12.153550523000092],[93.05958092500003,12.138739325000074],[93.06430097700007,12.127142645000049],[93.07422936300003,12.11033763200004],[93.08545983200008,12.095851955000057],[93.09424889400003,12.090969143000052],[93.10328209700003,12.102036851000037],[93.10230553500003,12.119533596000053],[93.09498131600003,12.151760158000059],[93.09620201900003,12.158758856000077],[93.10328209700003,12.180080471000053],[93.10385175900007,12.185288804000038],[93.10377037900008,12.187933661000045],[93.10328209700003,12.19049713700008]]}},{"type":"Feature","properties":{"id":1651,"source":"Natural Earth","provenance":"REAL DATA"},"geometry":{"type":"LineString","coordinates":[[98.09644616000003,12.187160549000055],[98.09815514400003,12.199286200000074],[98.10425866000003,12.20734284100007],[98.11150149800005,12.21393463700008],[98.11695397200003,12.221258856000077],[98.11988366000003,12.230129299000055],[98.12330162900008,12.249660549000055],[98.12378991000003,12.259466864000046],[98.11947675900007,12.275580145000049],[98.10824629000007,12.284654039000088],[98.09180748800003,12.288641669000071],[98.07252037900008,12.289536851000037],[98.05909264400003,12.281398830000057],[98.04615319100003,12.26203034100007],[98.03711998800003,12.239406643000052],[98.03435306100005,12.221258856000077],[98.03939863400007,12.20734284100007],[98.05933678500003,12.187974351000037],[98.07309004000007,12.164943752000056],[98.07471764400003,12.163397528000075],[98.07667076900003,12.161932684000078],[98.08228600400008,12.15916575700004],[98.10035241000003,12.16901276200008],[98.11670983200003,12.16547272300005],[98.12964928500003,12.153713283000059],[98.13746178500003,12.138739325000074],[98.14014733200003,12.148382880000042],[98.13746178500003,12.190578518000052],[98.13184655000003,12.198553778000075],[98.11947675900007,12.19757721600007],[98.10580488400007,12.192206122000073],[98.09644616000003,12.187160549000055]]}},{"type":"Feature","properties":{"id":1652,"source":"Natural Earth","provenance":"REAL DATA"},"geometry":{"type":"LineString","coordinates":[[98.06527754000007,12.365301825000074],[98.07471764400003,12.36351146000004],[98.08155358200003,12.360581773000092],[98.08773847700007,12.360052802000041],[98.09644616000003,12.365301825000074],[98.10450280000003,12.38304271000004],[98.10124759200005,12.404771226000037],[98.09058678500003,12.422308661000045],[98.07593834700003,12.427394924000055],[98.07252037900008,12.421210028000075],[98.06934655000003,12.409369208000044],[98.06364993600005,12.397772528000075],[98.04558353000004,12.389064846000053],[98.04224694100003,12.380275783000059],[98.04135175900007,12.36912669500009],[98.04175866000003,12.35846588700008],[98.03248131600003,12.360541083000044],[98.02711022200003,12.361029364000046],[98.01392662900008,12.35846588700008],[98.00538170700003,12.367336330000057],[98.00359134200005,12.373724677000041],[98.00782311300003,12.380113023000092],[98.01758873800003,12.389146226000037],[98.02344811300003,12.39874909100007],[98.01783287900008,12.40265534100007],[98.00700931100005,12.401597398000092],[97.97575931100005,12.38385651200008],[97.95460045700003,12.377752997000073],[97.93995201900003,12.36627838700008],[97.93816165500004,12.337958075000074],[97.94556725400008,12.337958075000074],[97.94898522200003,12.344305731000077],[97.95297285200007,12.348944403000075],[97.96607506600003,12.35846588700008],[97.97103925900007,12.344875393000052],[97.96094811300003,12.334377346000053],[97.94841556100005,12.323797919000071],[97.94556725400008,12.310044664000088],[97.95508873800003,12.305487372000073],[97.96949303500003,12.30805084800005],[97.98243248800003,12.306382554000038],[97.98658287900008,12.289536851000037],[97.99097741000003,12.286525783000059],[98.00025475400008,12.269029039000088],[98.00831139400003,12.304388739000046],[98.01050866000003,12.310044664000088],[98.01889082100007,12.311672268000052],[98.02947024800005,12.315985419000071],[98.03956139400003,12.32249583500004],[98.04802493600005,12.330511786000045],[98.06446373800003,12.359808661000045],[98.06527754000007,12.365301825000074]]}},{"type":"Feature","properties":{"id":1653,"source":"Natural Earth","provenance":"REAL DATA"},"geometry":{"type":"LineString","coordinates":[[98.51417076900003,12.495591539000088],[98.49984785200007,12.513088283000059],[98.48853600400008,12.493312893000052],[98.47429446700005,12.424994208000044],[98.48210696700005,12.410589911000045],[98.49561608200003,12.405829169000071],[98.50855553500003,12.410305080000057],[98.51417076900003,12.423651434000078],[98.51685631600003,12.479437567000048],[98.51417076900003,12.495591539000088]]}},{"type":"Feature","properties":{"id":1654,"source":"Natural Earth","provenance":"REAL DATA"},"geometry":{"type":"LineString","coordinates":[[98.25416100400008,12.567613023000092],[98.25082441500007,12.560207424000055],[98.24390709700003,12.557806708000044],[98.23682701900003,12.55687083500004],[98.23365319100003,12.553656317000048],[98.22974694100003,12.527411200000074],[98.23023522200003,12.516994533000059],[98.23682701900003,12.50608958500004],[98.26050866000003,12.495266018000052],[98.28288821700005,12.503851630000042],[98.28988691500007,12.526312567000048],[98.26775149800005,12.557074286000045],[98.26734459700003,12.560248114000046],[98.26246178500003,12.568793036000045],[98.25684655000003,12.57420482000009],[98.25416100400008,12.567613023000092]]}},{"type":"Feature","properties":{"id":1655,"source":"Natural Earth","provenance":"REAL DATA"},"geometry":{"type":"LineString","coordinates":[[97.82276451900003,12.587469794000071],[97.82569420700003,12.578599351000037],[97.83106530000003,12.57420482000009],[97.83399498800003,12.570746161000045],[97.82943769600007,12.564520575000074],[97.82943769600007,12.557074286000045],[97.83545983200003,12.55805084800005],[97.83904056100005,12.558010158000059],[97.84083092500003,12.55687083500004],[97.84253991000003,12.55023834800005],[97.84522545700003,12.54677969000005],[97.84782962300005,12.544419664000088],[97.84961998800003,12.541815497000073],[97.84994550900007,12.537258205000057],[97.86182701900003,12.559800523000092],[97.86052493600005,12.570013739000046],[97.85401451900003,12.578192450000074],[97.84994550900007,12.594631252000056],[97.84571373800003,12.59796784100007],[97.83627363400007,12.595404364000046],[97.82699629000007,12.590725002000056],[97.82276451900003,12.587469794000071]]}},{"type":"Feature","properties":{"id":1656,"source":"Natural Earth","provenance":"REAL DATA"},"geometry":{"type":"LineString","coordinates":[[98.46631920700003,12.583726304000038],[98.45093834700003,12.603989976000037],[98.43816165500004,12.587388414000088],[98.42920983200003,12.555487372000073],[98.42546634200005,12.529730536000045],[98.40121504000007,12.571682033000059],[98.39812259200005,12.587469794000071],[98.40552819100003,12.630031643000052],[98.40552819100003,12.63898346600007],[98.38746178500003,12.65766022300005],[98.33301842500003,12.671210028000075],[98.31560306100005,12.687445380000042],[98.30201256600003,12.646307684000078],[98.30274498800003,12.598578192000048],[98.31413821700005,12.553290106000077],[98.33301842500003,12.519232489000046],[98.33383222700007,12.51235586100006],[98.32740319100003,12.506740627000056],[98.31950931100005,12.501450914000088],[98.31560306100005,12.495591539000088],[98.31657962300005,12.490423895000049],[98.32113691500007,12.48704661700009],[98.32553144600007,12.47406647300005],[98.33423912900008,12.46002838700008],[98.33611087300005,12.450913804000038],[98.33301842500003,12.427394924000055],[98.31902103000004,12.386379299000055],[98.31560306100005,12.365301825000074],[98.31128991000003,12.359767971000053],[98.30201256600003,12.337958075000074],[98.34994550900007,12.325913804000038],[98.39128665500004,12.361517645000049],[98.45582116000003,12.45774974200009],[98.46534264400003,12.480658270000049],[98.47022545700003,12.517523505000042],[98.47071373800003,12.555975653000075],[98.46631920700003,12.583726304000038]]}},{"type":"Feature","properties":{"id":1657,"source":"Natural Earth","provenance":"REAL DATA"},"geometry":{"type":"LineString","coordinates":[[92.73308353000004,12.972479559000078],[92.73072350400008,12.977484442000048],[92.72706139400003,12.982001044000071],[92.72250410200007,12.98578522300005],[92.71697024800005,12.988470770000049],[92.70834394600007,12.988674221000053],[92.70240319100003,12.98305898600006],[92.69507897200003,12.973456122000073],[92.68279056100005,12.961737372000073],[92.68490644600007,12.945054429000038],[92.67774498800003,12.890366929000038],[92.67286217500003,12.878607489000046],[92.67025800900007,12.867661851000037],[92.68279056100005,12.797308661000045],[92.69467207100007,12.80377838700008],[92.69654381600003,12.813299872000073],[92.69507897200003,12.825100002000056],[92.69711347700007,12.83820221600007],[92.70150800900007,12.844427802000041],[92.71762129000007,12.862209377000056],[92.72437584700003,12.872381903000075],[92.72999108200008,12.895209052000041],[92.73218834700003,12.945705471000053],[92.73747806100005,12.961737372000073],[92.73308353000004,12.972479559000078]]}},{"type":"Feature","properties":{"id":1658,"source":"Natural Earth","provenance":"REAL DATA"},"geometry":{"type":"LineString","coordinates":[[98.29566491000003,13.084662177000041],[98.28891035200007,13.09870026200008],[98.26880944100003,13.198919989000046],[98.26148522200003,13.214341539000088],[98.24732506600003,13.215033270000049],[98.24203535200007,13.203924872000073],[98.23902428500003,13.158758856000077],[98.24048912900008,13.13930898600006],[98.24512780000003,13.118719794000071],[98.26775149800005,13.057318427000041],[98.28109785200007,12.99412669500009],[98.28825931100005,12.974798895000049],[98.28785241000003,12.95734284100007],[98.30128014400003,12.933539130000042],[98.30201256600003,12.913316148000092],[98.31430097700007,12.925523179000038],[98.31332441500007,12.94594961100006],[98.30201256600003,12.988470770000049],[98.30054772200003,13.019964911000045],[98.30201256600003,13.029445705000057],[98.30632571700005,13.04010651200008],[98.31104576900003,13.04482656500005],[98.31657962300005,13.04881419500009],[98.32300866000003,13.057318427000041],[98.33423912900008,13.06712474200009],[98.33643639400003,13.073879299000055],[98.32984459700003,13.084662177000041],[98.31853274800005,13.091376044000071],[98.31039472700007,13.088039455000057],[98.30347741000003,13.08299388200004],[98.29566491000003,13.084662177000041]]}},{"type":"Feature","properties":{"id":1659,"source":"Natural Earth","provenance":"REAL DATA"},"geometry":{"type":"LineString","coordinates":[[93.05274498800003,13.283880927000041],[93.03565514400003,13.30695221600007],[93.02556399800005,13.316148179000038],[93.00456790500004,13.311835028000075],[92.99048912900008,13.31781647300005],[92.97934004000007,13.329779364000046],[92.97706139400003,13.345363674000055],[92.98438561300003,13.35643138200004],[92.99512780000003,13.357367255000042],[93.00367272200003,13.34861888200004],[93.00424238400007,13.33104075700004],[93.01734459700003,13.34048086100006],[93.03345787900008,13.348578192000048],[93.04688561300003,13.35740794500009],[93.05274498800003,13.368882554000038],[93.05787194100003,13.382879950000074],[93.07837975400008,13.39712148600006],[93.08008873800003,13.413031317000048],[93.07545006600003,13.41111888200004],[93.06413821700005,13.408636786000045],[93.05958092500003,13.406805731000077],[93.05372155000003,13.47142161700009],[93.05502363400007,13.503078518000052],[93.06641686300003,13.53709544500009],[93.04997806100005,13.56639232000009],[93.04249108200008,13.571234442000048],[93.03158613400007,13.56907786700009],[93.02279707100007,13.566107489000046],[93.01628665500004,13.56736888200004],[93.01172936300003,13.57811107000009],[93.00652103000004,13.568793036000045],[93.00456790500004,13.562201239000046],[93.00611412900008,13.55662669500009],[93.01172936300003,13.55076732000009],[93.00318444100003,13.547064520000049],[92.99732506600003,13.546698309000078],[92.99170983200008,13.550034898000092],[92.98438561300003,13.55760325700004],[92.97722415500004,13.55377838700008],[92.95850670700008,13.55023834800005],[92.94971764400003,13.544623114000046],[92.94548587300005,13.536932684000078],[92.94548587300005,13.519720770000049],[92.94288170700008,13.50922272300005],[92.93799889400003,13.501369533000059],[92.91553795700008,13.475734768000052],[92.90333092500003,13.46775950700004],[92.90186608200008,13.468247789000088],[92.89503014400003,13.454575914000088],[92.89454186300003,13.44725169500009],[92.89568118600005,13.42283763200004],[92.89503014400003,13.413031317000048],[92.89136803500003,13.400946356000077],[92.88689212300005,13.393459377000056],[92.84742272200003,13.344916083000044],[92.84115644600007,13.324896552000041],[92.85417728000004,13.310614325000074],[92.85417728000004,13.304388739000046],[92.84986412900008,13.289007880000042],[92.86394290500004,13.244696356000077],[92.86402428500003,13.235500393000052],[92.84278405000003,13.226996161000045],[92.84205162900008,13.20774974200009],[92.84473717500003,13.186997789000088],[92.83366946700005,13.174017645000049],[92.83765709700003,13.16705963700008],[92.85108483200008,13.152044989000046],[92.85417728000004,13.146063544000071],[92.85303795700008,13.142726955000057],[92.84839928500003,13.13670482000009],[92.82960045700008,13.103461005000042],[92.80925540500004,13.044745184000078],[92.80795332100007,13.020086981000077],[92.83025149800005,13.009507554000038],[92.83472741000003,13.002020575000074],[92.82813561300003,12.985174872000073],[92.81324303500003,12.95807526200008],[92.81324303500003,12.90648021000004],[92.80933678500003,12.884507554000038],[92.80030358200008,12.857814846000053],[92.78565514400003,12.840033270000049],[92.76539147200003,12.845119533000059],[92.75814863400007,12.835679429000038],[92.74887129000007,12.82811107000009],[92.74089603000004,12.819647528000075],[92.73747806100005,12.807196356000077],[92.74488366000003,12.762518622000073],[92.74773196700005,12.692694403000075],[92.75473066500007,12.67719147300005],[92.76628665500004,12.671535549000055],[92.77735436300003,12.669338283000059],[92.78321373800003,12.664984442000048],[92.77898196700005,12.65265534100007],[92.77523847700007,12.651760158000059],[92.76002037900008,12.65110911700009],[92.75473066500007,12.649562893000052],[92.75017337300005,12.644273179000038],[92.74480228000004,12.633490302000041],[92.72681725400008,12.612982489000046],[92.72169030000003,12.599432684000078],[92.71778405000003,12.362494208000044],[92.72234134200005,12.33779531500005],[92.73365319100003,12.318060614000046],[92.75473066500007,12.310044664000088],[92.77849368600005,12.310126044000071],[92.78695722700007,12.306301174000055],[92.79265384200005,12.296372789000088],[92.79420006600003,12.28318919500009],[92.78939863400007,12.279486395000049],[92.78101647200003,12.279242255000042],[92.76449629000007,12.274318752000056],[92.76042728000004,12.276841539000088],[92.75879967500003,12.276556708000044],[92.75855553500003,12.26593659100007],[92.76124108200008,12.26117584800005],[92.76775149800005,12.255438544000071],[92.77556399800005,12.25063711100006],[92.78239993600005,12.248602606000077],[92.79265384200005,12.20766836100006],[92.78882897200003,12.19554271000004],[92.78402754000007,12.18935781500005],[92.76539147200003,12.18032461100006],[92.76099694100003,12.179877020000049],[92.74105879000007,12.18032461100006],[92.73780358200008,12.17914459800005],[92.73633873800003,12.176581122000073],[92.73373457100007,12.174017645000049],[92.72779381600003,12.17283763200004],[92.71949303500003,12.176255601000037],[92.71908613400007,12.184515692000048],[92.72437584700003,12.204250393000052],[92.72095787900008,12.22654857000009],[92.71306399800005,12.232570705000057],[92.70386803500003,12.225165106000077],[92.69711347700007,12.20766836100006],[92.68970787900008,12.20766836100006],[92.68181399800005,12.219631252000056],[92.66822350400008,12.200995184000078],[92.64527428500003,12.156073309000078],[92.64014733200008,12.136135158000059],[92.64185631600003,12.036322333000044],[92.63738040500004,12.02529531500005],[92.62501061300003,12.003119208000044],[92.62134850400008,11.987941799000055],[92.62305748800003,11.974269924000055],[92.62728925900007,11.958929755000042],[92.62940514400003,11.943752346000053],[92.62452233200008,11.930161851000037],[92.62134850400008,11.874945380000042],[92.61768639400003,11.866400458000044],[92.61085045700008,11.870510158000059],[92.60767662900008,11.88279857000009],[92.61451256600003,11.899115302000041],[92.60027103000004,11.89549388200004],[92.59473717500003,11.89874909100007],[92.59213300900007,11.905747789000088],[92.57715905000003,11.927394924000055],[92.57056725400008,11.93260325700004],[92.56299889400003,11.930161851000037],[92.53972415500004,11.89443594000005],[92.53199303500003,11.864976304000038],[92.53052819100003,11.864650783000059],[92.52735436300003,11.862005927000041],[92.52491295700008,11.857489325000074],[92.52515709700003,11.851304429000038],[92.52808678500003,11.845892645000049],[92.53093509200005,11.845892645000049],[92.53435306100005,11.846869208000044],[92.54566491000003,11.84080638200004],[92.55494225400008,11.837836005000042],[92.56324303500003,11.833929755000042],[92.56666100400008,11.82713450700004],[92.56666100400008,11.78620026200008],[92.56031334700003,11.741359768000052],[92.56324303500003,11.72557200700004],[92.57984459700003,11.714178778000075],[92.58676191500007,11.716009833000044],[92.59595787900008,11.72016022300005],[92.60377037900008,11.718898830000057],[92.60710696700005,11.70453522300005],[92.60816491000003,11.69326406500005],[92.61345462300005,11.674221096000053],[92.61451256600003,11.662990627000056],[92.61963951900003,11.651312567000048],[92.63111412900008,11.64744700700004],[92.64283287900008,11.64524974200009],[92.64869225400008,11.638495184000078],[92.64568118600005,11.629828192000048],[92.63738040500004,11.627142645000049],[92.62794030000003,11.625148830000057],[92.62134850400008,11.61859772300005],[92.62159264400003,11.60936107000009],[92.62566165500004,11.595404364000046],[92.63355553500003,11.582586981000077],[92.64527428500003,11.576971747000073],[92.65463300900007,11.573797919000071],[92.65560957100007,11.565985419000071],[92.65479576900003,11.555894273000092],[92.65894616000003,11.546291408000059],[92.68970787900008,11.515570380000042],[92.69898522200003,11.511786200000074],[92.70704186300003,11.511053778000075],[92.71314537900008,11.507310289000088],[92.71697024800005,11.49445221600007],[92.72673587300005,11.50617096600007],[92.73511803500003,11.523871161000045],[92.74488366000003,11.557114976000037],[92.74488366000003,11.587591864000046],[92.74756920700008,11.597845770000049],[92.76050866000003,11.61033763200004],[92.76539147200003,11.61859772300005],[92.76563561300003,11.629584052000041],[92.76148522200003,11.663641669000071],[92.75855553500003,11.673244533000059],[92.74610436300003,11.683742580000057],[92.73601321700005,11.682440497000073],[92.73023522200003,11.671454169000071],[92.73121178500003,11.652736721000053],[92.72673587300005,11.654689846000053],[92.71534264400003,11.657619533000059],[92.71070397200003,11.659572658000059],[92.71070397200003,11.62173086100006],[92.70639082100007,11.614488023000092],[92.69678795700008,11.61123281500005],[92.68702233200008,11.61155833500004],[92.68279056100005,11.615179755000042],[92.68262780000003,11.63694896000004],[92.68392988400007,11.649888414000088],[92.68995201900003,11.66006094000005],[92.72291100400008,11.693793036000045],[92.73454837300005,11.699286200000074],[92.75473066500007,11.701117255000042],[92.76002037900008,11.708685614000046],[92.79688561300003,11.86513906500005],[92.79948978000004,11.899115302000041],[92.79590905000003,11.92218659100007],[92.78793379000007,11.934515692000048],[92.77637780000003,11.939276434000078],[92.76197350400008,11.940130927000041],[92.75375410200007,11.931586005000042],[92.74903405000003,11.912258205000057],[92.74488366000003,11.878648179000038],[92.73747806100005,11.878648179000038],[92.73747806100005,11.96116771000004],[92.74057050900007,11.983628648000092],[92.74561608200008,11.996649481000077],[92.76539147200003,12.022040106000077],[92.75855553500003,12.022040106000077],[92.76368248800003,12.030951239000046],[92.77125084700003,12.036078192000048],[92.78101647200003,12.037787177000041],[92.79265384200005,12.036322333000044],[92.76726321700005,12.061224677000041],[92.75749759200005,12.077460028000075],[92.76880944100003,12.08470286700009],[92.78394616000003,12.085882880000042],[92.79932701900003,12.089544989000046],[92.80892988400007,12.095770575000074],[92.80640709700003,12.10455963700008],[92.82593834700003,12.115668036000045],[92.83366946700005,12.11823151200008],[92.83366946700005,12.125677802000041],[92.82740319100003,12.140122789000088],[92.84294681100005,12.156195380000042],[92.86402428500003,12.171535549000055],[92.87452233200008,12.183742580000057],[92.87256920700008,12.20148346600007],[92.89161217500003,12.200832424000055],[92.89421634200005,12.205023505000042],[92.89258873800003,12.214544989000046],[92.88868248800003,12.225002346000053],[92.88453209700003,12.231838283000059],[92.87989342500003,12.24359772300005],[92.88640384200005,12.25336334800005],[92.89625084700003,12.26170482000009],[92.90186608200008,12.269029039000088],[92.90015709700003,12.28318919500009],[92.89340254000007,12.290350653000075],[92.88575280000003,12.29555898600006],[92.88070722700007,12.303859768000052],[92.87924238400007,12.312974351000037],[92.88111412900008,12.314601955000057],[92.88640384200005,12.315741278000075],[92.89503014400003,12.32367584800005],[92.90316816500007,12.32908763200004],[92.91277103000004,12.333644924000055],[92.91504967500003,12.338364976000037],[92.90186608200008,12.34479401200008],[92.90251712300005,12.357123114000046],[92.89405358200008,12.368109442000048],[92.88184655000003,12.375921942000048],[92.87110436300003,12.37889232000009],[92.86361738400007,12.38548411700009],[92.85352623800003,12.416815497000073],[92.84669030000003,12.427394924000055],[92.84669030000003,12.433539130000042],[92.87330162900008,12.431382554000038],[92.90186608200008,12.433539130000042],[92.89714603000004,12.44993724200009],[92.89503014400003,12.454657294000071],[92.90601647200003,12.448960679000038],[92.91586347700007,12.44086334800005],[92.92383873800003,12.430975653000075],[92.92920983200008,12.41990794500009],[92.93604576900003,12.41990794500009],[92.93864993600005,12.43813711100006],[92.94971764400003,12.446966864000046],[92.96241295700008,12.454413153000075],[92.97022545700008,12.468329169000071],[92.95590254000007,12.477443752000056],[92.96485436300003,12.491034247000073],[92.98170006600003,12.506048895000049],[92.99057050900007,12.519232489000046],[92.99154707100007,12.567084052000041],[92.98902428500003,12.59210846600007],[92.97291100400008,12.628119208000044],[92.97681725400008,12.65493398600006],[92.99057050900007,12.701117255000042],[92.99048912900008,12.724310614000046],[92.98438561300003,12.74510325700004],[92.97315514400003,12.764349677000041],[92.95655358200008,12.783026434000078],[92.96802819100003,12.803168036000045],[92.96583092500003,12.82562897300005],[92.96070397200003,12.847154039000088],[92.96404056100005,12.864935614000046],[92.94068444100003,12.88930898600006],[92.93262780000003,12.89288971600007],[92.92986087300005,12.896673895000049],[92.92823326900003,12.90534088700008],[92.92448978000004,12.91437409100007],[92.91553795700008,12.919582424000055],[92.90552819100003,12.906073309000078],[92.89633222700007,12.899725653000075],[92.88453209700003,12.903469143000052],[92.87680097700007,12.911525783000059],[92.87631269600007,12.91665273600006],[92.87907962300005,12.921942450000074],[92.88070722700007,12.93040599200009],[92.90259850400008,12.974025783000059],[92.90528405000003,12.982245184000078],[92.91651451900003,12.98265208500004],[92.92741946700005,12.981024481000077],[92.93474368600005,12.973049221000053],[92.93604576900003,12.954291083000044],[92.94288170700008,12.954291083000044],[92.95264733200008,12.970770575000074],[92.95622806100005,12.981675523000092],[92.95069420700008,12.993638414000088],[92.93262780000003,13.013006903000075],[92.92839603000004,13.027492580000057],[92.92888431100005,13.050197658000059],[92.93702233200008,13.067084052000041],[92.95655358200008,13.064154364000046],[92.95655358200008,13.084662177000041],[92.96404056100005,13.084662177000041],[92.96656334700003,13.07217031500005],[92.96143639400003,13.048163153000075],[92.96404056100005,13.036851304000038],[92.97087649800005,13.030747789000088],[92.97934004000007,13.02952708500004],[92.98682701900003,13.033677476000037],[92.99057050900007,13.04368724200009],[92.99805748800003,13.04368724200009],[93.01954186300003,13.033636786000045],[93.03679446700005,13.062160549000055],[93.04810631600003,13.103705145000049],[93.05274498800003,13.13304271000004],[93.05258222700007,13.196966864000046],[93.05689537900008,13.224798895000049],[93.07943769600007,13.259833075000074],[93.07569420700008,13.269110419000071],[93.05274498800003,13.283880927000041]]}},{"type":"Feature","properties":{"id":1660,"source":"Natural Earth","provenance":"REAL DATA"},"geometry":{"type":"LineString","coordinates":[[93.03907311300003,13.667466539000088],[93.03321373800003,13.680243231000077],[93.01954186300003,13.680121161000045],[92.99057050900007,13.667466539000088],[93.00049889400003,13.657700914000088],[93.01954186300003,13.64940013200004],[93.05274498800003,13.640204169000071],[93.04281660200007,13.662054755000042],[93.03907311300003,13.667466539000088]]}},{"type":"Feature","properties":{"id":1661,"source":"Natural Earth","provenance":"REAL DATA"},"geometry":{"type":"LineString","coordinates":[[97.93189537900008,13.85927969000005],[97.91871178500003,13.853257554000038],[97.91431725400008,13.82843659100007],[97.91504967500003,13.800116278000075],[97.91773522200003,13.783596096000053],[97.92505944100003,13.783596096000053],[97.92847741000003,13.821112372000073],[97.93238366000003,13.840399481000077],[97.93816165500004,13.85179271000004],[97.93189537900008,13.85927969000005]]}},{"type":"Feature","properties":{"id":1662,"source":"Natural Earth","provenance":"REAL DATA"},"geometry":{"type":"LineString","coordinates":[[93.39600670700008,14.140448309000078],[93.39031009200005,14.15375397300005],[93.38599694100003,14.150864976000037],[93.38331139400003,14.138373114000046],[93.37484785200007,14.06468333500004],[93.39478600400008,14.076361395000049],[93.40015709700003,14.095648505000042],[93.39600670700008,14.140448309000078]]}},{"type":"Feature","properties":{"id":1663,"source":"Natural Earth","provenance":"REAL DATA"},"geometry":{"type":"LineString","coordinates":[[93.67579186300003,14.859198309000078],[93.69044030000003,14.858099677000041],[93.70443769600007,14.87099844000005],[93.71615644600007,14.89008209800005],[93.72437584700003,14.907619533000059],[93.72437584700003,14.913804429000038],[93.70386803500003,14.904445705000057],[93.69361412900008,14.888861395000049],[93.68669681100005,14.87205638200004],[93.67579186300003,14.859198309000078]]}},{"type":"Feature","properties":{"id":1664,"source":"Natural Earth","provenance":"REAL DATA"},"geometry":{"type":"LineString","coordinates":[[97.66439863400007,15.565578518000052],[97.66285241000003,15.57367584800005],[97.66016686300003,15.58038971600007],[97.65626061300003,15.586330471000053],[97.65088951900003,15.592230536000045],[97.65748131600003,15.523871161000045],[97.66439863400007,15.504095770000049],[97.66911868600005,15.517401434000078],[97.67237389400003,15.533351955000057],[97.67164147200003,15.549994208000044],[97.66439863400007,15.565578518000052]]}},{"type":"Feature","properties":{"id":1665,"source":"Natural Earth","provenance":"REAL DATA"},"geometry":{"type":"LineString","coordinates":[[94.82797285200007,15.932033596000053],[94.82797285200007,15.932155666000085],[94.82325280000003,15.945786851000037],[94.80681399800005,15.93109772300005],[94.78003991000003,15.893947658000059],[94.75928795700003,15.852240302000041],[94.74480228000004,15.832709052000041],[94.72486412900008,15.818793036000045],[94.72486412900008,15.81195709800005],[94.74789472700007,15.79946523600006],[94.77784264400003,15.791571356000077],[94.80372155000003,15.796576239000046],[94.81910241000003,15.83470286700009],[94.83741295700003,15.864406643000052],[94.84156334700003,15.877427476000037],[94.83936608200003,15.89008209800005],[94.82984459700003,15.916449286000045],[94.82797285200007,15.932033596000053]]}},{"type":"Feature","properties":{"id":1666,"source":"Natural Earth","provenance":"REAL DATA"},"geometry":{"type":"LineString","coordinates":[[94.66211998800003,16.221869208000044],[94.64283287900008,16.24551015800006],[94.61158287900008,16.22174713700008],[94.54932701900003,16.148993231000077],[94.51880944100003,16.120428778000075],[94.51099694100003,16.10765208500004],[94.49594160200007,16.07558828300006],[94.48536217500003,16.058986721000053],[94.45297285200007,16.03388092700004],[94.41724694100003,16.018459377000056],[94.38965905000003,16.000921942000048],[94.38233483200003,15.969631252000056],[94.40919030000003,15.907456773000092],[94.41724694100003,15.871771552000041],[94.40267988400007,15.84674713700008],[94.40267988400007,15.839260158000059],[94.41016686300003,15.839260158000059],[94.43311608200003,15.869614976000037],[94.44092858200003,15.88540273600006],[94.43677819100003,15.90070221600007],[94.44646243600005,15.912909247000073],[94.46827233200003,15.930161851000037],[94.47836347700007,15.942328192000048],[94.47925866000003,15.949042059000078],[94.47803795700003,15.958156643000052],[94.47803795700003,15.966131903000075],[94.48414147200003,15.971258856000077],[94.49903405000003,15.980169989000046],[94.55347741000003,15.99750397300005],[94.56959069100003,16.005194403000075],[94.57960045700003,16.01325104400007],[94.62964928500003,16.07518138200004],[94.65463300900007,16.121975002000056],[94.66749108200003,16.171942450000074],[94.66211998800003,16.221869208000044]]}},{"type":"Feature","properties":{"id":1667,"source":"Natural Earth","provenance":"REAL DATA"},"geometry":{"type":"LineString","coordinates":[[97.58936608200003,16.415269273000092],[97.61060631600003,16.446234442000048],[97.60978629900006,16.464152839000064],[97.60629316500007,16.483547268000052],[97.58521569100003,16.486029364000046],[97.56185957100007,16.49237702000005],[97.52051842500003,16.510891018000052],[97.50407962300005,16.50800202000005],[97.48601321700005,16.50096263200004],[97.46998131600003,16.49046458500004],[97.45964603000004,16.477362372000073],[97.46615644600007,16.46702708500004],[97.46265709700003,16.461004950000074],[97.45582116000003,16.456203518000052],[97.45215905000003,16.44940827000005],[97.45476321700005,16.43691640800006],[97.46045983200003,16.42597077000005],[97.47266686300003,16.40843333500004],[97.48015384200005,16.389105536000045],[97.48487389400003,16.36391836100006],[97.48275800900007,16.34202708500004],[97.46924889400003,16.33270905200004],[97.45926940600003,16.301362208000057],[97.49927819100003,16.26951732000009],[97.51050866000003,16.25421784100007],[97.51685669700004,16.209823449000055],[97.54746101900008,16.199927595000077],[97.57136418100004,16.22269311900004],[97.56635441500003,16.253719653000076],[97.57016035200007,16.29002513200004],[97.56885826900003,16.298570054000038],[97.57178795700003,16.31207916900007],[97.57740319100003,16.32094961100006],[97.58383222700007,16.329046942000048],[97.58936608200003,16.34015534100007],[97.59131920700003,16.361151434000078],[97.58855228000004,16.39984772300005],[97.58936608200003,16.415269273000092]]}},{"type":"Feature","properties":{"id":1668,"source":"Natural Earth","provenance":"REAL DATA"},"geometry":{"type":"LineString","coordinates":[[93.74537194100003,18.799994208000044],[93.74586022200003,18.810980536000045],[93.75163821700005,18.84088776200008],[93.74952233200008,18.865179755000042],[93.74244225400008,18.872300523000035],[93.70753014400003,18.86823151200008],[93.68360436300003,18.868963934000078],[93.67302493600005,18.87051015800006],[93.66334069100003,18.873195705000057],[93.64177493600005,18.88934967700004],[93.62175540500004,18.91034577000005],[93.61109459700003,18.90525950700004],[93.59986412900008,18.890448309000078],[93.57715905000003,18.88190338700008],[93.48414147200003,18.87498607000009],[93.49317467500003,18.849310614000046],[93.49781334700003,18.84088776200008],[93.59400475400008,18.731024481000077],[93.61850019600007,18.711493231000077],[93.63038170700008,18.69920482000009],[93.63550866000003,18.686672268000052],[93.64527428500003,18.679348049000055],[93.66773522200003,18.67487213700008],[93.69312584700003,18.673773505000042],[93.71127363400007,18.67645905200004],[93.73194420700008,18.68968333500004],[93.74683678500003,18.708807684000078],[93.75603274800005,18.73151276200008],[93.75904381600003,18.755560614000046],[93.75709069100003,18.76520416900007],[93.74805748800003,18.787909247000073],[93.74537194100003,18.799994208000044]]}},{"type":"Feature","properties":{"id":1669,"source":"Natural Earth","provenance":"REAL DATA"},"geometry":{"type":"LineString","coordinates":[[93.97071373800003,19.416937567000048],[93.95622806100005,19.432521877000056],[93.91773522200003,19.454006252000056],[93.89926191500007,19.46775950700004],[93.88021894600007,19.47919342700004],[93.85808353000004,19.482489325000074],[93.83659915500004,19.479396877000056],[93.81999759200005,19.471502997000073],[93.80307050900007,19.48737213700008],[93.75538170700008,19.52301666900007],[93.74927819100003,19.531317450000074],[93.74537194100003,19.539211330000057],[93.74048912900008,19.546698309000078],[93.73121178500003,19.55410390800006],[93.72364342500003,19.556382554000038],[93.70492597700007,19.558294989000046],[93.69695071700005,19.560288804000038],[93.68816165500004,19.559475002000056],[93.64918053500003,19.51312897300005],[93.65552819100003,19.50409577000005],[93.65658613400007,19.497381903000075],[93.65219160200007,19.493312893000052],[93.64177493600005,19.492010809000078],[93.65894616000003,19.457505601000037],[93.66911868600005,19.446478583000044],[93.68336022200003,19.437445380000042],[93.71631920700008,19.427394924000055],[93.73047936300003,19.419256903000075],[93.73804772200003,19.403265692000048],[93.73666425900007,19.396958726000037],[93.73194420700008,19.396429755000042],[93.72673587300005,19.39667389500005],[93.72437584700003,19.392726955000057],[93.72535241000003,19.386867580000057],[93.72779381600003,19.383734442000048],[93.72999108200008,19.381740627000056],[93.73121178500003,19.379055080000057],[93.73340905000003,19.36786530200004],[93.74317467500003,19.35545482000009],[93.74537194100003,19.344916083000044],[93.74984785200007,19.333319403000075],[93.77377363400007,19.298773505000042],[93.78565514400003,19.28656647300005],[93.79688561300003,19.278509833000044],[93.80274498800003,19.276678778000075],[93.82357832100007,19.279120184000078],[93.84555097700007,19.27802155200004],[93.85694420700008,19.27887604400007],[93.86491946700005,19.282863674000055],[93.86638431100005,19.291083075000074],[93.86280358200008,19.299750067000048],[93.86280358200008,19.307766018000052],[93.87517337300005,19.31391022300005],[93.87916100400008,19.312201239000046],[93.88103274800005,19.30687083500004],[93.88355553500003,19.30149974200009],[93.88941491000003,19.299627997000073],[93.89551842500003,19.301174221000053],[93.89893639400003,19.303290106000077],[93.90088951900003,19.30540599200009],[93.91716556100005,19.318304755000042],[93.94019616000003,19.34861888200004],[93.95394941500007,19.35488515800006],[93.96583092500003,19.363023179000038],[93.97234134200005,19.38182200700004],[93.97364342500003,19.402736721000053],[93.97071373800003,19.416937567000048]]}},{"type":"Feature","properties":{"id":1670,"source":"Natural Earth","provenance":"REAL DATA"},"geometry":{"type":"LineString","coordinates":[[93.50521894600007,19.80731842700004],[93.50114993600005,19.825384833000044],[93.50521894600007,19.872219143000052],[93.49878991000003,19.88703034100007],[93.48471113400007,19.89716217700004],[93.47055097700007,19.905218817000048],[93.46412194100003,19.91347890800006],[93.46119225400008,19.91950104400007],[93.45337975400008,19.92845286700009],[93.44263756600003,19.93813711100006],[93.42204837300005,19.95136139500005],[93.40284264400003,19.953070380000042],[93.40674889400003,19.920477606000077],[93.44068444100003,19.810939846000053],[93.45679772200003,19.788763739000046],[93.51197350400008,19.745835679000038],[93.51832116000003,19.76194896000004],[93.51685631600003,19.777167059000078],[93.50521894600007,19.80731842700004]]}},{"type":"Feature","properties":{"id":1671,"source":"Natural Earth","provenance":"REAL DATA"},"geometry":{"type":"LineString","coordinates":[[92.96404056100005,20.03668854400007],[92.96257571700005,20.046087958000044],[92.95850670700008,20.05487702000005],[92.95289147200003,20.063055731000077],[92.94646243600005,20.07050202000005],[92.92920983200008,20.08104075700004],[92.92269941500007,20.087632554000038],[92.91684004000007,20.08893463700008],[92.91195722700007,20.08470286700009],[92.90870201900003,20.07485586100006],[92.90943444100003,20.06509023600006],[92.91431725400008,20.05963776200008],[92.91976972700007,20.05573151200008],[92.92237389400003,20.050604559000078],[92.92579186300003,20.033758856000077],[92.98747806100005,19.92519765800006],[93.00123131600003,19.906642971000053],[93.00855553500003,19.889878648000035],[93.01319420700008,19.846502997000073],[93.01856530000003,19.827826239000046],[93.02491295700008,19.827826239000046],[93.02198326900003,19.87018463700008],[93.01465905000003,19.905585028000075],[92.96753991000003,20.02220286700009],[92.96404056100005,20.03668854400007]]}},{"type":"Feature","properties":{"id":1689,"source":"Natural Earth","provenance":"REAL DATA"},"geometry":{"type":"LineString","coordinates":[[88.87289472700007,21.595526434000078],[88.84131920700008,21.61399974200009],[88.83082116000003,21.577378648000035],[88.83871504000007,21.53192780200004],[88.86247806100005,21.523586330000057],[88.87973066500007,21.52997467700004],[88.89576256600003,21.528469143000052],[88.90796959700003,21.53070709800005],[88.91391035200007,21.54840729400007],[88.91130618600005,21.566880601000037],[88.90202884200005,21.58026764500005],[88.88851972700007,21.589544989000046],[88.87289472700007,21.595526434000078]]}},{"type":"Feature","properties":{"id":1691,"source":"Natural Earth","provenance":"REAL DATA"},"geometry":{"type":"LineString","coordinates":[[91.93555748800003,21.75999583500004],[91.93588300900007,21.76512278900009],[91.93555748800003,21.78115469000005],[91.91911868600005,21.77684153900009],[91.90121504000007,21.774318752000056],[91.90837649800005,21.75218333500004],[91.90951582100007,21.72679271000004],[91.90333092500003,21.702866929000038],[91.88770592500003,21.68496328300006],[91.89087975400008,21.698960679000038],[91.89820397200003,21.71482982000009],[91.90284264400003,21.730292059000078],[91.89795983200008,21.743312893000052],[91.88331139400003,21.75389232000009],[91.87232506600003,21.754828192000048],[91.86296634200005,21.74559153900009],[91.85352623800003,21.725816148000035],[91.84791100400008,21.688788153000075],[91.86890709700003,21.622219143000052],[91.87403405000003,21.581854559000078],[91.87370853000004,21.55801015800006],[91.87110436300003,21.547674872000073],[91.85547936300003,21.526678778000075],[91.85523522200003,21.519476630000042],[91.85824629000007,21.512640692000048],[91.86255944100003,21.494940497000073],[91.86841881600003,21.486761786000045],[91.87712649800005,21.481024481000077],[91.88770592500003,21.480129299000055],[91.89966881600003,21.486029364000046],[91.89918053500003,21.493841864000046],[91.89454186300003,21.50141022300005],[91.89454186300003,21.506781317000048],[91.91407311300003,21.509466864000046],[91.93921959700003,21.50535716400009],[91.96111087300005,21.50617096600007],[91.97022545700008,21.523586330000057],[91.97242272200003,21.546087958000044],[91.98170006600003,21.58808014500005],[91.98389733200008,21.609198309000078],[91.97486412900008,21.64874909100007],[91.93873131600003,21.71482982000009],[91.93555748800003,21.75999583500004]]}},{"type":"Feature","properties":{"id":1692,"source":"Natural Earth","provenance":"REAL DATA"},"geometry":{"type":"LineString","coordinates":[[88.05054772200003,21.70538971600007],[88.04395592500003,21.680853583000044],[88.04224694100003,21.66815827000005],[88.04314212300005,21.65761953300006],[88.05176842500003,21.64158763200004],[88.06348717500003,21.636664130000042],[88.09156334700003,21.636542059000078],[88.11850019600007,21.62767161700009],[88.13005618600005,21.625921942000048],[88.13941491000003,21.63031647300005],[88.14600670700008,21.643744208000044],[88.14437910200007,21.65778229400007],[88.13257897200003,21.68496328300006],[88.16342207100007,21.705471096000053],[88.16700280000003,21.765448309000078],[88.14673912900008,21.86985911700009],[88.11931399800005,21.859523830000057],[88.09001712300005,21.808661200000074],[88.05054772200003,21.70538971600007]]}},{"type":"Feature","properties":{"id":1693,"source":"Natural Earth","provenance":"REAL DATA"},"geometry":{"type":"LineString","coordinates":[[89.11573326900003,21.78115469000005],[89.09278405000003,21.793402411000045],[89.08130944100003,21.82294342700004],[89.07154381600003,21.890326239000046],[89.06763756600003,21.904364325000074],[89.06495201900003,21.910223700000074],[89.06153405000003,21.914943752000056],[89.05738366000003,21.917669989000046],[89.04566491000003,21.91705963700008],[89.04468834700003,21.90778229400007],[89.05111738400007,21.890326239000046],[89.05372155000003,21.874741929000038],[89.06381269600007,21.841457424000055],[89.06421959700003,21.822088934000078],[89.05779056100005,21.803290106000077],[89.05144290500004,21.79710521000004],[89.05152428500003,21.79319896000004],[89.10230553500003,21.736761786000045],[89.13249759200005,21.721625067000048],[89.14470462300005,21.73932526200008],[89.13900800900007,21.766831773000035],[89.11573326900003,21.78115469000005]]}},{"type":"Feature","properties":{"id":1694,"source":"Natural Earth","provenance":"REAL DATA"},"geometry":{"type":"LineString","coordinates":[[88.63624108200008,21.92137278900009],[88.61646569100003,21.89793528900009],[88.59864342500003,21.86985911700009],[88.58627363400007,21.843003648000035],[88.58432050900007,21.835760809000078],[88.58497155000003,21.826605536000045],[88.59050540500004,21.812892971000053],[88.59180748800003,21.804388739000046],[88.59961998800003,21.803656317000048],[88.63624108200008,21.792669989000046],[88.64633222700007,21.787909247000073],[88.64918053500003,21.842352606000077],[88.65528405000003,21.86660390800006],[88.66700280000003,21.890326239000046],[88.67058353000004,21.907416083000044],[88.66325931100005,21.92129140800006],[88.65015709700003,21.927435614000046],[88.63624108200008,21.92137278900009]]}},{"type":"Feature","properties":{"id":1695,"source":"Natural Earth","provenance":"REAL DATA"},"geometry":{"type":"LineString","coordinates":[[91.88770592500003,21.866156317000048],[91.88607832100007,21.88027578300006],[91.87403405000003,21.917669989000046],[91.87273196700005,21.925604559000078],[91.87110436300003,21.928859768000052],[91.86719811300003,21.93195221600007],[91.84343509200005,21.90696849200009],[91.83619225400008,21.89411041900007],[91.83253014400003,21.876695054000038],[91.83985436300003,21.825506903000075],[91.82398522200003,21.742621161000045],[91.83253014400003,21.725816148000035],[91.84107506600003,21.73541901200008],[91.86280358200008,21.789984442000048],[91.87037194100003,21.824611721000053],[91.88445071700005,21.85028717700004],[91.88770592500003,21.866156317000048]]}},{"type":"Feature","properties":{"id":1696,"source":"Natural Earth","provenance":"REAL DATA"},"geometry":{"type":"LineString","coordinates":[[88.08090254000007,21.849351304000038],[88.10499108200008,21.861151434000078],[88.12501061300003,21.88865794500009],[88.13257897200003,21.920477606000077],[88.11890709700003,21.945013739000046],[88.10572350400008,21.94757721600007],[88.09424889400003,21.937892971000053],[88.08472741000003,21.921576239000046],[88.07732181100005,21.90460846600007],[88.07390384200005,21.89215729400007],[88.07105553500003,21.873602606000077],[88.07227623800003,21.856756903000075],[88.08090254000007,21.849351304000038]]}},{"type":"Feature","properties":{"id":1697,"source":"Natural Earth","provenance":"REAL DATA"},"geometry":{"type":"LineString","coordinates":[[90.59351647200003,21.98655833500004],[90.52637780000003,21.94358958500004],[90.52198326900003,21.938788153000075],[90.51783287900008,21.93195221600007],[90.51539147200003,21.92129140800006],[90.51685631600003,21.912176825000074],[90.51693769600007,21.90448639500005],[90.51042728000004,21.89785390800006],[90.51791425900007,21.89325592700004],[90.52295983200008,21.88808828300006],[90.53150475400008,21.876695054000038],[90.52344811300003,21.87567780200004],[90.51075280000003,21.87140534100007],[90.50359134200005,21.86985911700009],[90.50359134200005,21.862453518000052],[90.52125084700003,21.861476955000057],[90.54078209700003,21.875921942000048],[90.55713951900003,21.89752838700008],[90.56560306100005,21.917669989000046],[90.57252037900008,21.917669989000046],[90.58082116000003,21.912502346000053],[90.59083092500003,21.93512604400007],[90.60661868600005,21.938788153000075],[90.60084069100003,21.95457591400009],[90.59734134200005,21.961330471000053],[90.59351647200003,21.966131903000075],[90.59351647200003,21.98655833500004]]}},{"type":"Feature","properties":{"id":1698,"source":"Natural Earth","provenance":"REAL DATA"},"geometry":{"type":"LineString","coordinates":[[90.33220462300005,21.938788153000075],[90.32252037900008,21.91669342700004],[90.31861412900008,21.89280833500004],[90.31861412900008,21.846258856000077],[90.32292728000004,21.843898830000057],[90.33220462300005,21.84951406500005],[90.34156334700003,21.860296942000048],[90.36548912900008,21.938706773000035],[90.39063561300003,21.978257554000038],[90.39429772200003,22.00023021000004],[90.37142988400007,21.99477773600006],[90.35401451900003,21.97675202000005],[90.33220462300005,21.938788153000075]]}},{"type":"Feature","properties":{"id":1700,"source":"Natural Earth","provenance":"REAL DATA"},"geometry":{"type":"LineString","coordinates":[[90.38746178500003,22.048041083000044],[90.37387129000007,22.04555898600006],[90.35865319100003,22.022691148000035],[90.34587649800005,21.99359772300005],[90.33961022200003,21.972316799000055],[90.34595787900008,21.972316799000055],[90.35279381600003,21.992987372000073],[90.38111412900008,22.023098049000055],[90.38746178500003,22.048041083000044]]}},{"type":"Feature","properties":{"id":1701,"source":"Natural Earth","provenance":"REAL DATA"},"geometry":{"type":"LineString","coordinates":[[90.43523196700005,22.04120514500005],[90.42847741000003,22.048041083000044],[90.41553795700008,22.038316148000035],[90.41187584700003,22.02871328300006],[90.41423587300005,21.99713776200008],[90.41187584700003,21.97601959800005],[90.40642337300005,21.963364976000037],[90.39975019600007,21.952948309000078],[90.39429772200003,21.938788153000075],[90.39454186300003,21.92145416900007],[90.40235436300003,21.90688711100006],[90.41553795700008,21.900539455000057],[90.43189537900008,21.90778229400007],[90.45484459700003,21.93305084800005],[90.47632897200003,21.945013739000046],[90.48617597700007,21.97679271000004],[90.47331790500004,22.003648179000038],[90.43523196700005,22.04120514500005]]}},{"type":"Feature","properties":{"id":1703,"source":"Natural Earth","provenance":"REAL DATA"},"geometry":{"type":"LineString","coordinates":[[90.54444420700008,22.061672268000052],[90.50896243600005,22.033148505000042],[90.50359134200005,22.02411530200004],[90.50464928500003,22.01048411700009],[90.50904381600003,21.99941640800006],[90.51954186300003,21.994696356000077],[90.53834069100003,22.00023021000004],[90.55974368600005,22.02374909100007],[90.56869550900007,22.05809153900009],[90.57455488400007,22.096136786000045],[90.58619225400008,22.130560614000046],[90.59180748800003,22.119086005000042],[90.59343509200005,22.112534898000035],[90.59351647200003,22.10260651200008],[90.61345462300005,22.16404857000009],[90.60450280000003,22.16559479400007],[90.59278405000003,22.159409898000035],[90.58106530000003,22.148871161000045],[90.57252037900008,22.13739655200004],[90.56006920700008,22.13768138200004],[90.53345787900008,22.11005280200004],[90.52084394600007,22.10260651200008],[90.50310306100005,22.09634023600006],[90.49170983200008,22.080145575000074],[90.48560631600003,22.058335679000038],[90.48365319100003,22.034979559000078],[90.48991946700005,22.034979559000078],[90.49537194100003,22.044989325000074],[90.53834069100003,22.068508205000057],[90.54444420700008,22.061672268000052]]}},{"type":"Feature","properties":{"id":1704,"source":"Natural Earth","provenance":"REAL DATA"},"geometry":{"type":"LineString","coordinates":[[90.94174238400007,22.205023505000042],[90.93555748800003,22.21246979400007],[90.92750084700003,22.190252997000073],[90.92025800900007,22.16006094000005],[90.91920006600003,22.132147528000075],[90.92937259200005,22.116888739000046],[90.94898522200003,22.121649481000077],[90.95671634200005,22.14484284100007],[90.95671634200005,22.198879299000055],[90.95411217500003,22.20807526200008],[90.95118248800003,22.21246979400007],[90.94711347700007,22.21161530200004],[90.94174238400007,22.205023505000042]]}},{"type":"Feature","properties":{"id":1706,"source":"Natural Earth","provenance":"REAL DATA"},"geometry":{"type":"LineString","coordinates":[[90.97641035200007,22.18577708500004],[90.98780358200008,22.195379950000074],[90.99480228000004,22.213812567000048],[90.99781334700003,22.23509349200009],[90.99691816500007,22.25348541900007],[90.98292076900003,22.25918203300006],[90.97706139400003,22.239203192000048],[90.97641035200007,22.18577708500004]]}},{"type":"Feature","properties":{"id":1707,"source":"Natural Earth","provenance":"REAL DATA"},"geometry":{"type":"LineString","coordinates":[[90.95289147200003,22.22675202000005],[90.99008222700007,22.281398830000057],[90.99439537900008,22.302069403000075],[90.99350019600007,22.322333075000074],[90.98951256600003,22.340765692000048],[90.98389733200008,22.355902411000045],[90.97641035200007,22.363348700000074],[90.96615644600007,22.347398179000038],[90.96021569100003,22.32298411700009],[90.95671634200005,22.27765534100007],[90.95053144600007,22.263617255000042],[90.94019616000003,22.24681224200009],[90.93718509200005,22.23273346600007],[90.95289147200003,22.22675202000005]]}},{"type":"Feature","properties":{"id":1708,"source":"Natural Earth","provenance":"REAL DATA"},"geometry":{"type":"LineString","coordinates":[[91.14884715400007,22.35705696800005],[91.12689879300007,22.37486481800005],[91.09225698400007,22.391338292000057],[91.07480066300008,22.38858982700009],[91.06911953400004,22.311029637000047],[91.06827393900005,22.240732781000077],[91.05909264400003,22.19204336100006],[91.05225670700008,22.175441799000055],[91.03395508300008,22.148779882000042],[91.00511111500003,22.116821943000048],[91.01125716900003,22.10209066500005],[91.02247155000003,22.094875393000052],[91.03858483200008,22.091131903000075],[91.06329364900006,22.089847552000037],[91.08240771900006,22.10138252300004],[91.09368931800003,22.11885882200005],[91.10637395300006,22.12165790000006],[91.12071197100005,22.130301388000078],[91.14146765000004,22.146201361000067],[91.15430748800003,22.169663804000038],[91.16089928500003,22.182074286000045],[91.17057633900004,22.197170808000067],[91.18678466200004,22.22775746500008],[91.18189537900008,22.260321356000077],[91.18140709700003,22.283596096000053],[91.17139733200008,22.319647528000075],[91.15645027600004,22.332078852000052],[91.14884715400007,22.35705696800005]]}},{"type":"Feature","properties":{"id":1709,"source":"Natural Earth","provenance":"REAL DATA"},"geometry":{"type":"LineString","coordinates":[[90.61963951900003,22.424750067000048],[90.62614993600005,22.40696849200009],[90.63379967500003,22.367621161000045],[90.64014733200008,22.349676825000074],[90.63331139400003,22.349676825000074],[90.63428795700008,22.339544989000046],[90.63404381600003,22.32835521000004],[90.63502037900008,22.317613023000035],[90.64014733200008,22.308742580000057],[90.64673912900008,22.32607656500005],[90.64039147200003,22.366034247000073],[90.64747155000003,22.38377513200004],[90.65015709700003,22.376166083000044],[90.66114342500003,22.355902411000045],[90.65870201900003,22.37954336100006],[90.64771569100003,22.40721263200004],[90.63314863400007,22.43162669500009],[90.61963951900003,22.445257880000042],[90.61443118600005,22.449042059000078],[90.60759524800005,22.450344143000052],[90.60157311300003,22.44830963700008],[90.59913170700008,22.44212474200009],[90.60141035200007,22.42918528900009],[90.60694420700008,22.427435614000046],[90.61361738400007,22.428615627000056],[90.61963951900003,22.424750067000048]]}},{"type":"Feature","properties":{"id":1710,"source":"Natural Earth","provenance":"REAL DATA"},"geometry":{"type":"LineString","coordinates":[[90.64747155000003,22.424750067000048],[90.65365644600007,22.43105703300006],[90.65707441500007,22.433661200000074],[90.66732832100007,22.43903229400007],[90.66700280000003,22.45844147300005],[90.66529381600003,22.469142971000053],[90.66114342500003,22.48004791900007],[90.65601647200003,22.48069896000004],[90.65349368600005,22.48346588700008],[90.64747155000003,22.424750067000048]]}},{"type":"Feature","properties":{"id":1711,"source":"Natural Earth","provenance":"REAL DATA"},"geometry":{"type":"LineString","coordinates":[[91.15861860500007,22.503423074000068],[91.12356215000005,22.48914556400007],[91.11370966000004,22.46141485000004],[91.13416328800008,22.449480400000084],[91.15953324100008,22.45067424700005],[91.18024445400005,22.45923875300008],[91.20101719800005,22.47219599600004],[91.21083048600008,22.495521457000052],[91.19998796600004,22.514694415000065],[91.15861860500007,22.503423074000068]]}},{"type":"Feature","properties":{"id":1712,"source":"Natural Earth","provenance":"REAL DATA"},"geometry":{"type":"LineString","coordinates":[[91.46755661400005,22.58630965100008],[91.44676458700008,22.57630398300006],[91.42378639900005,22.525301950000085],[91.42965828600006,22.493002901000068],[91.44651727100006,22.453242453000087],[91.47605216500006,22.413317257000074],[91.50751921700004,22.396796588000086],[91.55517907800004,22.402031244000057],[91.56363308400006,22.435621052000045],[91.55636062500008,22.478210170000068],[91.46755661400005,22.58630965100008]]}},{"type":"Feature","properties":{"id":1713,"source":"Natural Earth","provenance":"REAL DATA"},"geometry":{"type":"LineString","coordinates":[[90.79055251900007,22.495333023000057],[90.76694021600008,22.51753139100009],[90.75450738500007,22.54843435400005],[90.74697855800008,22.59690680300008],[90.73127161300005,22.620527278000054],[90.71550702300004,22.638283560000048],[90.70136948700008,22.66189841700009],[90.68409525200008,22.694372801000043],[90.67154649400004,22.722410315000047],[90.66061944900008,22.75780489600004],[90.65056399800005,22.78742096600007],[90.63103274800005,22.785630601000037],[90.61345462300005,22.781683661000045],[90.59620201900003,22.77537669500009],[90.58545983200008,22.768052476000037],[90.57862389400003,22.757025458000044],[90.55632571700005,22.674709377000056],[90.55396569100003,22.639797268000052],[90.55876712300005,22.60293203300006],[90.57496178500003,22.598863023000035],[90.63135826900003,22.56159088700008],[90.64747155000003,22.54828522300005],[90.65894616000003,22.52440013200004],[90.67058353000004,22.46385325700004],[90.68181399800005,22.445257880000042],[90.68181399800005,22.43903229400007],[90.67774498800003,22.426703192000048],[90.67994225400008,22.407171942000048],[90.68799889400003,22.37763092700004],[90.68189537900008,22.36041901200008],[90.68181399800005,22.301906643000052],[90.67847741000003,22.28278229400007],[90.67351321700005,22.266424872000073],[90.63184655000003,22.182114976000037],[90.62224368600005,22.145086981000077],[90.63331139400003,22.123114325000074],[90.61898847700007,22.101304429000038],[90.60775800900007,22.072333075000074],[90.60352623800003,22.04401276200008],[90.61003665500004,22.02411530200004],[90.62598717500003,22.027167059000078],[90.68181399800005,22.10260651200008],[90.66993248800003,22.07493724200009],[90.65121504000007,22.044623114000046],[90.63941491000003,22.016099351000037],[90.64747155000003,21.99404531500005],[90.65772545700008,21.99286530200004],[90.67042076900003,21.997707424000055],[90.68287194100003,22.003973700000074],[90.69166100400008,22.007025458000044],[90.71778405000003,22.04840729400007],[90.72706139400003,22.05369700700004],[90.75001061300003,22.075995184000078],[90.75586998800003,22.06598541900007],[90.75733483200008,22.061672268000052],[90.77475019600007,22.075913804000038],[90.82789147200003,22.152411200000074],[90.83619225400008,22.178168036000045],[90.83502200900006,22.339615964000075],[90.85502409100008,22.43466514000005],[90.83463688000006,22.45829561000005],[90.79055251900007,22.495333023000057]]}},{"type":"Feature","properties":{"id":1714,"source":"Natural Earth","provenance":"REAL DATA"},"geometry":{"type":"LineString","coordinates":[[90.64525350300005,22.84928934900006],[90.62676027600003,22.857215927000084],[90.60661868600005,22.87726471600007],[90.59229576900003,22.88190338700008],[90.55274498800003,22.881740627000056],[90.54444420700008,22.880682684000078],[90.53760826900003,22.86676666900007],[90.52116946700005,22.86465078300006],[90.48682701900003,22.870428778000075],[90.47339928500003,22.86513906500005],[90.46607506600003,22.85175202000005],[90.46314537900008,22.834051825000074],[90.46265709700003,22.81582265800006],[90.46566816500007,22.78807200700004],[90.46420332100007,22.77887604400007],[90.45573978000004,22.767401434000078],[90.48292076900003,22.75975169500009],[90.49284915500004,22.753241278000075],[90.49675540500004,22.74315013200004],[90.49822024800005,22.73383209800005],[90.51096129300004,22.72272388300007],[90.52099282900008,22.71176534400007],[90.53461211700005,22.72877529100009],[90.52967723600005,22.74436306800004],[90.53155868500005,22.769236749000072],[90.54656009200005,22.783677476000037],[90.56177819100003,22.788804429000038],[90.59095563400007,22.813918922000084],[90.62805225200003,22.812082197000052],[90.66236412900008,22.805487372000073],[90.67823326900003,22.808335679000038],[90.66362959200006,22.828918033000036],[90.64525350300005,22.84928934900006]]}},{"type":"Feature","properties":{"id":1715,"source":"Natural Earth","provenance":"REAL DATA"},"geometry":{"type":"LineString","coordinates":[[90.66732832100007,22.95302969000005],[90.66732832100007,22.95917389500005],[90.64535566500007,22.97483958500004],[90.60726972700007,23.018133856000077],[90.58619225400008,23.034898179000038],[90.56128991000003,23.03261953300006],[90.52800540500004,23.007635809000078],[90.50806725400008,22.975775458000044],[90.52409915500004,22.95302969000005],[90.53451582100007,22.951239325000074],[90.56169681100005,22.951564846000053],[90.57252037900008,22.95302969000005],[90.58122806100005,22.95652903900009],[90.58472741000003,22.96039459800005],[90.58871504000007,22.962062893000052],[90.59913170700008,22.95917389500005],[90.60767662900008,22.95258209800005],[90.61963951900003,22.932521877000056],[90.62712649800005,22.925034898000035],[90.63624108200008,22.92133209800005],[90.66732832100007,22.91819896000004],[90.66236412900008,22.927801825000074],[90.65463300900007,22.937323309000078],[90.64470462300005,22.94599030200004],[90.63331139400003,22.95302969000005],[90.64161217500003,22.952297268000052],[90.66732832100007,22.95302969000005]]}},{"type":"Feature","properties":{"id":1716,"source":"Natural Earth","provenance":"REAL DATA"},"geometry":{"type":"LineString","coordinates":[[90.51042728000004,23.06903717700004],[90.50245201900003,23.064886786000045],[90.49439537900008,23.062933661000045],[90.45573978000004,23.06281159100007],[90.46094811300003,23.048488674000055],[90.46949303500003,23.007635809000078],[90.47779381600003,23.01239655200004],[90.50017337300005,23.038031317000048],[90.51563561300003,23.051947333000044],[90.51710045700008,23.05931224200009],[90.51042728000004,23.06903717700004]]}},{"type":"Feature","properties":{"id":1717,"source":"Natural Earth","provenance":"REAL DATA"},"geometry":{"type":"LineString","coordinates":[[90.52409915500004,23.32225169500009],[90.52955162900008,23.33356354400007],[90.54957116000003,23.326239325000074],[90.58619225400008,23.30174388200004],[90.57764733200008,23.32363515800006],[90.53939863400007,23.350002346000053],[90.49187259200005,23.37303294500009],[90.45573978000004,23.38495514500005],[90.42969811300003,23.385158596000053],[90.42660566500007,23.37596263200004],[90.43726647200003,23.361802476000037],[90.46876061300003,23.33161041900007],[90.48707116000003,23.31903717700004],[90.50611412900008,23.314195054000038],[90.52409915500004,23.32225169500009]]}},{"type":"Feature","properties":{"id":2298,"source":"Natural Earth","provenance":"REAL DATA"},"geometry":{"type":"LineString","coordinates":[[73.16309655000003,-0.6818173159999219],[73.17253665500004,-0.6885718729999439],[73.16586347700007,-0.6884091129999206],[73.16358483200008,-0.6866187479999439],[73.16309655000003,-0.6818173159999219]]}},{"type":"Feature","properties":{"id":2299,"source":"Natural Earth","provenance":"REAL DATA"},"geometry":{"type":"LineString","coordinates":[[73.20411217500003,-0.6711565079999104],[73.20118248800003,-0.6750627579999104],[73.19922936300003,-0.6786434879999206],[73.19646243600005,-0.6813290339999298],[73.19141686300003,-0.6827938779999272],[73.19223066500007,-0.6771786439999232],[73.19516035200007,-0.6744930969999245],[73.20411217500003,-0.6711565079999104]]}},{"type":"Feature","properties":{"id":2300,"source":"Natural Earth","provenance":"REAL DATA"},"geometry":{"type":"LineString","coordinates":[[73.12427819100003,-0.6561825499999259],[73.12696373800003,-0.666273695999962],[73.12387129000007,-0.6647274719999245],[73.12330162900008,-0.6625302059999285],[73.12387129000007,-0.6597632789999466],[73.12427819100003,-0.6561825499999259]]}},{"type":"Feature","properties":{"id":2303,"source":"Natural Earth","provenance":"REAL DATA"},"geometry":{"type":"LineString","coordinates":[[73.24000084700003,-0.6255835919999413],[73.22730553500008,-0.642836195999962],[73.22681725400008,-0.6325822899999594],[73.22999108200008,-0.623304945999962],[73.23487389400003,-0.619398695999962],[73.24000084700003,-0.6255835919999413]]}},{"type":"Feature","properties":{"id":2306,"source":"Natural Earth","provenance":"REAL DATA"},"geometry":{"type":"LineString","coordinates":[[73.24675540500004,-0.5886369769999078],[73.24463951900003,-0.6071916649999594],[73.23829186300003,-0.6003557269999078],[73.23633873800003,-0.5923804669999413],[73.23902428500008,-0.5844052059999285],[73.24732506600003,-0.5778947899999594],[73.24838300900007,-0.5808244769999078],[73.24781334700003,-0.5831845029999272],[73.24683678500008,-0.5855445289999466],[73.24675540500004,-0.5886369769999078]]}},{"type":"Feature","properties":{"id":2313,"source":"Natural Earth","provenance":"REAL DATA"},"geometry":{"type":"LineString","coordinates":[[73.43506920700008,-0.2836239559999285],[73.44304446700005,-0.29273853999995936],[73.44507897200003,-0.29753997199992455],[73.44450931100005,-0.3042945289999466],[73.43799889400003,-0.29859791499995936],[73.43523196700005,-0.29363372199992455],[73.43458092500003,-0.28875090899992983],[73.43506920700008,-0.2836239559999285]]}},{"type":"Feature","properties":{"id":2325,"source":"Natural Earth","provenance":"REAL DATA"},"geometry":{"type":"LineString","coordinates":[[73.09546959700003,0.22801341400008823],[73.09888756600003,0.22492096600007017],[73.10254967500003,0.2228050800000574],[73.10434004000007,0.2196719420000477],[73.10434004000007,0.21963125200005607],[73.10295657600005,0.21352773600006003],[73.10287519600007,0.21344635600007678],[73.09888756600003,0.2163760440000715],[73.09782962300005,0.2187767600000825],[73.09742272200003,0.21971263200003932],[73.09734134200005,0.22024160400007986],[73.09669030000003,0.22370026200007942],[73.09546959700003,0.22801341400008823]]}},{"type":"Feature","properties":{"id":2326,"source":"Natural Earth","provenance":"REAL DATA"},"geometry":{"type":"LineString","coordinates":[[73.20899498800003,0.239976304000038],[73.21745853000004,0.23773834800005034],[73.21737714900007,0.2376976580000587],[73.21265709700003,0.23208242400005474],[73.21094811300003,0.232163804000038],[73.21029707100007,0.23566315300007545],[73.20899498800003,0.239976304000038]]}},{"type":"Feature","properties":{"id":2328,"source":"Natural Earth","provenance":"REAL DATA"},"geometry":{"type":"LineString","coordinates":[[73.03679446700005,0.2699242210000534],[73.03679446700005,0.2696800800000574],[73.04037519600007,0.25946686400004637],[73.04037519600007,0.2593447940000715],[73.03614342500003,0.2609317080000437],[73.03581790500004,0.2620710310000618],[73.03541100400008,0.26316966400008823],[73.03581790500004,0.2646751970000878],[73.03630618600005,0.2661807310000768],[73.03630618600005,0.26650625200005607],[73.03679446700005,0.2699242210000534]]}},{"type":"Feature","properties":{"id":2329,"source":"Natural Earth","provenance":"REAL DATA"},"geometry":{"type":"LineString","coordinates":[[73.37916100400008,0.28522370000007413],[73.37907962300005,0.2851830100000825],[73.36963951900003,0.28001536700008955],[73.37110436300003,0.2859561220000728],[73.37370853000004,0.2869326840000781],[73.37639407600005,0.2860781920000477],[73.37916100400008,0.28522370000007413]]}},{"type":"Feature","properties":{"id":2330,"source":"Natural Earth","provenance":"REAL DATA"},"geometry":{"type":"LineString","coordinates":[[72.98365319100003,0.3052432310000768],[72.98487389400003,0.3034121770000411],[72.98707116000008,0.30280182500007413],[72.98772220100005,0.30223216400008823],[72.98812910200007,0.3019066430000521],[72.98601321700005,0.2996279970000728],[72.98601321700005,0.29954661700008955],[72.98121178500008,0.30206940300007545],[72.98096764400003,0.30361562700005607],[72.98365319100003,0.3052432310000768]]}},{"type":"Feature","properties":{"id":2333,"source":"Natural Earth","provenance":"REAL DATA"},"geometry":{"type":"LineString","coordinates":[[73.51343834700003,0.3877627620000794],[73.51335696700005,0.3876813820000393],[73.50863691500007,0.3806826840000781],[73.50855553500008,0.38056061400004637],[73.50643964900007,0.38503652600007854],[73.50586998800003,0.3861351580000587],[73.50586998800003,0.38617584800005034],[73.50660241000008,0.3877627620000794],[73.50977623800003,0.38743724200008955],[73.51343834700003,0.3877627620000794]]}},{"type":"Feature","properties":{"id":2334,"source":"Natural Earth","provenance":"REAL DATA"},"geometry":{"type":"LineString","coordinates":[[72.95834394600007,0.4033063820000393],[72.95842532600005,0.4031436220000728],[72.96111087300005,0.394273179000038],[72.96119225400008,0.39402903900008823],[72.95777428500008,0.39679596600007017],[72.95720462300005,0.39915599200008955],[72.95801842500003,0.4013532570000393],[72.95834394600007,0.4033063820000393]]}},{"type":"Feature","properties":{"id":2336,"source":"Natural Earth","provenance":"REAL DATA"},"geometry":{"type":"LineString","coordinates":[[72.94092858200008,0.49632396000004064],[72.94092858200008,0.496283270000049],[72.94060306100005,0.4872907570000393],[72.93702233200008,0.4914411480000922],[72.93702233200008,0.49363841400008823],[72.94092858200008,0.49632396000004064]]}},{"type":"Feature","properties":{"id":2337,"source":"Natural Earth","provenance":"REAL DATA"},"geometry":{"type":"LineString","coordinates":[[73.49195397200003,0.508002020000049],[73.49203535200007,0.5077985700000909],[73.49463951900003,0.4989688170000477],[73.49040774800005,0.5006778020000411],[73.48975670700008,0.50259023600006],[73.49097741000008,0.5049502620000794],[73.49195397200003,0.508002020000049]]}},{"type":"Feature","properties":{"id":2338,"source":"Natural Earth","provenance":"REAL DATA"},"geometry":{"type":"LineString","coordinates":[[73.38786868600005,0.6417503930000521],[73.38721764400003,0.639105536000045],[73.38721764400003,0.6367862000000741],[73.38672936300003,0.63540273600006],[73.38656660200007,0.63540273600006],[73.38477623800003,0.6355654970000728],[73.38355553500008,0.6389020850000406],[73.38428795700008,0.6403262390000464],[73.38640384200005,0.640814520000049],[73.38786868600005,0.6417503930000521]]}},{"type":"Feature","properties":{"id":2341,"source":"Natural Earth","provenance":"REAL DATA"},"geometry":{"type":"LineString","coordinates":[[73.37305748800003,0.7630882830000587],[73.37240644600007,0.7604434270000411],[73.37240644600007,0.7581240910000702],[73.37183678500008,0.7565778670000896],[73.37094160200007,0.7568220070000393],[73.36996504000007,0.7570254580000437],[73.36882571700005,0.7604434270000411],[73.36980228000004,0.7616641300000424],[73.36988366000008,0.7617048200000909],[73.37077884200005,0.7619489600000406],[73.37159264400003,0.762152411000045],[73.37305748800003,0.7630882830000587]]}},{"type":"Feature","properties":{"id":2345,"source":"Natural Earth","provenance":"REAL DATA"},"geometry":{"type":"LineString","coordinates":[[73.35385175900007,0.8477237000000741],[73.35385175900007,0.8475609400000508],[73.35328209700003,0.8456078150000508],[73.35320071700005,0.8452822940000715],[73.35320071700005,0.8432070980000503],[73.35303795700008,0.8423932960000684],[73.35287519600007,0.841538804000038],[73.35206139400003,0.8411319030000755],[73.35116621200007,0.8406843120000644],[73.35108483200008,0.8406436220000728],[73.34978274800005,0.8440615910000702],[73.35043379000007,0.8456891950000909],[73.35230553500008,0.8466250670000477],[73.35385175900007,0.8477237000000741]]}},{"type":"Feature","properties":{"id":2349,"source":"Natural Earth","provenance":"REAL DATA"},"geometry":{"type":"LineString","coordinates":[[97.92847741000003,0.9960798200000909],[97.92221113400007,1.004339911000045],[97.90447024800005,1.0440127620000794],[97.89039147200003,1.0581729190000715],[97.87281334700003,1.0624860700000909],[97.85279381600003,1.0650088560000768],[97.83627363400007,1.0699730490000547],[97.82943769600007,1.0820987000000741],[97.82642662900008,1.0962588560000768],[97.81902103000004,1.1099307310000768],[97.80225670700003,1.1332868510000935],[97.79224694100003,1.1439883480000503],[97.77654056100005,1.1550967470000728],[97.75733483200003,1.163885809000078],[97.71265709700003,1.1726748720000728],[97.69361412900008,1.1860212260000935],[97.61654707100007,1.2809105490000547],[97.60474694100003,1.3223330750000741],[97.59213300900007,1.3399112000000741],[97.53988691500007,1.3905703800000424],[97.53353925900007,1.3998477230000503],[97.52808678500003,1.4229190120000794],[97.52418053500003,1.4281273460000534],[97.51685631600003,1.4317894550000574],[97.49317467500003,1.4560407570000393],[97.49146569100003,1.4597842470000728],[97.48780358200003,1.473089911000045],[97.48633873800003,1.4765485700000909],[97.48170006600003,1.477443752000056],[97.47038821700005,1.4756533870000794],[97.45997155000003,1.4779727230000503],[97.44727623800003,1.4768740910000702],[97.44166100400008,1.4796817080000437],[97.43897545700003,1.4846052100000406],[97.43799889400003,1.495266018000052],[97.42432701900003,1.5148786480000922],[97.41675866000003,1.5192324890000464],[97.40748131600003,1.5140648460000534],[97.39161217500003,1.508937893000052],[97.37452233200003,1.5185407570000393],[97.34978274800005,1.5453962260000935],[97.33545983200003,1.5376651060000768],[97.33179772200003,1.5278181010000935],[97.33480879000007,1.5001488300000574],[97.33073978000004,1.4865583350000406],[97.32105553500003,1.4740664730000503],[97.27735436300003,1.436224677000041],[97.25782311300003,1.423651434000078],[97.23585045700003,1.416693427000041],[97.20582116000003,1.413804429000038],[97.18140709700003,1.416449286000045],[97.16968834700003,1.4159610050000424],[97.16480553500003,1.4107119810000768],[97.16065514400003,1.4182803410000702],[97.15072675900007,1.4259300800000574],[97.13949629000007,1.4321963560000768],[97.13062584700003,1.4355329450000909],[97.10694420700003,1.4360212260000935],[97.08041425900007,1.4291445980000503],[97.06364993600005,1.4152285830000437],[97.06861412900008,1.3945987000000741],[97.08228600400008,1.4053408870000794],[97.08228600400008,1.4076195330000587],[97.10726972700007,1.3977725280000755],[97.12842858200003,1.382635809000078],[97.16822350400008,1.3428408870000794],[97.17595462300005,1.331854559000078],[97.18580162900008,1.307766018000052],[97.19157962300005,1.297756252000056],[97.20215905000003,1.2883161480000922],[97.21265709700003,1.284328518000052],[97.22291100400008,1.28188711100006],[97.23308353000004,1.2772891300000424],[97.24057050900007,1.2724063170000477],[97.24724368600005,1.2670352230000503],[97.25171959700003,1.2592227230000503],[97.25359134200005,1.2468936220000728],[97.25684655000003,1.23501211100006],[97.27133222700007,1.2222354190000715],[97.27857506600003,1.1996931010000935],[97.28785241000003,1.1908226580000587],[97.29883873800003,1.1832542990000547],[97.30827884200005,1.1748721370000794],[97.31226647200003,1.1669375670000477],[97.32178795700003,1.1407738300000574],[97.37159264400003,1.0597598330000437],[97.38770592500003,1.0187848980000922],[97.38998457100007,0.9762637390000464],[97.38884524800005,0.9520938170000477],[97.39535566500007,0.9448916690000715],[97.43506920700003,0.9489199890000464],[97.45736738400007,0.9479841170000896],[97.47934004000007,0.9434268250000741],[97.49187259200005,0.9330101580000587],[97.48633873800003,0.9142113300000574],[97.57439212300005,0.8609072940000715],[97.61378014400003,0.8235537780000755],[97.63038170700003,0.7807477890000882],[97.63306725400008,0.7694766300000424],[97.64771569100003,0.7363141950000909],[97.65455162900008,0.7260602890000882],[97.65919030000003,0.7153994810000768],[97.65748131600003,0.687241929000038],[97.65821373800003,0.6746279970000728],[97.66895592500003,0.6587588560000768],[97.68384850400008,0.6430524760000935],[97.69092858200003,0.6242129580000437],[97.67872155000003,0.5988630230000922],[97.68384850400008,0.596136786000045],[97.69044030000003,0.5916201840000781],[97.69613691500007,0.586371161000045],[97.70411217500003,0.5727399760000935],[97.71534264400003,0.5744489600000406],[97.72527103000004,0.5807559270000411],[97.72641035200007,0.5851911480000922],[97.75228925900007,0.5683454450000909],[97.76417076900003,0.5675723330000437],[97.77426191500007,0.5851911480000922],[97.80030358200003,0.5654971370000794],[97.80925540500004,0.560288804000038],[97.81934655000003,0.5585391300000424],[97.82715905000003,0.562689520000049],[97.87427819100003,0.6220156920000477],[97.88298587300005,0.6429710960000534],[97.88453209700003,0.7182070980000503],[97.89258873800003,0.7770449890000464],[97.90186608200003,0.8007266300000424],[97.90406334700003,0.814886786000045],[97.89828535200007,0.8753115910000702],[97.90137780000003,0.9059512390000464],[97.91773522200003,0.9346377620000794],[97.91773522200003,0.9278832050000574],[97.93441816500007,0.9636091170000896],[97.93921959700003,0.986070054000038],[97.92847741000003,0.9960798200000909]]}},{"type":"Feature","properties":{"id":2361,"source":"Natural Earth","provenance":"REAL DATA"},"geometry":{"type":"LineString","coordinates":[[72.83139082100007,3.510565497000073],[72.83155358200008,3.51040273600006],[72.83269290500004,3.508246161000045],[72.83472741000008,3.5067813170000477],[72.83513431100005,3.5054385440000715],[72.83505293100006,3.5054385440000715],[72.83106530000003,3.5035667990000547],[72.82805423300005,3.5054385440000715],[72.82797285200007,3.5054385440000715],[72.82862389400003,3.5067813170000477],[72.83041425900007,3.508246161000045],[72.83139082100007,3.510565497000073]]}},{"type":"Feature","properties":{"id":2362,"source":"Natural Earth","provenance":"REAL DATA"},"geometry":{"type":"LineString","coordinates":[[72.79371178500008,3.5169131530000755],[72.79379316500007,3.516750393000052],[72.79476972700007,3.5153262390000464],[72.79517662900008,3.5146345070000393],[72.79761803500008,3.5131289730000503],[72.79883873800003,3.5119489600000406],[72.79639733200008,3.510891018000052],[72.79118899800005,3.510891018000052],[72.79078209700003,3.51203034100007],[72.79078209700003,3.5121117210000534],[72.79273522200003,3.5142276060000768],[72.79371178500008,3.5169131530000755]]}},{"type":"Feature","properties":{"id":2363,"source":"Natural Earth","provenance":"REAL DATA"},"geometry":{"type":"LineString","coordinates":[[72.92839603000004,3.551906643000052],[72.91179446700005,3.5417341170000896],[72.91163170700008,3.54165273600006],[72.91570071700005,3.5489769550000574],[72.91993248800003,3.5521507830000587],[72.92432701900003,3.552476304000038],[72.92839603000004,3.551906643000052]]}},{"type":"Feature","properties":{"id":2364,"source":"Natural Earth","provenance":"REAL DATA"},"geometry":{"type":"LineString","coordinates":[[72.94190514400003,3.6188418640000464],[72.94312584700003,3.6166445980000503],[72.94442793100006,3.6157087260000935],[72.94516035200007,3.6151390650000508],[72.94556725400008,3.613714911000045],[72.94157962300005,3.6118838560000768],[72.93848717500003,3.613714911000045],[72.93897545700008,3.6151390650000508],[72.94068444100003,3.6166445980000503],[72.94190514400003,3.6188418640000464]]}},{"type":"Feature","properties":{"id":2365,"source":"Natural Earth","provenance":"REAL DATA"},"geometry":{"type":"LineString","coordinates":[[72.69255618600005,3.7269554710000534],[72.69255618600005,3.726752020000049],[72.69402103000004,3.723334052000041],[72.69646243600005,3.72101471600007],[72.69743899800005,3.718817450000074],[72.69735761800007,3.718817450000074],[72.69459069100003,3.7149925800000574],[72.69247480600006,3.7162946640000882],[72.68970787900008,3.7179629580000437],[72.68970787900008,3.7208519550000574],[72.69157962300005,3.7235781920000477],[72.69255618600005,3.7269554710000534]]}},{"type":"Feature","properties":{"id":2369,"source":"Natural Earth","provenance":"REAL DATA"},"geometry":{"type":"LineString","coordinates":[[73.47730553500008,3.9421247420000896],[73.47714277400007,3.9420026710000684],[73.46998131600003,3.9351260440000715],[73.46753991000008,3.933661200000074],[73.46924889400003,3.9369570980000503],[73.47152754000007,3.938706773000092],[73.47730553500008,3.9421247420000896]]}},{"type":"Feature","properties":{"id":2370,"source":"Natural Earth","provenance":"REAL DATA"},"geometry":{"type":"LineString","coordinates":[[72.70313561300003,4.003322658000059],[72.70362389400003,4.000921942000048],[72.70476321700005,3.9999046900000508],[72.70557701900003,3.9992129580000437],[72.70622806100005,3.9984398460000534],[72.70671634200005,3.9979515650000508],[72.70663496200007,3.9979108740000697],[72.70460045700008,3.99640534100007],[72.69947350400008,3.998114325000074],[72.69939212300005,3.9981957050000574],[72.69914798300005,3.9993350280000755],[72.69906660200007,3.9994570980000503],[72.69906660200007,3.9994977890000882],[72.70118248800003,4.000921942000048],[72.70313561300003,4.003322658000059]]}},{"type":"Feature","properties":{"id":2372,"source":"Natural Earth","provenance":"REAL DATA"},"geometry":{"type":"LineString","coordinates":[[73.50814863400007,4.103583075000074],[73.50831139400003,4.093410549000055],[73.50831139400003,4.0933291690000715],[73.50456790500004,4.096584377000056],[73.50245201900003,4.098537502000056],[73.50228925900007,4.100775458000044],[73.50521894600007,4.101996161000045],[73.50814863400007,4.103583075000074]]}},{"type":"Feature","properties":{"id":2373,"source":"Natural Earth","provenance":"REAL DATA"},"geometry":{"type":"LineString","coordinates":[[72.97046959700003,4.26593659100007],[72.97063235800005,4.265814520000049],[72.97250410200007,4.2641462260000935],[72.97437584700003,4.2632510440000715],[72.97559655000003,4.26235586100006],[72.97575931100005,4.26040273600006],[72.97250410200007,4.26040273600006],[72.97152754000007,4.261623440000051],[72.97144616000008,4.263576565000051],[72.97046959700003,4.26593659100007]]}},{"type":"Feature","properties":{"id":2374,"source":"Natural Earth","provenance":"REAL DATA"},"geometry":{"type":"LineString","coordinates":[[73.70281009200005,4.434719143000052],[73.70085696700005,4.43227773600006],[73.69760175900007,4.431463934000078],[73.69743899800005,4.431382554000038],[73.70281009200005,4.434719143000052]]}},{"type":"Feature","properties":{"id":2375,"source":"Natural Earth","provenance":"REAL DATA"},"geometry":{"type":"LineString","coordinates":[[73.70281009200005,4.453029690000051],[73.69996178500008,4.4516462260000935],[73.69988040500004,4.449164130000042],[73.70264733200008,4.4529076190000865],[73.70281009200005,4.453029690000051]]}},{"type":"Feature","properties":{"id":2376,"source":"Natural Earth","provenance":"REAL DATA"},"geometry":{"type":"LineString","coordinates":[[73.37671959700003,4.474432684000078],[73.37728925900007,4.465277411000045],[73.37387129000007,4.466986395000049],[73.37387129000007,4.468817450000074],[73.37387129000007,4.468898830000057],[73.37525475400008,4.4711774760000935],[73.37671959700003,4.474432684000078]]}},{"type":"Feature","properties":{"id":2379,"source":"Natural Earth","provenance":"REAL DATA"},"geometry":{"type":"LineString","coordinates":[[73.40495853000004,4.634995835000041],[73.40495853000004,4.634751695000091],[73.40495853000004,4.632228908000059],[73.40552819100003,4.629950262000079],[73.40528405000003,4.628404039000088],[73.40300540500004,4.6274274760000935],[73.40121504000007,4.629828192000048],[73.40186608200008,4.6313337260000935],[73.40357506600003,4.632757880000042],[73.40495853000004,4.634995835000041]]}},{"type":"Feature","properties":{"id":2380,"source":"Natural Earth","provenance":"REAL DATA"},"geometry":{"type":"LineString","coordinates":[[73.49048912900008,4.7233747420000896],[73.49048912900008,4.723334052000041],[73.49040774800005,4.720607815000051],[73.49040774800005,4.72056712400007],[73.49097741000008,4.7183291690000715],[73.49097741000008,4.71828847900008],[73.49073326900003,4.716742255000042],[73.48845462300005,4.715969143000052],[73.48796634200005,4.716538804000038],[73.48666425900007,4.71820709800005],[73.48731530000003,4.719794012000079],[73.48902428500008,4.7211774760000935],[73.49048912900008,4.7233747420000896]]}},{"type":"Feature","properties":{"id":2381,"source":"Natural Earth","provenance":"REAL DATA"},"geometry":{"type":"LineString","coordinates":[[72.97934004000007,4.895453192000048],[72.97934004000007,4.895371812000064],[72.96965579500005,4.88072337400007],[72.96949303500008,4.880519924000055],[72.97006269600007,4.890366929000038],[72.97266686300003,4.894354559000078],[72.97608483200008,4.89516836100006],[72.97934004000007,4.895453192000048]]}},{"type":"Feature","properties":{"id":2382,"source":"Natural Earth","provenance":"REAL DATA"},"geometry":{"type":"LineString","coordinates":[[72.91749108200008,4.898586330000057],[72.91765384200005,4.898504950000074],[72.92090905000003,4.897853908000059],[72.92269941500007,4.898993231000077],[72.92286217500003,4.89907461100006],[72.91749108200008,4.898586330000057]]}},{"type":"Feature","properties":{"id":2383,"source":"Natural Earth","provenance":"REAL DATA"},"geometry":{"type":"LineString","coordinates":[[73.44727623800003,4.97134023600006],[73.43653405000003,4.969875393000052],[73.43897545700008,4.974554755000042],[73.44117272200003,4.97492096600007],[73.44385826900003,4.973049221000053],[73.44727623800003,4.97134023600006]]}},{"type":"Feature","properties":{"id":2384,"source":"Natural Earth","provenance":"REAL DATA"},"geometry":{"type":"LineString","coordinates":[[72.91285241000008,5.034084377000056],[72.91016686300003,5.032700914000088],[72.90919030000003,5.0305850280000755],[72.90943444100003,5.03078847900008],[72.91285241000008,5.034084377000056]]}},{"type":"Feature","properties":{"id":2385,"source":"Natural Earth","provenance":"REAL DATA"},"geometry":{"type":"LineString","coordinates":[[72.92774498800003,5.036525783000059],[72.92766360800005,5.036281643000052],[72.92717532600005,5.034247137000079],[72.92709394600007,5.0339216170000896],[72.92571048300005,5.0334740260000785],[72.92440839900007,5.03306712400007],[72.92432701900003,5.033026434000078],[72.92774498800003,5.036525783000059]]}},{"type":"Feature","properties":{"id":2386,"source":"Natural Earth","provenance":"REAL DATA"},"geometry":{"type":"LineString","coordinates":[[73.04476972700007,5.1218122420000896],[73.04476972700007,5.121649481000077],[73.04346764400003,5.118841864000046],[73.04127037900008,5.118394273000092],[73.04476972700007,5.1218122420000896]]}},{"type":"Feature","properties":{"id":2387,"source":"Natural Earth","provenance":"REAL DATA"},"geometry":{"type":"LineString","coordinates":[[73.04908287900008,5.1332868510000935],[73.04916425900007,5.133164781000062],[73.04997806100005,5.130357164000088],[73.05144290500004,5.128078518000052],[73.05144290500004,5.126654364000046],[73.04761803500008,5.126369533000059],[73.04525800900007,5.128892320000091],[73.04607181100005,5.130275783000059],[73.04786217500003,5.131293036000045],[73.04908287900008,5.1332868510000935]]}},{"type":"Feature","properties":{"id":2388,"source":"Natural Earth","provenance":"REAL DATA"},"geometry":{"type":"LineString","coordinates":[[73.09131920700008,5.161363023000092],[73.09099368600005,5.15851471600007],[73.08790123800003,5.1579857440000865],[73.08773847700007,5.157945054000038],[73.09131920700008,5.161363023000092]]}},{"type":"Feature","properties":{"id":2389,"source":"Natural Earth","provenance":"REAL DATA"},"geometry":{"type":"LineString","coordinates":[[73.10385175900007,5.173041083000044],[73.10710696700005,5.170965887000079],[73.11019941500007,5.170355536000045],[73.11052493600005,5.170314846000053],[73.10694420700008,5.171779690000051],[73.10417728000004,5.172919012000079],[73.10385175900007,5.173041083000044]]}},{"type":"Feature","properties":{"id":2390,"source":"Natural Earth","provenance":"REAL DATA"},"geometry":{"type":"LineString","coordinates":[[72.86011803500008,5.237941799000055],[72.86003665500004,5.23781972900008],[72.85922285200007,5.235500393000052],[72.85686282600005,5.234564520000049],[72.85661868600005,5.234442450000074],[72.86011803500008,5.237941799000055]]}},{"type":"Feature","properties":{"id":2391,"source":"Natural Earth","provenance":"REAL DATA"},"geometry":{"type":"LineString","coordinates":[[73.13184655000003,5.244574286000045],[73.13184655000003,5.24249909100007],[73.12842858200008,5.241156317000048],[73.13184655000003,5.244574286000045]]}},{"type":"Feature","properties":{"id":2392,"source":"Natural Earth","provenance":"REAL DATA"},"geometry":{"type":"LineString","coordinates":[[73.49976647200003,5.246893622000073],[73.49968509200005,5.2468122420000896],[73.49732506600003,5.245062567000048],[73.49724368600005,5.245021877000056],[73.49382571700005,5.245998440000051],[73.49976647200003,5.246893622000073]]}},{"type":"Feature","properties":{"id":2393,"source":"Natural Earth","provenance":"REAL DATA"},"geometry":{"type":"LineString","coordinates":[[73.59359785200007,5.282700914000088],[73.58285566500007,5.275580145000049],[73.57764733200008,5.274562893000052],[73.57016035200007,5.2766787780000755],[73.56999759200005,5.276760158000059],[73.57593834700003,5.27993398600006],[73.58204186300003,5.281805731000077],[73.58790123800003,5.282619533000059],[73.59359785200007,5.282700914000088]]}},{"type":"Feature","properties":{"id":2394,"source":"Natural Earth","provenance":"REAL DATA"},"geometry":{"type":"LineString","coordinates":[[73.11280358200008,5.298570054000038],[73.10922285200007,5.296698309000078],[73.10922285200007,5.295152085000041],[73.11264082100007,5.298447984000063],[73.11280358200008,5.298570054000038]]}},{"type":"Feature","properties":{"id":2395,"source":"Natural Earth","provenance":"REAL DATA"},"geometry":{"type":"LineString","coordinates":[[73.47022545700008,5.307766018000052],[73.46843509200005,5.308091539000088],[73.46713300900007,5.308335679000038],[73.46705162900008,5.308335679000038],[73.46420332100007,5.306830145000049],[73.46436608200008,5.306870835000041],[73.47014407600005,5.3077253280000605],[73.47022545700008,5.307766018000052]]}},{"type":"Feature","properties":{"id":2396,"source":"Natural Earth","provenance":"REAL DATA"},"geometry":{"type":"LineString","coordinates":[[73.62956790500004,5.332831122000073],[73.62940514400003,5.3327497420000896],[73.62720787900008,5.331122137000079],[73.62330162900008,5.331854559000078],[73.62956790500004,5.332831122000073]]}},{"type":"Feature","properties":{"id":2397,"source":"Natural Earth","provenance":"REAL DATA"},"geometry":{"type":"LineString","coordinates":[[73.64665774800005,5.343247789000088],[73.64340254000007,5.343939520000049],[73.63990319100003,5.342189846000053],[73.64006595100005,5.342189846000053],[73.64649498800003,5.343247789000088],[73.64665774800005,5.343247789000088]]}},{"type":"Feature","properties":{"id":2399,"source":"Natural Earth","provenance":"REAL DATA"},"geometry":{"type":"LineString","coordinates":[[72.95313561300003,5.352769273000092],[72.95240319100003,5.3500837260000935],[72.94955488400007,5.349310614000046],[72.95313561300003,5.352769273000092]]}},{"type":"Feature","properties":{"id":2400,"source":"Natural Earth","provenance":"REAL DATA"},"geometry":{"type":"LineString","coordinates":[[73.39747155000003,5.362209377000056],[73.39755293100006,5.362005927000041],[73.39869225400008,5.359605210000041],[73.40064537900008,5.357652085000041],[73.40121504000007,5.356146552000041],[73.39942467500003,5.355454820000091],[73.39616946700005,5.357123114000046],[73.39600670700008,5.358465887000079],[73.39714603000004,5.360174872000073],[73.39747155000003,5.362209377000056]]}},{"type":"Feature","properties":{"id":2401,"source":"Natural Earth","provenance":"REAL DATA"},"geometry":{"type":"LineString","coordinates":[[73.32325280000003,5.368231512000079],[73.32488040500004,5.3667666690000715],[73.32496178500008,5.3667666690000715],[73.32789147200003,5.367010809000078],[73.32797285200007,5.367010809000078],[73.32821699300007,5.367010809000078],[73.33008873800003,5.366888739000046],[73.33008873800003,5.366848049000055],[73.32886803500008,5.364243882000039],[73.31934655000003,5.362941799000055],[73.31918379000007,5.362941799000055],[73.31771894600007,5.365790106000077],[73.31918379000007,5.36664459800005],[73.32203209700003,5.366888739000046],[73.32325280000003,5.368231512000079]]}},{"type":"Feature","properties":{"id":2403,"source":"Natural Earth","provenance":"REAL DATA"},"geometry":{"type":"LineString","coordinates":[[73.35075931100005,5.427679755000042],[73.34750410200007,5.428778387000079],[73.34457441500007,5.426743882000039],[73.34489993600005,5.426825262000079],[73.35075931100005,5.427679755000042]]}},{"type":"Feature","properties":{"id":2404,"source":"Natural Earth","provenance":"REAL DATA"},"geometry":{"type":"LineString","coordinates":[[73.53744550900007,5.451402085000041],[73.53492272200003,5.44985586100006],[73.53126061300003,5.450425523000092],[73.53744550900007,5.451402085000041]]}},{"type":"Feature","properties":{"id":2405,"source":"Natural Earth","provenance":"REAL DATA"},"geometry":{"type":"LineString","coordinates":[[73.36296634200005,5.463080145000049],[73.36296634200005,5.462795315000051],[73.36312910200007,5.459377346000053],[73.36093183700007,5.457953192000048],[73.36068769600007,5.457831122000073],[73.36296634200005,5.463080145000049]]}},{"type":"Feature","properties":{"id":2406,"source":"Natural Earth","provenance":"REAL DATA"},"geometry":{"type":"LineString","coordinates":[[72.94312584700003,5.467596747000073],[72.94304446700005,5.467474677000041],[72.94157962300005,5.4655622420000896],[72.94109134200005,5.463568427000041],[72.94027754000007,5.462144273000092],[72.93824303500008,5.461493231000077],[72.93702233200008,5.465521552000041],[72.93702233200008,5.4655622420000896],[72.93816165500004,5.466701565000051],[72.94060306100005,5.466782945000091],[72.94312584700003,5.467596747000073]]}},{"type":"Feature","properties":{"id":2407,"source":"Natural Earth","provenance":"REAL DATA"},"geometry":{"type":"LineString","coordinates":[[73.01587975400008,5.492865302000041],[73.01433353000004,5.490912177000041],[73.01384524800005,5.48891836100006],[73.01303144600007,5.487453518000052],[73.01107832100007,5.486843166000085],[73.01099694100003,5.4868024760000935],[73.00993899800005,5.490220445000091],[73.00977623800003,5.49087148600006],[73.00977623800003,5.490912177000041],[73.01091556100005,5.492132880000042],[73.01319420700008,5.492132880000042],[73.01587975400008,5.492865302000041]]}},{"type":"Feature","properties":{"id":2408,"source":"Natural Earth","provenance":"REAL DATA"},"geometry":{"type":"LineString","coordinates":[[73.46241295700008,5.54360586100006],[73.45932050900007,5.5417341170000896],[73.45647220100005,5.542629299000055],[73.45630944100003,5.542669989000046],[73.46241295700008,5.54360586100006]]}},{"type":"Feature","properties":{"id":2409,"source":"Natural Earth","provenance":"REAL DATA"},"geometry":{"type":"LineString","coordinates":[[73.00562584700003,5.713324286000045],[73.00375410200007,5.711127020000049],[73.00318444100003,5.708726304000038],[73.00228925900007,5.707098700000074],[72.99976647200003,5.706976630000042],[72.99878991000008,5.711940822000088],[72.99878991000008,5.711981512000079],[73.00017337300005,5.71320221600007],[73.00025475400008,5.71320221600007],[73.00082441500007,5.713120835000041],[73.00277754000007,5.712836005000042],[73.00562584700003,5.713324286000045]]}},{"type":"Feature","properties":{"id":2412,"source":"Natural Earth","provenance":"REAL DATA"},"geometry":{"type":"LineString","coordinates":[[72.94939212300005,6.349798895000049],[72.94939212300005,6.349676825000074],[72.95093834700003,6.347723700000074],[72.95118248800003,6.347601630000042],[72.95297285200007,6.346625067000048],[72.95337975400008,6.346258856000077],[72.95394941500007,6.345607815000051],[72.95313561300003,6.343491929000038],[72.94849694100003,6.344427802000041],[72.94776451900003,6.345933335000041],[72.94898522200003,6.348049221000053],[72.94939212300005,6.349798895000049]]}},{"type":"Feature","properties":{"id":2414,"source":"Natural Earth","provenance":"REAL DATA"},"geometry":{"type":"LineString","coordinates":[[72.89258873800003,6.452093817000048],[72.89421634200005,6.4499372420000896],[72.89616946700005,6.448879299000055],[72.89690188900005,6.448187567000048],[72.89722741000008,6.44790273600006],[72.89722741000008,6.447821356000077],[72.89633222700007,6.4457868510000935],[72.89177493600005,6.44672272300005],[72.89161217500003,6.447007554000038],[72.89087975400008,6.448228257000039],[72.89210045700008,6.450262762000079],[72.89258873800003,6.452093817000048]]}},{"type":"Feature","properties":{"id":2914,"source":"Natural Earth","provenance":"REAL DATA"},"geometry":{"type":"LineString","coordinates":[[72.17269941500007,10.80923086100006],[72.18816165500004,10.836127020000049],[72.20004316500007,10.864447333000044],[72.20004316500007,10.878078518000052],[72.20004316500007,10.878119208000044],[72.19564863400007,10.872707424000055],[72.18930097700007,10.864935614000046],[72.18515058700007,10.858303127000056],[72.17904707100007,10.84870026200008],[72.17261803500008,10.82998281500005],[72.17269941500007,10.80923086100006]]}},{"type":"Feature","properties":{"id":2916,"source":"Natural Earth","provenance":"REAL DATA"},"geometry":{"type":"LineString","coordinates":[[72.78907311300003,11.261664130000042],[72.77418053500008,11.22288646000004],[72.77035566500007,11.203680731000077],[72.77035566500007,11.203640041000085],[72.77116946700005,11.201117255000042],[72.77540123800003,11.18659088700008],[72.77548261800007,11.186753648000092],[72.78492272200003,11.216376044000071],[72.78793379000007,11.232245184000078],[72.78907311300003,11.24803294500009],[72.79151451900003,11.251654364000046],[72.79395592500003,11.254299221000053],[72.79558353000004,11.257228908000059],[72.79590905000003,11.261664130000042],[72.78923587300005,11.261664130000042],[72.78907311300003,11.261664130000042]]}},{"type":"Feature","properties":{"id":2936,"source":"Natural Earth","provenance":"REAL DATA"},"geometry":{"type":"LineString","coordinates":[[55.83619225400008,17.49091217700004],[55.836273634000065,17.49095286700009],[55.845713738000086,17.49607982000009],[55.87582441500007,17.495917059000078],[55.89079837300005,17.50454336100006],[55.89087975400008,17.50458405200004],[55.88306725400008,17.507147528000075],[55.86296634200005,17.518866278000075],[55.84880618600005,17.515285549000055],[55.83708743600005,17.51007721600007],[55.83171634200005,17.502346096000053],[55.83171634200005,17.50226471600007],[55.83244876400005,17.500392971000053],[55.83619225400008,17.49091217700004]]}},{"type":"Feature","properties":{"id":2937,"source":"Natural Earth","provenance":"REAL DATA"},"geometry":{"type":"LineString","coordinates":[[56.055349155000044,17.559800523000092],[56.02881920700008,17.547674872000073],[55.990570509000065,17.53538646000004],[55.96420332100007,17.519924221000053],[55.97282962300005,17.49835846600007],[55.98682701900003,17.49290599200009],[56.03109785200007,17.49091217700004],[56.046885613000086,17.493353583000044],[56.06381269600007,17.49957916900007],[56.09555097700007,17.518866278000075],[56.081065300000034,17.52362702000005],[56.06788170700008,17.53221263200004],[56.05844160200007,17.54433828300006],[56.05819746200007,17.545843817000048],[56.055349155000044,17.559719143000052],[56.055349155000044,17.559800523000092]]}},{"type":"Feature","properties":{"id":2940,"source":"Natural Earth","provenance":"REAL DATA"},"geometry":{"type":"LineString","coordinates":[[58.906260613000086,20.62604401200008],[58.910166863000086,20.64594147300005],[58.917002800000034,20.66425202000005],[58.918304884000065,20.681341864000046],[58.918304884000065,20.681463934000078],[58.906260613000086,20.69798411700009],[58.891286655000044,20.694281317000048],[58.88257897200003,20.682521877000056],[58.87134850400008,20.649603583000044],[58.85287519600007,20.613348700000074],[58.80486087300005,20.55345286700009],[58.795583530000044,20.538397528000075],[58.789398634000065,20.519924221000053],[58.785166863000086,20.481634833000044],[58.78451582100007,20.479396877000056],[58.78077233200008,20.46698639500005],[58.77711022200003,20.462184963000084],[58.76889082100007,20.451605536000045],[58.75123131600009,20.44013092700004],[58.73422285200007,20.437648830000057],[58.71762129000007,20.43699778900009],[58.70069420700008,20.43109772300005],[58.698252800000034,20.42568594000005],[58.69385826900003,20.407171942000048],[58.69190514400003,20.405178127000056],[58.68995201900003,20.403225002000056],[58.682383660000085,20.40062083500004],[58.66456139400003,20.387844143000052],[58.65902754000007,20.38271719000005],[58.64820397200003,20.368841864000046],[58.642914259000065,20.35610586100006],[58.63591556100005,20.277004299000055],[58.63835696700005,20.26784902600008],[58.638682488000086,20.26666901200008],[58.638682488000086,20.266628322000088],[58.63648522200003,20.249701239000046],[58.637461785000085,20.218451239000046],[58.642588738000086,20.187241929000038],[58.64698326900003,20.17967357000009],[58.65219160200007,20.170477606000077],[58.652354363000086,20.170477606000077],[58.66358483200008,20.17137278900009],[58.674571160000085,20.179510809000078],[58.68311608200008,20.19090403900009],[58.686534050000034,20.20148346600007],[58.69125410200007,20.20774974200009],[58.70264733200008,20.21043528900009],[58.71534264400003,20.212103583000044],[58.72429446700005,20.21515534100007],[58.733409050000034,20.224554755000042],[58.75147545700008,20.24803294500009],[58.785166863000086,20.27952708500004],[58.789398634000065,20.28652578300006],[58.78931725400008,20.29319896000004],[58.787771030000044,20.302394924000055],[58.78760826900003,20.303290106000077],[58.78760826900003,20.31443919500009],[58.78760826900003,20.314520575000074],[58.79664147200003,20.33152903900009],[58.80827884200005,20.37958405200004],[58.82016035200007,20.40302155200004],[58.844086134000065,20.437323309000078],[58.862315300000034,20.452785549000055],[58.90284264400003,20.47410716400009],[58.94117272200003,20.500921942000048],[58.95004316500007,20.508937893000052],[58.95394941500007,20.519883531000062],[58.95394941500007,20.519924221000053],[58.94507897200003,20.535223700000074],[58.91431725400008,20.587836005000042],[58.90837649800005,20.604722398000035],[58.906260613000086,20.626003322000088],[58.906260613000086,20.62604401200008]]}},{"type":"Feature","properties":{"id":2946,"source":"Natural Earth","provenance":"REAL DATA"},"geometry":{"type":"LineString","coordinates":[[67.37549889400003,24.06273021000004],[67.38152103000004,24.046210028000075],[67.38542728000004,24.040187893000052],[67.39340254000007,24.02806224200009],[67.40943444100003,24.013495184000078],[67.42693118600005,24.007513739000046],[67.45394941500007,24.013413804000038],[67.46078535200007,24.026678778000075],[67.46517988400007,24.04059479400007],[67.48528079500005,24.048488674000055],[67.48536217500003,24.048529364000046],[67.47779381600003,24.051214911000045],[67.45801842500003,24.06273021000004],[67.41325931100005,24.048773505000042],[67.39039147200003,24.049261786000045],[67.37549889400003,24.06273021000004]]}},{"type":"Feature","properties":{"id":2957,"source":"Natural Earth","provenance":"REAL DATA"},"geometry":{"type":"LineString","coordinates":[[56.322276238000086,26.834418036000045],[56.34099368600005,26.82762278900009],[56.37916100400008,26.838690497000073],[56.409190300000034,26.862250067000048],[56.40414472700007,26.893052476000037],[56.36654707100007,26.889797268000052],[56.34115644600007,26.879339911000045],[56.326833530000044,26.861070054000038],[56.322276238000086,26.834418036000045]]}},{"type":"Feature","properties":{"id":2958,"source":"Natural Earth","provenance":"REAL DATA"},"geometry":{"type":"LineString","coordinates":[[56.21241295700008,27.00299713700008],[56.17318769600007,27.002346096000053],[56.041026238000086,26.97565338700008],[55.935557488000086,26.91478099200009],[55.89771569100009,26.906805731000077],[55.75798587300005,26.954046942000048],[55.73259524800005,26.94090403900009],[55.73943118600005,26.932928778000075],[55.75611412900008,26.92133209800005],[55.77320397200003,26.906724351000037],[55.78101647200003,26.88963450700004],[55.78565514400003,26.844956773000035],[55.78207441500007,26.82615794500009],[55.76677493600005,26.81053294500009],[55.77116946700005,26.803656317000048],[55.774180535000085,26.796942450000074],[55.76449629000007,26.793890692000048],[55.75416100400008,26.786078192000048],[55.746836785000085,26.783270575000074],[55.73682701900003,26.782416083000044],[55.71607506600009,26.78392161700009],[55.705821160000085,26.783270575000074],[55.64039147200003,26.760565497000073],[55.62045332100007,26.74607982000009],[55.574229363000086,26.72068919500009],[55.57406660200007,26.720648505000042],[55.57048587300005,26.71938711100006],[55.55787194100009,26.714992580000057],[55.53842207100007,26.712958075000074],[55.40479576900003,26.67401764500005],[55.35198001400005,26.647487697000088],[55.351898634000065,26.64744700700004],[55.34896894600007,26.648220119000086],[55.342784050000034,26.64980703300006],[55.33187910200007,26.645331122000073],[55.28467858200008,26.660223700000074],[55.273773634000065,26.64980703300006],[55.28402754000007,26.618801174000055],[55.28923587300005,26.61359284100007],[55.28736412900008,26.60228099200009],[55.28060957100007,26.58466217700004],[55.28541100400008,26.55996328300006],[55.29053795700008,26.548488674000055],[55.29411868600005,26.54629140800006],[55.29835045700008,26.54364655200004],[55.29843183700007,26.54364655200004],[55.307627800000034,26.54490794500009],[55.31983483200008,26.54828522300005],[55.330739780000044,26.553615627000056],[55.33529707100007,26.56045156500005],[55.33961022200003,26.56899648600006],[55.34978274800005,26.56899648600006],[55.36109459700003,26.565619208000044],[55.36654707100007,26.564601955000057],[55.369476759000065,26.564113674000055],[55.36955813900005,26.564113674000055],[55.37875410200007,26.567287502000056],[55.39730879000007,26.577826239000046],[55.44117272200003,26.58860911700009],[55.502940300000034,26.594875393000052],[55.520518425000034,26.603257554000038],[55.55445397200003,26.62563711100006],[55.610362175000034,26.646918036000045],[55.66423587300005,26.68154531500005],[55.685557488000086,26.69049713700008],[55.705821160000085,26.694525458000044],[55.75131269600007,26.68854401200008],[55.77271569100009,26.688381252000056],[55.79127037900008,26.69790273600006],[55.80982506600009,26.712062893000052],[55.87663821700005,26.74290599200009],[55.90219160200007,26.72483958500004],[55.92400149800005,26.705023505000042],[55.94703209700003,26.69627513200004],[55.97641035200007,26.71157461100006],[56.02564537900008,26.75409577000005],[56.034190300000034,26.759019273000035],[56.04281660200007,26.768133856000077],[56.080821160000085,26.78534577000005],[56.08936608200008,26.793524481000077],[56.09587649800005,26.80687083500004],[56.13721764400003,26.844671942000048],[56.14869225400008,26.86200592700004],[56.17139733200008,26.906805731000077],[56.19353274800005,26.92454661700009],[56.25521894600007,26.938788153000075],[56.27133222700007,26.946966864000046],[56.287445509000065,26.955145575000074],[56.27947024800005,26.973822333000044],[56.27361087300005,26.977769273000035],[56.25766035200007,26.988714911000045],[56.23210696700005,26.99876536700009],[56.21241295700008,27.00299713700008]]}},{"type":"Feature","properties":{"id":2960,"source":"Natural Earth","provenance":"REAL DATA"},"geometry":{"type":"LineString","coordinates":[[56.472992384000065,27.106024481000077],[56.455414259000065,27.102769273000035],[56.43685957100007,27.080023505000042],[56.434580925000034,27.054836330000057],[56.46615644600007,27.04393138200004],[56.48178144600007,27.04633209800005],[56.48812910200007,27.04913971600007],[56.49529056100005,27.05231354400007],[56.50473066500007,27.061672268000052],[56.508474155000044,27.074367580000057],[56.50513756600009,27.08698151200008],[56.504649285000085,27.08893463700008],[56.495127800000034,27.095770575000074],[56.48357181100005,27.099758205000057],[56.472992384000065,27.106024481000077]]}},{"type":"Feature","properties":{"id":3151,"source":"Natural Earth","provenance":"REAL DATA"},"geometry":{"type":"LineString","coordinates":[[73.09750410200007,-0.5997046849999492],[73.09864342500003,-0.5944149719999245],[73.09864342500003,-0.5943335919999413],[73.09782962300005,-0.5900204409999219],[73.09880618600005,-0.5871721329999104],[73.10499108200008,-0.5866024719999245],[73.10499108200008,-0.5791968729999439],[73.09115644600007,-0.5860328099999492],[73.09489993600005,-0.6046688779999272],[73.11117597700007,-0.6412899719999245],[73.11866295700008,-0.6412899719999245],[73.11638431100005,-0.6295712219999245],[73.11158287900008,-0.6171200499999259],[73.10499108200008,-0.6065406229999439],[73.09750410200007,-0.5997046849999492]]}},{"type":"Feature","properties":{"id":3167,"source":"Natural Earth","provenance":"REAL DATA"},"geometry":{"type":"LineString","coordinates":[[73.36500084700003,1.7910830750000741],[73.36516360800005,1.7910423850000825],[73.37582441500007,1.7885602890000882],[73.37045332100007,1.7825381530000755],[73.36825605600006,1.782945054000038],[73.36817467500003,1.782945054000038],[73.36695397200003,1.7866885440000715],[73.36500084700003,1.7910830750000741]]}},{"type":"Feature","properties":{"id":3168,"source":"Natural Earth","provenance":"REAL DATA"},"geometry":{"type":"LineString","coordinates":[[73.40023847700007,1.8063418640000464],[73.40031985800005,1.8061384140000882],[73.40121504000007,1.8017031920000477],[73.40308678500008,1.798000393000052],[73.40211022200003,1.795599677000041],[73.40056399800005,1.7954369160000851],[73.39437910200007,1.794745184000078],[73.39478600400008,1.798651434000078],[73.39478600400008,1.7987735050000424],[73.39519290500004,1.7993431660000851],[73.39665774800005,1.80141836100006],[73.39893639400003,1.8035342470000728],[73.40023847700007,1.8063418640000464]]}},{"type":"Feature","properties":{"id":3169,"source":"Natural Earth","provenance":"REAL DATA"},"geometry":{"type":"LineString","coordinates":[[73.45264733200008,1.82680898600006],[73.46363366000008,1.8263207050000574],[73.45671634200005,1.8203799500000741],[73.45411217500003,1.8205427100000406],[73.45337975400008,1.8237165390000882],[73.45264733200008,1.82680898600006]]}},{"type":"Feature","properties":{"id":3170,"source":"Natural Earth","provenance":"REAL DATA"},"geometry":{"type":"LineString","coordinates":[[73.51807701900003,1.8427188170000477],[73.51083418100006,1.8369408220000878],[73.49919681100005,1.8277855490000547],[73.49919681100005,1.8277041690000715],[73.49878991000008,1.8281110700000909],[73.49854576900003,1.8284365910000702],[73.49805748800003,1.828802802000041],[73.49781334700003,1.829250393000052],[73.50009199300007,1.8320580100000825],[73.50228925900007,1.8349063170000477],[73.50733483200008,1.8383649760000935],[73.51791425900007,1.842678127000056],[73.51807701900003,1.8427188170000477]]}},{"type":"Feature","properties":{"id":3171,"source":"Natural Earth","provenance":"REAL DATA"},"geometry":{"type":"LineString","coordinates":[[73.53646894600007,1.8701032570000393],[73.53630618600005,1.8697370460000684],[73.53296959700003,1.8616397160000702],[73.53239993600005,1.8600934920000896],[73.53150475400008,1.863470770000049],[73.53150475400008,1.8635114600000406],[73.53239993600005,1.865668036000045],[73.53305097700007,1.866359768000052],[73.53435306100005,1.8675804710000534],[73.53646894600007,1.8701032570000393]]}},{"type":"Feature","properties":{"id":3172,"source":"Natural Earth","provenance":"REAL DATA"},"geometry":{"type":"LineString","coordinates":[[73.25171959700003,1.892401434000078],[73.24366295700008,1.8887393250000741],[73.24398847700007,1.8941104190000715],[73.24561608200008,1.8948428410000702],[73.24740644600007,1.8939883480000503],[73.24830162900008,1.8935407570000393],[73.25171959700003,1.892401434000078]]}},{"type":"Feature","properties":{"id":3173,"source":"Natural Earth","provenance":"REAL DATA"},"geometry":{"type":"LineString","coordinates":[[73.55307050900007,1.9324404970000728],[73.54883873800003,1.9113630230000922],[73.54566491000008,1.9015567080000437],[73.54118899800005,1.8928897160000702],[73.54086347700007,1.892401434000078],[73.54981530000003,1.9249942080000437],[73.55307050900007,1.9324404970000728]]}},{"type":"Feature","properties":{"id":3174,"source":"Natural Earth","provenance":"REAL DATA"},"geometry":{"type":"LineString","coordinates":[[73.55005944100003,1.976385809000078],[73.54981530000003,1.9656843120000644],[73.54981530000003,1.965521552000041],[73.54769941500007,1.9683291690000715],[73.54786217500003,1.9706078150000508],[73.55005944100003,1.976385809000078]]}},{"type":"Feature","properties":{"id":3175,"source":"Natural Earth","provenance":"REAL DATA"},"geometry":{"type":"LineString","coordinates":[[73.31723066500007,1.9914004580000437],[73.31983483200008,1.9892031920000477],[73.32260175900007,1.9879824890000464],[73.32325280000003,1.9864769550000574],[73.31836998800003,1.983099677000041],[73.31544030000003,1.985052802000041],[73.31576582100007,1.9868024760000935],[73.31714928500008,1.9888369810000768],[73.31723066500007,1.9914004580000437]]}},{"type":"Feature","properties":{"id":3176,"source":"Natural Earth","provenance":"REAL DATA"},"geometry":{"type":"LineString","coordinates":[[73.54420006600003,2.026597398000092],[73.54297936300003,2.022162177000041],[73.54037519600007,2.0225283870000794],[73.54029381600003,2.0225283870000794],[73.54224694100003,2.024562893000052],[73.54420006600003,2.026597398000092]]}},{"type":"Feature","properties":{"id":3177,"source":"Natural Earth","provenance":"REAL DATA"},"geometry":{"type":"LineString","coordinates":[[73.38697350400008,2.033026434000078],[73.38624108200008,2.0303408870000794],[73.38697350400008,2.0286319030000755],[73.38697350400008,2.033026434000078]]}},{"type":"Feature","properties":{"id":3179,"source":"Natural Earth","provenance":"REAL DATA"},"geometry":{"type":"LineString","coordinates":[[73.55567467500003,2.0825056010000935],[73.55144290500004,2.07257721600007],[73.55144290500004,2.0724144550000574],[73.55046634200005,2.0758731140000464],[73.55128014400003,2.0780703800000424],[73.55323326900003,2.079901434000078],[73.55567467500003,2.0825056010000935]]}},{"type":"Feature","properties":{"id":3180,"source":"Natural Earth","provenance":"REAL DATA"},"geometry":{"type":"LineString","coordinates":[[73.56763756600003,2.1099307310000768],[73.58537845100005,2.1096052100000406],[73.58545983200008,2.1096052100000406],[73.58350670700008,2.1081403670000896],[73.58041425900007,2.10578034100007],[73.56771894600007,2.0978050800000574],[73.56177819100003,2.0947126320000393],[73.56177819100003,2.098781643000052],[73.56299889400003,2.102362372000073],[73.56763756600003,2.1099307310000768]]}},{"type":"Feature","properties":{"id":3182,"source":"Natural Earth","provenance":"REAL DATA"},"geometry":{"type":"LineString","coordinates":[[73.04371178500008,2.166449286000045],[73.04135175900007,2.16469961100006],[73.03980553500008,2.1646182310000768],[73.03825931100005,2.1645368510000935],[73.03842207100007,2.1646182310000768],[73.04371178500008,2.166449286000045]]}},{"type":"Feature","properties":{"id":3183,"source":"Natural Earth","provenance":"REAL DATA"},"geometry":{"type":"LineString","coordinates":[[73.10385175900007,2.1865908870000794],[73.10385175900007,2.1865095070000393],[73.10287519600007,2.184393622000073],[73.10287519600007,2.1821149760000935],[73.10230553500008,2.1809756530000755],[73.09945722700007,2.18195221600007],[73.09888756600003,2.184597072000088],[73.09888756600003,2.1846377620000794],[73.09978274800005,2.185532945000091],[73.10173587300005,2.1856957050000574],[73.10385175900007,2.1865908870000794]]}},{"type":"Feature","properties":{"id":3184,"source":"Natural Earth","provenance":"REAL DATA"},"geometry":{"type":"LineString","coordinates":[[73.11548912900008,2.1996931010000935],[73.11687259200005,2.1976585960000534],[73.12086022200003,2.1917992210000534],[73.11500084700003,2.1917992210000534],[73.11394290500004,2.1934675150000658],[73.11394290500004,2.1935082050000574],[73.11491946700005,2.196437893000052],[73.11548912900008,2.1996931010000935]]}},{"type":"Feature","properties":{"id":3185,"source":"Natural Earth","provenance":"REAL DATA"},"geometry":{"type":"LineString","coordinates":[[72.94841556100005,2.2748884140000882],[72.94638105600006,2.2724063170000477],[72.94629967500003,2.272365627000056],[72.94312584700003,2.2730166690000715],[72.94841556100005,2.2748884140000882]]}},{"type":"Feature","properties":{"id":3186,"source":"Natural Earth","provenance":"REAL DATA"},"geometry":{"type":"LineString","coordinates":[[72.92611738400007,2.3274600280000755],[72.92701256600003,2.3160667990000547],[72.92253665500004,2.319566148000092],[72.92237389400003,2.322088934000078],[72.92432701900003,2.3244489600000406],[72.92611738400007,2.3274600280000755]]}},{"type":"Feature","properties":{"id":3187,"source":"Natural Earth","provenance":"REAL DATA"},"geometry":{"type":"LineString","coordinates":[[73.34400475400008,2.3480492210000534],[73.34392337300005,2.3474388690000865],[73.34359785200007,2.344183661000045],[73.34229576900003,2.3423932960000684],[73.34205162900008,2.34210846600007],[73.34400475400008,2.3480492210000534]]}},{"type":"Feature","properties":{"id":3188,"source":"Natural Earth","provenance":"REAL DATA"},"geometry":{"type":"LineString","coordinates":[[73.35425866000008,2.4372012390000464],[73.36133873800003,2.424709377000056],[73.36532636800007,2.413885809000078],[73.36622155000003,2.4115257830000587],[73.36703535200007,2.3980166690000715],[73.36264082100007,2.385117906000062],[73.36255944100003,2.3849144550000574],[73.35385175900007,2.4290225280000755],[73.35425866000008,2.4372012390000464]]}},{"type":"Feature","properties":{"id":3189,"source":"Natural Earth","provenance":"REAL DATA"},"geometry":{"type":"LineString","coordinates":[[73.31478925900007,2.5058047550000424],[73.31519616000008,2.494126695000091],[73.31519616000008,2.4940453150000508],[73.31373131600003,2.4951846370000794],[73.31177819100003,2.496771552000041],[73.31177819100003,2.496893622000073],[73.31153405000003,2.499253648000092],[73.31324303500008,2.5021019550000574],[73.31478925900007,2.5058047550000424]]}},{"type":"Feature","properties":{"id":3190,"source":"Natural Earth","provenance":"REAL DATA"},"geometry":{"type":"LineString","coordinates":[[73.14551842500003,2.5532901060000768],[73.14380944100003,2.5503604190000715],[73.14112389400003,2.5503604190000715],[73.14096113400007,2.5503604190000715],[73.14551842500003,2.5532901060000768]]}},{"type":"Feature","properties":{"id":3191,"source":"Natural Earth","provenance":"REAL DATA"},"geometry":{"type":"LineString","coordinates":[[72.90007571700005,2.6821963560000768],[72.90259850400008,2.6809756530000755],[72.90528405000003,2.680812893000052],[72.90642337300005,2.679673570000091],[72.90447024800005,2.6757266300000424],[72.90113366000008,2.6761742210000534],[72.90056399800005,2.677557684000078],[72.90072675900007,2.679754950000074],[72.90007571700005,2.6821963560000768]]}},{"type":"Feature","properties":{"id":3192,"source":"Natural Earth","provenance":"REAL DATA"},"geometry":{"type":"LineString","coordinates":[[72.87256920700008,2.694159247000073],[72.87370853000004,2.683661200000074],[72.87370853000004,2.683579820000091],[72.86736087300005,2.686672268000052],[72.86695397200003,2.6889509140000882],[72.86980228000004,2.691229559000078],[72.87256920700008,2.694159247000073]]}},{"type":"Feature","properties":{"id":3193,"source":"Natural Earth","provenance":"REAL DATA"},"geometry":{"type":"LineString","coordinates":[[73.02230879000007,2.7416852890000882],[73.03223717500003,2.7451032570000393],[73.03223717500003,2.745021877000056],[73.02800540500004,2.7382266300000424],[73.02540123800003,2.7376162780000755],[73.02239017000005,2.7416445980000503],[73.02230879000007,2.7416852890000882]]}},{"type":"Feature","properties":{"id":3194,"source":"Natural Earth","provenance":"REAL DATA"},"geometry":{"type":"LineString","coordinates":[[73.35352623800003,2.7782656920000477],[73.35271243600005,2.77570221600007],[73.35352623800003,2.773627020000049],[73.35352623800003,2.771918036000045],[73.35149173300005,2.770738023000092],[73.35141035200007,2.7706973330000437],[73.34848066500007,2.775376695000091],[73.34929446700005,2.777167059000078],[73.35157311300003,2.777533270000049],[73.35352623800003,2.7782656920000477]]}},{"type":"Feature","properties":{"id":3195,"source":"Natural Earth","provenance":"REAL DATA"},"geometry":{"type":"LineString","coordinates":[[73.39926191500007,2.7857119810000768],[73.39063561300003,2.775376695000091],[73.39185631600003,2.7814802100000406],[73.39437910200007,2.784328518000052],[73.39747155000003,2.7853050800000574],[73.39926191500007,2.7857119810000768]]}},{"type":"Feature","properties":{"id":3196,"source":"Natural Earth","provenance":"REAL DATA"},"geometry":{"type":"LineString","coordinates":[[73.54859459700003,2.8927269550000574],[73.54875735800005,2.8926048850000825],[73.55014082100007,2.8913434920000896],[73.55103600400008,2.890611070000091],[73.54908287900008,2.8881289730000503],[73.54908287900008,2.888739325000074],[73.54859459700003,2.8927269550000574]]}},{"type":"Feature","properties":{"id":3197,"source":"Natural Earth","provenance":"REAL DATA"},"geometry":{"type":"LineString","coordinates":[[73.36036217500003,2.9038760440000715],[73.36101321700005,2.901516018000052],[73.36231530000003,2.8997256530000755],[73.36280358200008,2.8983828800000424],[73.36085045700008,2.8975690780000605],[73.36068769600007,2.8975283870000794],[73.35726972700007,2.8998070330000587],[73.35726972700007,2.901190497000073],[73.35914147200003,2.9022891300000424],[73.36036217500003,2.9038760440000715]]}},{"type":"Feature","properties":{"id":3198,"source":"Natural Earth","provenance":"REAL DATA"},"geometry":{"type":"LineString","coordinates":[[73.00847415500004,2.953314520000049],[73.01490319100003,2.9474144550000574],[73.01042728000004,2.9452578800000424],[73.00993899800005,2.9457054710000534],[73.00904381600003,2.946437893000052],[73.00904381600003,2.9494489600000406],[73.00904381600003,2.94953034100007],[73.00847415500004,2.953314520000049]]}},{"type":"Feature","properties":{"id":3199,"source":"Natural Earth","provenance":"REAL DATA"},"geometry":{"type":"LineString","coordinates":[[73.56421959700003,2.9547386740000547],[73.56421959700003,2.95461660400008],[73.56202233200008,2.946112372000073],[73.56128991000008,2.948472398000092],[73.56177819100003,2.9503848330000437],[73.56421959700003,2.9547386740000547]]}},{"type":"Feature","properties":{"id":3200,"source":"Natural Earth","provenance":"REAL DATA"},"geometry":{"type":"LineString","coordinates":[[73.58594811300003,2.961615302000041],[73.58586673300005,2.9615339210000684],[73.57748457100007,2.951157945000091],[73.57846113400007,2.95734284100007],[73.58130944100003,2.9601504580000437],[73.58415774800005,2.96124909100007],[73.58594811300003,2.961615302000041]]}},{"type":"Feature","properties":{"id":3201,"source":"Natural Earth","provenance":"REAL DATA"},"geometry":{"type":"LineString","coordinates":[[72.87012780000003,2.969183661000045],[72.87012780000003,2.96906159100007],[72.86768639400003,2.9608828800000424],[72.86508222700007,2.958156643000052],[72.86491946700005,2.9608828800000424],[72.87012780000003,2.969183661000045]]}},{"type":"Feature","properties":{"id":3203,"source":"Natural Earth","provenance":"REAL DATA"},"geometry":{"type":"LineString","coordinates":[[72.90162194100003,3.083807684000078],[72.90284264400003,3.081854559000078],[72.90414472700007,3.0814883480000503],[72.90479576900003,3.081284898000092],[72.90601647200003,3.08038971600007],[72.90447024800005,3.077378648000092],[72.89991295700008,3.076849677000041],[72.89942467500003,3.078192450000074],[72.90072675900007,3.0806338560000768],[72.90162194100003,3.083807684000078]]}},{"type":"Feature","properties":{"id":3204,"source":"Natural Earth","provenance":"REAL DATA"},"geometry":{"type":"LineString","coordinates":[[73.61304772200003,3.1067569030000755],[73.61255944100003,3.1029727230000503],[73.60840905000003,3.100409247000073],[73.61304772200003,3.1067569030000755]]}},{"type":"Feature","properties":{"id":3205,"source":"Natural Earth","provenance":"REAL DATA"},"geometry":{"type":"LineString","coordinates":[[72.97787519600007,3.110174872000073],[72.97803795700008,3.110052802000041],[72.97917728000004,3.10805898600006],[72.98129316500007,3.1066348330000437],[72.98178144600007,3.1050479190000715],[72.97820071700005,3.1027285830000437],[72.97510826900003,3.104193427000041],[72.97535241000008,3.1056989600000406],[72.97689863400007,3.1076520850000406],[72.97787519600007,3.110174872000073]]}},{"type":"Feature","properties":{"id":3206,"source":"Natural Earth","provenance":"REAL DATA"},"geometry":{"type":"LineString","coordinates":[[73.04224694100003,3.2054710960000534],[73.04346764400003,3.2035179710000534],[73.04354902400007,3.203477281000062],[73.04566491000008,3.202866929000038],[73.04688561300003,3.202053127000056],[73.04509524800005,3.1989199890000464],[73.04070071700005,3.198472398000092],[73.04021243600005,3.199733791000085],[73.04021243600005,3.1997744810000768],[73.04135175900007,3.202297268000052],[73.04224694100003,3.2054710960000534]]}},{"type":"Feature","properties":{"id":3207,"source":"Natural Earth","provenance":"REAL DATA"},"geometry":{"type":"LineString","coordinates":[[73.03174889400003,3.2529971370000794],[73.03183027400007,3.2528750670000477],[73.03321373800003,3.250881252000056],[73.03516686300003,3.2493350280000755],[73.03565514400003,3.247788804000038],[73.03199303500008,3.2455508480000503],[73.03174889400003,3.2456729190000715],[73.02898196700005,3.246893622000073],[73.02930748800003,3.2484398460000534],[73.03077233200008,3.2504743510000935],[73.03174889400003,3.2529971370000794]]}},{"type":"Feature","properties":{"id":3208,"source":"Natural Earth","provenance":"REAL DATA"},"geometry":{"type":"LineString","coordinates":[[72.83326256600003,3.312486070000091],[72.83448326900003,3.310532945000091],[72.83668053500008,3.3100039730000503],[72.83708743600005,3.3096377620000794],[72.83765709700003,3.3090681010000935],[72.83611087300005,3.3059756530000755],[72.83155358200008,3.3056094420000477],[72.83139082100007,3.3056094420000477],[72.83122806100005,3.306830145000049],[72.83236738400007,3.3093122420000896],[72.83326256600003,3.312486070000091]]}},{"type":"Feature","properties":{"id":3209,"source":"Natural Earth","provenance":"REAL DATA"},"geometry":{"type":"LineString","coordinates":[[73.51636803500008,3.3612328150000508],[73.51653079500005,3.361070054000038],[73.51742597700007,3.3602969420000477],[73.51880944100003,3.359116929000038],[73.51889082100007,3.3588727890000882],[73.51913496200007,3.356594143000052],[73.51921634200005,3.3563906920000477],[73.51636803500008,3.3612328150000508]]}},{"type":"Feature","properties":{"id":3210,"source":"Natural Earth","provenance":"REAL DATA"},"geometry":{"type":"LineString","coordinates":[[73.74756920700008,3.4511172550000424],[73.74838300900007,3.4486351580000587],[73.74854576900003,3.4481875670000477],[73.75123131600003,3.4471296240000697],[73.75318444100003,3.4463565120000794],[73.75310306100005,3.446437893000052],[73.74773196700005,3.450995184000078],[73.74756920700008,3.4511172550000424]]}},{"type":"Feature","properties":{"id":3211,"source":"Natural Earth","provenance":"REAL DATA"},"geometry":{"type":"LineString","coordinates":[[73.50586998800003,3.501206773000092],[73.50611412900008,3.4977074240000547],[73.50619550900007,3.4976260440000715],[73.50855553500008,3.4964867210000534],[73.50847415500004,3.4965681010000935],[73.50586998800003,3.501206773000092]]}},{"type":"Feature","properties":{"id":3212,"source":"Natural Earth","provenance":"REAL DATA"},"geometry":{"type":"LineString","coordinates":[[72.95240319100003,3.7338320980000503],[72.95378665500004,3.7316348330000437],[72.95582116000008,3.7301292990000547],[72.95582116000008,3.728705145000049],[72.95199629000007,3.72687409100007],[72.94898522200003,3.728583075000074],[72.94939212300005,3.7300479190000715],[72.95118248800003,3.7315127620000794],[72.95240319100003,3.7338320980000503]]}},{"type":"Feature","properties":{"id":3213,"source":"Natural Earth","provenance":"REAL DATA"},"geometry":{"type":"LineString","coordinates":[[72.94581139400003,3.77212148600006],[72.94711347700007,3.76984284100007],[72.94857832100007,3.768784898000092],[72.94906660200007,3.768377997000073],[72.94939212300005,3.7669945330000587],[72.94532311300003,3.7652041690000715],[72.94491621200007,3.765448309000078],[72.94239342500003,3.766953843000067],[72.94239342500003,3.7669945330000587],[72.94288170700008,3.768377997000073],[72.94467207100007,3.76984284100007],[72.94581139400003,3.77212148600006]]}},{"type":"Feature","properties":{"id":3216,"source":"Natural Earth","provenance":"REAL DATA"},"geometry":{"type":"LineString","coordinates":[[72.94459069100003,3.8368594420000477],[72.94581139400003,3.834662177000041],[72.94662519600007,3.8340111350000825],[72.94776451900003,3.8330752620000794],[72.94809004000007,3.8316917990000547],[72.94410241000008,3.829901434000078],[72.94117272200003,3.8316917990000547],[72.94166100400008,3.8330752620000794],[72.94336998800003,3.834662177000041],[72.94459069100003,3.8368594420000477]]}},{"type":"Feature","properties":{"id":3217,"source":"Natural Earth","provenance":"REAL DATA"},"geometry":{"type":"LineString","coordinates":[[73.43726647200003,3.8466250670000477],[73.43523196700005,3.8449160830000437],[73.43344160200007,3.8427188170000477],[73.43230228000004,3.8417422550000424],[73.43230228000004,3.8417015650000508],[73.43148847700007,3.8436953800000424],[73.43246504000007,3.846828518000052],[73.43392988400007,3.847398179000038],[73.43572024800005,3.846828518000052],[73.43726647200003,3.8466250670000477]]}},{"type":"Feature","properties":{"id":3218,"source":"Natural Earth","provenance":"REAL DATA"},"geometry":{"type":"LineString","coordinates":[[73.44353274800005,3.92055898600006],[73.44345136800007,3.9204776060000768],[73.44304446700005,3.918768622000073],[73.43848717500003,3.9166120460000684],[73.43816165500004,3.916449286000045],[73.44353274800005,3.92055898600006]]}},{"type":"Feature","properties":{"id":3219,"source":"Natural Earth","provenance":"REAL DATA"},"geometry":{"type":"LineString","coordinates":[[73.34506269600007,3.9447289080000587],[73.34148196700005,3.943101304000038],[73.34148196700005,3.94204336100006],[73.34489993600005,3.944566148000092],[73.34506269600007,3.9447289080000587]]}},{"type":"Feature","properties":{"id":3221,"source":"Natural Earth","provenance":"REAL DATA"},"geometry":{"type":"LineString","coordinates":[[73.42261803500008,4.118353583000044],[73.42253665500004,4.118190822000088],[73.42139733200008,4.116359768000052],[73.41911868600005,4.115749416000085],[73.41895592500003,4.1157087260000935],[73.42261803500008,4.118353583000044]]}},{"type":"Feature","properties":{"id":3222,"source":"Natural Earth","provenance":"REAL DATA"},"geometry":{"type":"LineString","coordinates":[[73.54619719090421,4.24303891168205],[73.5332712698328,4.23100443344315],[73.5261397271727,4.20782691979786],[73.52053323825227,4.191122568286097],[73.51201489529225,4.186300883534724],[73.43209250834278,4.1899980631476375],[73.43120106551027,4.1846494061525705],[73.47666464996834,4.16860343516737],[73.48691624254222,4.164146221004814],[73.51089134292747,4.162087459716128],[73.52658544858896,4.171277763664904],[73.53817420541161,4.183312241903804],[73.549317240818,4.212284133960416],[73.55199156931553,4.228330104945616],[73.55288301214804,4.236798811854472],[73.54619719090421,4.24303891168205]]}},{"type":"Feature","properties":{"id":3223,"source":"Natural Earth","provenance":"REAL DATA"},"geometry":{"type":"LineString","coordinates":[[72.94516035200007,4.266302802000041],[72.95866946700005,4.262518622000073],[72.95858808700007,4.262518622000073],[72.95443769600007,4.2615013690000865],[72.95435631600003,4.261460679000038],[72.95118248800003,4.26235586100006],[72.94516035200007,4.266302802000041]]}},{"type":"Feature","properties":{"id":3224,"source":"Natural Earth","provenance":"REAL DATA"},"geometry":{"type":"LineString","coordinates":[[73.59587649800005,4.3422712260000935],[73.59571373800003,4.342189846000053],[73.59245853000004,4.34015534100007],[73.58936608200008,4.3405622420000896],[73.58912194100003,4.3405622420000896],[73.59587649800005,4.3422712260000935]]}},{"type":"Feature","properties":{"id":3225,"source":"Natural Earth","provenance":"REAL DATA"},"geometry":{"type":"LineString","coordinates":[[73.61150149800005,4.363104559000078],[73.61150149800005,4.362941799000055],[73.61133873800003,4.360296942000048],[73.61198978000004,4.358099677000041],[73.61198978000004,4.35805898600006],[73.61182701900003,4.356512762000079],[73.60954837300005,4.355617580000057],[73.60767662900008,4.35805898600006],[73.60767662900008,4.358099677000041],[73.60824629000007,4.359442450000074],[73.60987389400003,4.360825914000088],[73.61150149800005,4.363104559000078]]}},{"type":"Feature","properties":{"id":3226,"source":"Natural Earth","provenance":"REAL DATA"},"geometry":{"type":"LineString","coordinates":[[73.63795006600003,4.37055084800005],[73.63786868600005,4.3704287780000755],[73.63705488400007,4.368068752000056],[73.63746178500008,4.365627346000053],[73.63746178500008,4.365464585000041],[73.63705488400007,4.3639997420000896],[73.63705488400007,4.363959052000041],[73.63575280000003,4.364243882000039],[73.63379967500003,4.364650783000059],[73.63363691500007,4.36469147300005],[73.63168379000007,4.3684756530000755],[73.63298587300005,4.369533596000053],[73.63542728000004,4.369574286000045],[73.63795006600003,4.37055084800005]]}},{"type":"Feature","properties":{"id":3227,"source":"Natural Earth","provenance":"REAL DATA"},"geometry":{"type":"LineString","coordinates":[[73.66797936300003,4.393500067000048],[73.66797936300003,4.393459377000056],[73.66781660200007,4.390692450000074],[73.66846764400003,4.388495184000078],[73.66830488400007,4.386867580000057],[73.66618899800005,4.385931708000044],[73.66431725400008,4.388332424000055],[73.66488691500007,4.389797268000052],[73.66651451900003,4.391302802000041],[73.66797936300003,4.393500067000048]]}},{"type":"Feature","properties":{"id":3228,"source":"Natural Earth","provenance":"REAL DATA"},"geometry":{"type":"LineString","coordinates":[[72.95704186300003,4.438299872000073],[72.95606530000003,4.422105210000041],[72.94890384200005,4.422919012000079],[72.94711347700007,4.423081773000092],[72.94336998800003,4.431586005000042],[72.95704186300003,4.438299872000073]]}},{"type":"Feature","properties":{"id":3229,"source":"Natural Earth","provenance":"REAL DATA"},"geometry":{"type":"LineString","coordinates":[[73.55355879000007,4.620510158000059],[73.55355879000007,4.620266018000052],[73.55347741000008,4.6176618510000935],[73.55404707100007,4.615464585000041],[73.55388431100005,4.61391836100006],[73.55160566500007,4.612982489000046],[73.55095462300005,4.613836981000077],[73.54981530000003,4.615383205000057],[73.55046634200005,4.616848049000055],[73.55201256600003,4.618231512000079],[73.55355879000007,4.620510158000059]]}},{"type":"Feature","properties":{"id":3233,"source":"Natural Earth","provenance":"REAL DATA"},"geometry":{"type":"LineString","coordinates":[[73.62956790500004,5.418524481000077],[73.63453209700003,5.410956122000073],[73.63672936300003,5.402899481000077],[73.63672936300003,5.402858791000085],[73.63591556100005,5.394476630000042],[73.63249759200005,5.38625722900008],[73.63249759200005,5.3860537780000755],[73.62777754000007,5.413275458000044],[73.62956790500004,5.418524481000077]]}},{"type":"Feature","properties":{"id":3234,"source":"Natural Earth","provenance":"REAL DATA"},"geometry":{"type":"LineString","coordinates":[[73.00562584700003,5.46320221600007],[73.00554446700005,5.463120835000041],[73.00416100400008,5.4614118510000935],[73.00261478000004,5.457586981000077],[73.00098717500003,5.456244208000044],[72.99903405000003,5.461004950000074],[72.99903405000003,5.461086330000057],[73.00001061300003,5.4624697940000715],[73.00277754000007,5.4624697940000715],[73.00562584700003,5.46320221600007]]}},{"type":"Feature","properties":{"id":3235,"source":"Natural Earth","provenance":"REAL DATA"},"geometry":{"type":"LineString","coordinates":[[72.88396243600005,5.494086005000042],[72.88249759200005,5.492010809000078],[72.88184655000003,5.490057684000078],[72.88111412900008,5.488470770000049],[72.87916100400008,5.4878604190000715],[72.87769616000008,5.492092190000051],[72.87769616000008,5.492132880000042],[72.87875410200007,5.493150132000039],[72.88119550900007,5.493231512000079],[72.88396243600005,5.494086005000042]]}},{"type":"Feature","properties":{"id":3237,"source":"Natural Earth","provenance":"REAL DATA"},"geometry":{"type":"LineString","coordinates":[[73.01905358200008,5.61782461100006],[73.01897220100005,5.6176618510000935],[73.01734459700003,5.6157087260000935],[73.01685631600003,5.6137556010000935],[73.01612389400003,5.612250067000048],[73.01417076900003,5.6115990260000785],[73.01400800900007,5.611558335000041],[73.01286868600005,5.6157087260000935],[73.01392662900008,5.616888739000046],[73.01644941500007,5.616888739000046],[73.01905358200008,5.61782461100006]]}},{"type":"Feature","properties":{"id":3239,"source":"Natural Earth","provenance":"REAL DATA"},"geometry":{"type":"LineString","coordinates":[[73.01465905000003,5.676988023000092],[73.01465905000003,5.676947333000044],[73.01319420700008,5.675034898000092],[73.01246178500008,5.673000393000052],[73.01189212300005,5.671535549000055],[73.00977623800003,5.670843817000048],[73.00855553500008,5.674994208000044],[73.00855553500008,5.675034898000092],[73.00977623800003,5.67609284100007],[73.01205488400007,5.6762556010000935],[73.01465905000003,5.676988023000092]]}},{"type":"Feature","properties":{"id":3240,"source":"Natural Earth","provenance":"REAL DATA"},"geometry":{"type":"LineString","coordinates":[[73.39283287900008,5.737697658000059],[73.39242597700007,5.7368024760000935],[73.38070722700007,5.714585679000038],[73.38062584700003,5.714748440000051],[73.37989342500003,5.715033270000049],[73.37981204500005,5.715073960000041],[73.37956790500004,5.71515534100007],[73.38257897200003,5.72211334800005],[73.39283287900008,5.737697658000059]]}},{"type":"Feature","properties":{"id":3241,"source":"Natural Earth","provenance":"REAL DATA"},"geometry":{"type":"LineString","coordinates":[[72.98682701900003,5.770738023000092],[72.98585045700008,5.765570380000042],[72.98283938900005,5.762559312000064],[72.98275800900007,5.762518622000073],[72.98682701900003,5.770738023000092]]}},{"type":"Feature","properties":{"id":3243,"source":"Natural Earth","provenance":"REAL DATA"},"geometry":{"type":"LineString","coordinates":[[73.38233483200008,5.794989325000074],[73.38233483200008,5.794745184000078],[73.38266035200007,5.791693427000041],[73.38428795700008,5.789252020000049],[73.38453209700003,5.787014065000051],[73.38453209700003,5.786932684000078],[73.38070722700007,5.784125067000048],[73.37680097700007,5.787339585000041],[73.37769616000008,5.7895368510000935],[73.38021894600007,5.791693427000041],[73.38233483200008,5.794989325000074]]}},{"type":"Feature","properties":{"id":3244,"source":"Natural Earth","provenance":"REAL DATA"},"geometry":{"type":"LineString","coordinates":[[72.97657311300003,5.813625393000052],[72.97657311300003,5.813544012000079],[72.97510826900003,5.80455149900007],[72.97510826900003,5.804429429000038],[72.97242272200003,5.807033596000053],[72.97095787900008,5.808417059000078],[72.97103925900007,5.810451565000051],[72.97380618600005,5.811712958000044],[72.97657311300003,5.813625393000052]]}},{"type":"Feature","properties":{"id":3245,"source":"Natural Earth","provenance":"REAL DATA"},"geometry":{"type":"LineString","coordinates":[[73.44988040500004,5.840765692000048],[73.44979902400007,5.840725002000056],[73.43376712300005,5.830877997000073],[73.43344160200007,5.83071523600006],[73.43897545700008,5.838283596000053],[73.44312584700003,5.84125397300005],[73.44654381600003,5.841498114000046],[73.44988040500004,5.840765692000048]]}},{"type":"Feature","properties":{"id":3246,"source":"Natural Earth","provenance":"REAL DATA"},"geometry":{"type":"LineString","coordinates":[[72.96363366000008,5.864325262000079],[72.96371504000007,5.864040432000081],[72.96648196700005,5.850287177000041],[72.96648196700005,5.85024648600006],[72.96265709700003,5.853461005000042],[72.96192467500003,5.856675523000092],[72.96363366000008,5.864325262000079]]}},{"type":"Feature","properties":{"id":3247,"source":"Natural Earth","provenance":"REAL DATA"},"geometry":{"type":"LineString","coordinates":[[73.42904707100007,5.911363023000092],[73.42904707100007,5.911200262000079],[73.42847741000008,5.908596096000053],[73.42847741000008,5.90851471600007],[73.42847741000008,5.906195380000042],[73.42847741000008,5.904445705000057],[73.42628014400003,5.903265692000048],[73.42318769600007,5.90688711100006],[73.42408287900008,5.908433335000041],[73.42660566500007,5.9094912780000755],[73.42904707100007,5.911363023000092]]}},{"type":"Feature","properties":{"id":3248,"source":"Natural Earth","provenance":"REAL DATA"},"geometry":{"type":"LineString","coordinates":[[72.93165123800003,5.96906159100007],[72.93018639400003,5.956935940000051],[72.92579186300003,5.963242906000062],[72.92579186300003,5.963283596000053],[72.92644290500004,5.966294664000088],[72.93165123800003,5.96906159100007]]}},{"type":"Feature","properties":{"id":3249,"source":"Natural Earth","provenance":"REAL DATA"},"geometry":{"type":"LineString","coordinates":[[73.38982181100005,5.9702822940000715],[73.39533279100004,5.957801545000052],[73.38672936300003,5.961981512000079],[73.38453209700003,5.964748440000051],[73.38982181100005,5.9702822940000715]]}},{"type":"Feature","properties":{"id":3250,"source":"Natural Earth","provenance":"REAL DATA"},"geometry":{"type":"LineString","coordinates":[[72.91570071700005,5.981350002000056],[72.91561933700007,5.981268622000073],[72.91382897200003,5.979641018000052],[72.91342207100007,5.977362372000073],[72.91285241000008,5.976304429000038],[72.91138756600003,5.977077541000085],[72.90984134200005,5.977932033000059],[72.90967858200008,5.982123114000046],[72.91089928500008,5.98273346600007],[72.91309655000003,5.981634833000044],[72.91570071700005,5.981350002000056]]}},{"type":"Feature","properties":{"id":3251,"source":"Natural Earth","provenance":"REAL DATA"},"geometry":{"type":"LineString","coordinates":[[73.25074303500008,6.083400783000059],[73.25066165500004,6.083278713000084],[73.24903405000003,6.07953522300005],[73.24545332100007,6.079779364000046],[73.25074303500008,6.083400783000059]]}},{"type":"Feature","properties":{"id":3252,"source":"Natural Earth","provenance":"REAL DATA"},"geometry":{"type":"LineString","coordinates":[[73.25212649800005,6.111232815000051],[73.24887129000007,6.110174872000073],[73.24683678500008,6.10773346600007],[73.24724368600005,6.107977606000077],[73.25196373800003,6.111151434000078],[73.25212649800005,6.111232815000051]]}},{"type":"Feature","properties":{"id":3253,"source":"Natural Earth","provenance":"REAL DATA"},"geometry":{"type":"LineString","coordinates":[[73.22046959700003,6.132066148000092],[73.22038821700005,6.131984768000052],[73.21900475400008,6.129299221000053],[73.21517988400007,6.128566799000055],[73.22046959700003,6.132066148000092]]}},{"type":"Feature","properties":{"id":3254,"source":"Natural Earth","provenance":"REAL DATA"},"geometry":{"type":"LineString","coordinates":[[73.27027428500008,6.156927802000041],[73.27019290500004,6.156805731000077],[73.26880944100003,6.154486395000049],[73.26807701900003,6.152411200000074],[73.26726321700005,6.150946356000077],[73.26531009200005,6.1506615260000785],[73.26514733200008,6.150620835000041],[73.26539147200003,6.153550523000092],[73.26661217500003,6.154852606000077],[73.26823978000004,6.1555850280000755],[73.27027428500008,6.156927802000041]]}},{"type":"Feature","properties":{"id":3255,"source":"Natural Earth","provenance":"REAL DATA"},"geometry":{"type":"LineString","coordinates":[[73.21908613400007,6.1723493510000935],[73.21583092500003,6.1712100280000755],[73.21404056100005,6.168768622000073],[73.21892337300005,6.172267971000053],[73.21908613400007,6.1723493510000935]]}},{"type":"Feature","properties":{"id":3256,"source":"Natural Earth","provenance":"REAL DATA"},"geometry":{"type":"LineString","coordinates":[[73.27084394600007,6.189439195000091],[73.27084394600007,6.189357815000051],[73.26807701900003,6.178697007000039],[73.26539147200003,6.182766018000052],[73.26596113400007,6.18500397300005],[73.26840254000007,6.1868350280000755],[73.27084394600007,6.189439195000091]]}},{"type":"Feature","properties":{"id":3257,"source":"Natural Earth","provenance":"REAL DATA"},"geometry":{"type":"LineString","coordinates":[[73.03419030000003,6.222357489000046],[73.03044681100005,6.22101471600007],[73.02898196700005,6.218817450000074],[73.02914472700007,6.218980210000041],[73.03402754000007,6.2222354190000715],[73.03419030000003,6.222357489000046]]}},{"type":"Feature","properties":{"id":3258,"source":"Natural Earth","provenance":"REAL DATA"},"geometry":{"type":"LineString","coordinates":[[73.24170983200008,6.23969147300005],[73.24219811300003,6.236476955000057],[73.24366295700008,6.234035549000055],[73.24390709700003,6.231634833000044],[73.24024498800003,6.228949286000045],[73.23633873800003,6.232123114000046],[73.23707116000008,6.234279690000051],[73.23975670700008,6.236476955000057],[73.24170983200008,6.23969147300005]]}},{"type":"Feature","properties":{"id":3259,"source":"Natural Earth","provenance":"REAL DATA"},"geometry":{"type":"LineString","coordinates":[[73.12842858200008,6.286851304000038],[73.12614993600005,6.284002997000073],[73.12305748800003,6.283351955000057],[73.12289472700007,6.283351955000057],[73.12842858200008,6.286851304000038]]}},{"type":"Feature","properties":{"id":3260,"source":"Natural Earth","provenance":"REAL DATA"},"geometry":{"type":"LineString","coordinates":[[73.21517988400007,6.294826565000051],[73.20932050900007,6.286851304000038],[73.20875084700003,6.2864444030000755],[73.20915774800005,6.2866885440000715],[73.21306399800005,6.289211330000057],[73.21517988400007,6.294663804000038],[73.21517988400007,6.294826565000051]]}},{"type":"Feature","properties":{"id":3261,"source":"Natural Earth","provenance":"REAL DATA"},"geometry":{"type":"LineString","coordinates":[[73.08334394600007,6.308579820000091],[73.08326256600003,6.30845774900007],[73.08139082100007,6.305609442000048],[73.07846113400007,6.305121161000045],[73.07813561300003,6.305080471000053],[73.08334394600007,6.308579820000091]]}},{"type":"Feature","properties":{"id":3262,"source":"Natural Earth","provenance":"REAL DATA"},"geometry":{"type":"LineString","coordinates":[[73.19703209700003,6.3274600280000755],[73.19711347700007,6.327297268000052],[73.19825280000003,6.3246931010000935],[73.19931074300007,6.324204820000091],[73.20036868600005,6.323716539000088],[73.20191491000008,6.322170315000051],[73.20101972700007,6.318264065000051],[73.19507897200003,6.3196475280000755],[73.19499759200005,6.319932359000063],[73.19418379000007,6.3216006530000755],[73.19597415500004,6.324286200000074],[73.19703209700003,6.3274600280000755]]}},{"type":"Feature","properties":{"id":3263,"source":"Natural Earth","provenance":"REAL DATA"},"geometry":{"type":"LineString","coordinates":[[73.12452233200008,6.3325056010000935],[73.12094160200007,6.331040757000039],[73.11931399800005,6.328924872000073],[73.11963951900003,6.329169012000079],[73.12419681100005,6.332261460000041],[73.12452233200008,6.3325056010000935]]}},{"type":"Feature","properties":{"id":3264,"source":"Natural Earth","provenance":"REAL DATA"},"geometry":{"type":"LineString","coordinates":[[73.18726647200003,6.350775458000044],[73.18490644600007,6.34906647300005],[73.18360436300003,6.347316799000055],[73.18213951900003,6.34634023600006],[73.18018639400003,6.34711334800005],[73.18100019600007,6.349839585000041],[73.18262780000003,6.350490627000056],[73.18482506600003,6.3503278670000896],[73.18726647200003,6.350775458000044]]}},{"type":"Feature","properties":{"id":3265,"source":"Natural Earth","provenance":"REAL DATA"},"geometry":{"type":"LineString","coordinates":[[73.02051842500003,6.368963934000078],[73.02182050900007,6.3667666690000715],[73.02393639400003,6.36587148600006],[73.02491295700008,6.3648135440000715],[73.02418053500008,6.362697658000059],[73.01929772200003,6.36359284100007],[73.01872806100005,6.365220445000091],[73.01986738400007,6.367173570000091],[73.02051842500003,6.368963934000078]]}},{"type":"Feature","properties":{"id":3266,"source":"Natural Earth","provenance":"REAL DATA"},"geometry":{"type":"LineString","coordinates":[[72.69092858200008,6.411607164000088],[72.69084720100005,6.41156647300005],[72.68881269600007,6.4097354190000715],[72.68718509200005,6.407416083000044],[72.68588300900007,6.406480210000041],[72.68482506600003,6.408392645000049],[72.68588300900007,6.411607164000088],[72.68751061300003,6.412258205000057],[72.68913821700005,6.411607164000088],[72.69092858200008,6.411607164000088]]}},{"type":"Feature","properties":{"id":3267,"source":"Natural Earth","provenance":"REAL DATA"},"geometry":{"type":"LineString","coordinates":[[72.90284264400003,6.4401716170000896],[72.90447024800005,6.4379743510000935],[72.90642337300005,6.436916408000059],[72.90691165500004,6.436428127000056],[72.90748131600003,6.435939846000053],[72.90748131600003,6.43585846600007],[72.90658613400007,6.433823960000041],[72.90202884200005,6.434759833000044],[72.90186608200008,6.435044664000088],[72.90113366000008,6.436346747000073],[72.90219160200007,6.438299872000073],[72.90284264400003,6.4401716170000896]]}},{"type":"Feature","properties":{"id":3268,"source":"Natural Earth","provenance":"REAL DATA"},"geometry":{"type":"LineString","coordinates":[[73.04881327800007,6.4413421960000505],[73.04314212300005,6.433701890000066],[73.04330488400007,6.4338646510000785],[73.04623457100007,6.4362653670000896],[73.04881327800007,6.4413421960000505]]}},{"type":"Feature","properties":{"id":3269,"source":"Natural Earth","provenance":"REAL DATA"},"geometry":{"type":"LineString","coordinates":[[72.96208743600005,6.559027411000045],[72.95997155000003,6.557521877000056],[72.95899498800003,6.555487372000073],[72.95801842500003,6.554348049000055],[72.95582116000008,6.55532461100006],[72.95679772200003,6.56000397300005],[72.95834394600007,6.560695705000057],[72.95842532600005,6.560655015000066],[72.96021569100003,6.559515692000048],[72.96208743600005,6.559027411000045]]}},{"type":"Feature","properties":{"id":3270,"source":"Natural Earth","provenance":"REAL DATA"},"geometry":{"type":"LineString","coordinates":[[72.92400149800005,6.565252997000073],[72.92554772200003,6.563055731000077],[72.92750084700003,6.5620791690000715],[72.92872155000003,6.561102606000077],[72.92774498800003,6.558946031000062],[72.92774498800003,6.55890534100007],[72.92310631600003,6.5598819030000755],[72.92253665500004,6.561509507000039],[72.92351321700005,6.563381252000056],[72.92400149800005,6.565252997000073]]}},{"type":"Feature","properties":{"id":3271,"source":"Natural Earth","provenance":"REAL DATA"},"geometry":{"type":"LineString","coordinates":[[73.02995853000004,6.58234284100007],[73.02987714900007,6.582180080000057],[73.02947024800005,6.5796572940000715],[73.03012129000007,6.577541408000059],[73.03036543100006,6.576117255000042],[73.03044681100005,6.576076565000051],[73.02816816500007,6.575181382000039],[73.02735436300003,6.57648346600007],[73.02556399800005,6.579250393000052],[73.02613366000008,6.5807966170000896],[73.02833092500003,6.5813662780000755],[73.02995853000004,6.58234284100007]]}},{"type":"Feature","properties":{"id":3272,"source":"Natural Earth","provenance":"REAL DATA"},"geometry":{"type":"LineString","coordinates":[[73.04476972700007,6.621893622000073],[73.04265384200005,6.620347398000092],[73.04151451900003,6.618353583000044],[73.04070071700005,6.617173570000091],[73.03842207100007,6.618150132000039],[73.03939863400007,6.622870184000078],[73.04102623800003,6.623602606000077],[73.04110761800007,6.623561916000085],[73.04297936300003,6.62250397300005],[73.04476972700007,6.621893622000073]]}},{"type":"Feature","properties":{"id":3273,"source":"Natural Earth","provenance":"REAL DATA"},"geometry":{"type":"LineString","coordinates":[[73.06950931100005,6.667954820000091],[73.06177819100003,6.660956122000073],[73.06226647200003,6.666896877000056],[73.06413821700005,6.668402411000045],[73.06666100400008,6.668117580000057],[73.06950931100005,6.667954820000091]]}},{"type":"Feature","properties":{"id":3274,"source":"Natural Earth","provenance":"REAL DATA"},"geometry":{"type":"LineString","coordinates":[[73.10596764400003,6.709947007000039],[73.10596764400003,6.709906317000048],[73.10352623800003,6.705877997000073],[73.10230553500008,6.702337958000044],[73.10043379000007,6.699774481000077],[73.09595787900008,6.698472398000092],[73.09587649800005,6.698431708000044],[73.09669030000003,6.706122137000079],[73.09929446700005,6.708929755000042],[73.10596764400003,6.709947007000039]]}},{"type":"Feature","properties":{"id":3277,"source":"Natural Earth","provenance":"REAL DATA"},"geometry":{"type":"LineString","coordinates":[[73.03663170700008,6.759711005000042],[73.03663170700008,6.75962962400007],[73.03614342500003,6.7571475280000755],[73.03614342500003,6.757106838000084],[73.03622480600006,6.756781317000048],[73.03679446700005,6.755072333000044],[73.03687584700003,6.7534854190000715],[73.03467858200008,6.75259023600006],[73.03386478000004,6.753851630000042],[73.03199303500008,6.7565778670000896],[73.03288821700005,6.758246161000045],[73.03484134200005,6.758734442000048],[73.03663170700008,6.759711005000042]]}},{"type":"Feature","properties":{"id":3278,"source":"Natural Earth","provenance":"REAL DATA"},"geometry":{"type":"LineString","coordinates":[[72.91846764400003,6.76398346600007],[72.91651451900003,6.7624372420000896],[72.91537519600007,6.760443427000041],[72.91431725400008,6.75922272300005],[72.91236412900008,6.76007721600007],[72.91228274800005,6.760158596000053],[72.91325931100005,6.764878648000092],[72.91488691500007,6.765570380000042],[72.91675866000008,6.764471747000073],[72.91846764400003,6.76398346600007]]}},{"type":"Feature","properties":{"id":3279,"source":"Natural Earth","provenance":"REAL DATA"},"geometry":{"type":"LineString","coordinates":[[73.15951582100007,6.786525783000059],[73.15251712300005,6.76821523600006],[73.13599694100003,6.741197007000039],[73.13168379000007,6.725043036000045],[73.13184655000003,6.725165106000077],[73.14478600400008,6.735541083000044],[73.15284264400003,6.749212958000044],[73.16651451900003,6.780340887000079],[73.16553795700008,6.783148505000042],[73.16553795700008,6.7856306010000935],[73.16553795700008,6.785711981000077],[73.16423587300005,6.787054755000042],[73.15951582100007,6.786525783000059]]}},{"type":"Feature","properties":{"id":3280,"source":"Natural Earth","provenance":"REAL DATA"},"geometry":{"type":"LineString","coordinates":[[73.18165123800003,6.830511786000045],[73.19727623800003,6.828111070000091],[73.18946373800003,6.822821356000077],[73.18376712300005,6.821153062000064],[73.18376712300005,6.821112372000073],[73.18083743600005,6.823431708000044],[73.18165123800003,6.830511786000045]]}},{"type":"Feature","properties":{"id":3281,"source":"Natural Earth","provenance":"REAL DATA"},"geometry":{"type":"LineString","coordinates":[[72.99577884200005,6.841498114000046],[72.99569746200007,6.841457424000055],[72.99366295700008,6.839911200000074],[72.99244225400008,6.837876695000091],[72.99154707100007,6.836737372000073],[72.98951256600003,6.837591864000046],[72.98943118600005,6.837632554000038],[72.99024498800003,6.84243398600006],[72.99203535200007,6.843003648000092],[72.99390709700003,6.841986395000049],[72.99577884200005,6.841498114000046]]}},{"type":"Feature","properties":{"id":3282,"source":"Natural Earth","provenance":"REAL DATA"},"geometry":{"type":"LineString","coordinates":[[73.14437910200007,6.843410549000055],[73.14226321700005,6.841864325000074],[73.14128665500004,6.839911200000074],[73.14031009200005,6.838690497000073],[73.13803144600007,6.839667059000078],[73.13900800900007,6.844427802000041],[73.14063561300003,6.8450381530000755],[73.14063561300003,6.844997463000084],[73.14258873800003,6.843939520000049],[73.14437910200007,6.843410549000055]]}},{"type":"Feature","properties":{"id":3283,"source":"Natural Earth","provenance":"REAL DATA"},"geometry":{"type":"LineString","coordinates":[[72.97608483200008,6.8528506530000755],[72.97559655000003,6.850287177000041],[72.97624759200005,6.8481306010000935],[72.97624759200005,6.848049221000053],[72.97632897200003,6.846665757000039],[72.97421308700007,6.845851955000057],[72.97413170700008,6.845851955000057],[72.97152754000007,6.849758205000057],[72.97234134200005,6.851385809000078],[72.97437584700003,6.851996161000045],[72.97608483200008,6.8528506530000755]]}},{"type":"Feature","properties":{"id":3284,"source":"Natural Earth","provenance":"REAL DATA"},"geometry":{"type":"LineString","coordinates":[[73.09815514400003,6.85219961100006],[73.09807376400005,6.852118231000077],[73.09603925900007,6.850572007000039],[73.09506269600007,6.848700262000079],[73.09400475400008,6.847560940000051],[73.09278405000003,6.84796784100007],[73.09180748800003,6.848334052000041],[73.09294681100005,6.8530947940000715],[73.09449303500008,6.85382721600007],[73.09636478000004,6.852769273000092],[73.09644616000008,6.852728583000044],[73.09815514400003,6.85219961100006]]}},{"type":"Feature","properties":{"id":3285,"source":"Natural Earth","provenance":"REAL DATA"},"geometry":{"type":"LineString","coordinates":[[72.96469160200007,6.8606631530000755],[72.96265709700003,6.859198309000078],[72.96143639400003,6.857326565000051],[72.96062259200005,6.856065171000068],[72.96062259200005,6.856024481000077],[72.95875084700003,6.856838283000059],[72.95850670700008,6.85696035400008],[72.95834394600007,6.8570010440000715],[72.95923912900008,6.86163971600007],[72.96111087300005,6.862453518000052],[72.96290123800003,6.861314195000091],[72.96469160200007,6.8606631530000755]]}},{"type":"Feature","properties":{"id":3286,"source":"Natural Earth","provenance":"REAL DATA"},"geometry":{"type":"LineString","coordinates":[[73.10621178500008,6.896714585000041],[73.10621178500008,6.896673895000049],[73.10572350400008,6.894029039000088],[73.10629316500007,6.8919131530000755],[73.10653730600006,6.890529690000051],[73.10661868600005,6.890448309000078],[73.10434004000007,6.889553127000056],[73.10173587300005,6.893540757000039],[73.10230553500008,6.895209052000041],[73.10450280000003,6.895738023000092],[73.10621178500008,6.896714585000041]]}},{"type":"Feature","properties":{"id":3287,"source":"Natural Earth","provenance":"REAL DATA"},"geometry":{"type":"LineString","coordinates":[[73.21404056100005,6.91860586100006],[73.21404056100005,6.918524481000077],[73.21306399800005,6.90460846600007],[73.20875084700003,6.8910993510000935],[73.20394941500007,6.884955145000049],[73.20101972700007,6.893133856000077],[73.20191491000008,6.902248440000051],[73.20492597700007,6.911769924000055],[73.20915774800005,6.91828034100007],[73.21404056100005,6.91860586100006]]}},{"type":"Feature","properties":{"id":3289,"source":"Natural Earth","provenance":"REAL DATA"},"geometry":{"type":"LineString","coordinates":[[72.92595462300005,6.957424221000053],[72.92595462300005,6.957017320000091],[72.92628014400003,6.953802802000041],[72.92458500800007,6.951704061000044],[72.92595462300005,6.957424221000053]]}},{"type":"Feature","properties":{"id":3290,"source":"Natural Earth","provenance":"REAL DATA"},"geometry":{"type":"LineString","coordinates":[[73.19849694100003,6.97134023600006],[73.19467207100007,6.951239325000074],[73.19385826900003,6.950995184000078],[73.19336998800003,6.950995184000078],[73.19320722700007,6.950995184000078],[73.19304446700005,6.951076565000051],[73.19255618600005,6.951239325000074],[73.19190514400003,6.9516462260000935],[73.19117272200003,6.961330471000053],[73.19190514400003,6.967596747000073],[73.19410241000008,6.970892645000049],[73.19849694100003,6.97134023600006]]}},{"type":"Feature","properties":{"id":3291,"source":"Natural Earth","provenance":"REAL DATA"},"geometry":{"type":"LineString","coordinates":[[72.89193769600007,6.991034247000073],[72.89193769600007,6.987697658000059],[72.89055423300005,6.9854597030000605],[72.89047285200007,6.985419012000079],[72.89193769600007,6.991034247000073]]}},{"type":"Feature","properties":{"id":3292,"source":"Natural Earth","provenance":"REAL DATA"},"geometry":{"type":"LineString","coordinates":[[72.97974694100003,7.027736721000053],[72.97974694100003,7.027533270000049],[72.98145592500003,7.01398346600007],[72.97730553500008,7.019029039000088],[72.97722415500004,7.022609768000052],[72.97722415500004,7.022650458000044],[72.97722415500004,7.022691148000092],[72.97974694100003,7.027736721000053]]}},{"type":"Feature","properties":{"id":3293,"source":"Natural Earth","provenance":"REAL DATA"},"geometry":{"type":"LineString","coordinates":[[72.94996178500008,7.056545315000051],[72.94776451900003,7.053900458000044],[72.94849694100003,7.050848700000074],[72.94996178500008,7.0564232440000865],[72.94996178500008,7.056545315000051]]}},{"type":"Feature","properties":{"id":3295,"source":"Natural Earth","provenance":"REAL DATA"},"geometry":{"type":"LineString","coordinates":[[72.91285241000008,7.092718817000048],[72.91285241000008,7.092596747000073],[72.91187584700003,7.083197333000044],[72.90642337300005,7.089016018000052],[72.90658613400007,7.091009833000044],[72.90967858200008,7.091620184000078],[72.91285241000008,7.092718817000048]]}},{"type":"Feature","properties":{"id":3296,"source":"Natural Earth","provenance":"REAL DATA"},"geometry":{"type":"LineString","coordinates":[[72.88379967500003,7.107245184000078],[72.88453209700003,7.105698960000041],[72.88453209700003,7.105658270000049],[72.88453209700003,7.103705145000049],[72.88249759200005,7.101629950000074],[72.88379967500003,7.107245184000078]]}},{"type":"Feature","properties":{"id":3311,"source":"Natural Earth","provenance":"REAL DATA"},"geometry":{"type":"LineString","coordinates":[[97.86996504000007,9.42523834800005],[97.84961998800003,9.44212474200009],[97.85328209700003,9.461371161000045],[97.87183678500003,9.473049221000053],[97.89527428500003,9.467352606000077],[97.89942467500003,9.461127020000049],[97.90015709700003,9.453070380000042],[97.89820397200003,9.444973049000055],[97.89478600400008,9.438706773000092],[97.88697350400008,9.43821849200009],[97.87720787900008,9.442084052000041],[97.86988366000003,9.440741278000075],[97.86996504000007,9.42523834800005]]}},{"type":"Feature","properties":{"id":3586,"source":"Natural Earth","provenance":"REAL DATA"},"geometry":{"type":"LineString","coordinates":[[98.54759660600007,0.1593266210000479],[98.59004914400003,0.17165586500004792],[98.62541622300006,0.17515444500008925],[98.67314881800007,0.1698122040000385],[98.71735171300003,0.17511990700006663],[98.74386804200003,0.1662657740000668],[98.76685525200003,0.16626079900004243],[98.80574359100007,0.16091595800008918],[98.83579891300008,0.14146886000008863],[98.85168541500008,0.1096213410000928],[98.84458901000005,0.08485940800005665],[98.80215138800003,0.08663633700007267],[98.76325605100004,0.08664761100004625],[98.72612544600003,0.07428458000003957],[98.68900355200003,0.07077530300006174],[98.65012344900003,0.07962151600008838],[98.62008145400006,0.08670274800005018],[98.57588254200004,0.08675018600007434],[98.53873988200007,0.0903351290000387],[98.52813318600005,0.11157587900004273],[98.52460056700005,0.14519707000005155],[98.54759660600007,0.1593266210000479]]}},{"type":"Feature","properties":{"id":3607,"source":"Natural Earth","provenance":"REAL DATA"},"geometry":{"type":"LineString","coordinates":[[98.28842207100007,9.004461981000077],[98.27930748800003,9.009344794000071],[98.26091556100005,9.012925523000092],[98.25220787900008,8.997015692000048],[98.25586998800003,8.966376044000071],[98.25570722700007,8.93976471600007],[98.25098717500003,8.918443101000037],[98.25310306100005,8.897853908000059],[98.26156660200007,8.878566799000055],[98.27051842500003,8.87718333500004],[98.29395592500003,8.93463776200008],[98.30697675900007,8.957912502000056],[98.31088300900007,8.978176174000055],[98.29908287900008,8.997381903000075],[98.28842207100007,9.004461981000077]]}},{"type":"Feature","properties":{"id":3761,"source":"Natural Earth","provenance":"REAL DATA"},"geometry":{"type":"LineString","coordinates":[[55.89429772200003,26.679429429000038],[55.88453209700003,26.677679755000042],[55.86833743600005,26.666449286000045],[55.855479363000086,26.64411041900007],[55.85320071700005,26.621039130000042],[55.86931399800005,26.613023179000038],[55.889659050000034,26.62376536700009],[55.90398196700005,26.64524974200009],[55.90202884200005,26.668850002000056],[55.89429772200003,26.679429429000038]]}},{"type":"Feature","properties":{"id":4065,"source":"Natural Earth","provenance":"REAL DATA"},"geometry":{"type":"LineString","coordinates":[[55.362699624339186,-4.659322771917135],[55.360511520864684,-4.661328533435431],[55.361970256514354,-4.663698978866144],[55.364887727813695,-4.665887082340649],[55.36981096063133,-4.666616450165484],[55.37291077388688,-4.667892843858945],[55.37382248366792,-4.666434108209275],[55.370540328456165,-4.663881320822353],[55.366164121507154,-4.660599165610596],[55.362699624339186,-4.659322771917135]]}},{"type":"Feature","properties":{"id":4066,"source":"Natural Earth","provenance":"REAL DATA"},"geometry":{"type":"LineString","coordinates":[[55.39898567362472,-4.66862221168378],[55.397162254062636,-4.668439869727571],[55.396432886237804,-4.669716263421032],[55.39770927993126,-4.67135734102691],[55.39752693797505,-4.673363102545206],[55.40007972536198,-4.67573354797592],[55.404091248398565,-4.6802920968811375],[55.40536764209203,-4.679927412968721],[55.40591466796065,-4.6781039934066335],[55.406826377741695,-4.675004180151085],[55.404820616223404,-4.671722024939328],[55.401173777099224,-4.669533921464823],[55.39898567362472,-4.66862221168378]]}},{"type":"Feature","properties":{"id":4067,"source":"Natural Earth","provenance":"REAL DATA"},"geometry":{"type":"LineString","coordinates":[[55.50158949238337,-4.628853431034658],[55.504069342987805,-4.629728672424459],[55.50684094072218,-4.636876477107841],[55.50581982576741,-4.639648074842214],[55.502610607338134,-4.639939821972148],[55.49852614751906,-4.638481086322479],[55.49560867621972,-4.635709488588105],[55.491961837095545,-4.634250752938436],[55.49167008996561,-4.629874545989427],[55.49371231987515,-4.627978189644856],[55.497213285434356,-4.628124063209823],[55.49969313603879,-4.629874545989427],[55.50158949238337,-4.628853431034658]]}},{"type":"Feature","properties":{"id":4068,"source":"Natural Earth","provenance":"REAL DATA"},"geometry":{"type":"LineString","coordinates":[[55.50421521655277,-4.621413879221342],[55.50333997516297,-4.623601982695846],[55.50509045794257,-4.626227706865253],[55.508445549936816,-4.628415810339757],[55.51107127410622,-4.629582798859492],[55.51282175688582,-4.627248821820021],[55.51150889480112,-4.624768971215582],[55.50815380280688,-4.623893729825781],[55.50567395220244,-4.621705626351276],[55.50421521655277,-4.621413879221342]]}},{"type":"Feature","properties":{"id":4069,"source":"Natural Earth","provenance":"REAL DATA"},"geometry":{"type":"LineString","coordinates":[[55.497942653259194,-4.600845706560999],[55.49677566473945,-4.6030338100355035],[55.49735915899932,-4.60653477559471],[55.496338044044556,-4.611786223933522],[55.49677566473945,-4.614703695232861],[55.498672021084026,-4.614411948102927],[55.5027564809031,-4.611640350368555],[55.509320791326616,-4.609014626199149],[55.51253000975589,-4.60463841925014],[55.51442636610046,-4.600553959431065],[55.51253000975589,-4.599386970911329],[55.508445549936816,-4.599386970911329],[55.50377759585787,-4.59836585595656],[55.49940138890886,-4.599678718041263],[55.497942653259194,-4.600845706560999]]}},{"type":"Feature","properties":{"id":4070,"source":"Natural Earth","provenance":"REAL DATA"},"geometry":{"type":"LineString","coordinates":[[55.71208743600005,-4.280368747999944],[55.71506267748153,-4.276841461161244],[55.722127816596036,-4.276841461161244],[55.738489191387536,-4.277957009442483],[55.742951384512494,-4.278328858869562],[55.74146398680418,-4.283162901421596],[55.732167751127186,-4.283162901421596],[55.73328329940843,-4.289112492254868],[55.732911449981344,-4.292459137098584],[55.72073014601726,-4.288270654353415],[55.71208743600005,-4.280368747999944]]}},{"type":"Feature","properties":{"id":4071,"source":"Natural Earth","provenance":"REAL DATA"},"geometry":{"type":"LineString","coordinates":[[55.66300375769039,-4.32815668209822],[55.660028962273756,-4.330387778660697],[55.66040081170084,-4.334849971785651],[55.66560670367995,-4.334106272931492],[55.66635040253411,-4.329272230379458],[55.66300375769039,-4.32815668209822]]}},{"type":"Feature","properties":{"id":4072,"source":"Natural Earth","provenance":"REAL DATA"},"geometry":{"type":"LineString","coordinates":[[55.64701423232597,-4.346749153452196],[55.643667587482255,-4.349352099441753],[55.64812978060721,-4.3534424431396275],[55.65110457602385,-4.3534424431396275],[55.64887347946137,-4.348608400587594],[55.64701423232597,-4.346749153452196]]}},{"type":"Feature","properties":{"id":4073,"source":"Natural Earth","provenance":"REAL DATA"},"geometry":{"type":"LineString","coordinates":[[55.66672225196119,-4.209908564286929],[55.66040081170084,-4.210280413714008],[55.6592852634196,-4.212883359703564],[55.664491155398714,-4.213998907984803],[55.6719281439403,-4.214742606838962],[55.675274788784016,-4.212139660849405],[55.67044074623198,-4.210652263141087],[55.66672225196119,-4.209908564286929]]}},{"type":"Feature","properties":{"id":4074,"source":"Natural Earth","provenance":"REAL DATA"},"geometry":{"type":"LineString","coordinates":[[55.831823397584515,-4.337452917775207],[55.8284767527408,-4.347492852306354],[55.82327086076168,-4.359763883399979],[55.82550195732416,-4.372034914493604],[55.834426343574066,-4.380959300743513],[55.84149148268858,-4.38281854787891],[55.84409442867813,-4.374266011056081],[55.85041586893849,-4.368316420222809],[55.85710915862592,-4.364969775379093],[55.85078771836557,-4.355301690275025],[55.84409442867813,-4.342658809754321],[55.831823397584515,-4.337452917775207]]}},{"type":"Feature","properties":{"id":4075,"source":"Natural Earth","provenance":"REAL DATA"},"geometry":{"type":"LineString","coordinates":[[55.868636490865384,-4.317373048712913],[55.866777243729985,-4.323322639546185],[55.87347053341742,-4.332618875223173],[55.878676425396534,-4.338196616629366],[55.8846260162298,-4.336709218921048],[55.883138618521485,-4.328900380952378],[55.87347053341742,-4.318488596994151],[55.868636490865384,-4.317373048712913]]}},{"type":"Feature","properties":{"id":4076,"source":"Natural Earth","provenance":"REAL DATA"},"geometry":{"type":"LineString","coordinates":[[55.86640539430291,-4.283162901421595],[55.86640539430291,-4.288740642827788],[55.8701238885737,-4.296549480796458],[55.8738423828445,-4.296177631369379],[55.87086758742786,-4.289856191109027],[55.869752039146626,-4.283534750848675],[55.86640539430291,-4.283162901421595]]}},{"type":"Feature","properties":{"id":4077,"source":"Natural Earth","provenance":"REAL DATA"},"geometry":{"type":"LineString","coordinates":[[55.91995171180236,-4.334106272931491],[55.91772061523989,-4.340427713191843],[55.91883616352112,-4.3478647017334335],[55.92255465779192,-4.3497239488688315],[55.923670206073155,-4.3430306591814],[55.924785754354396,-4.337081068348128],[55.91995171180236,-4.334106272931491]]}},{"type":"Feature","properties":{"id":4078,"source":"Natural Earth","provenance":"REAL DATA"},"geometry":{"type":"LineString","coordinates":[[55.94007392970612,-4.57865701180308],[55.93579413859434,-4.579915773894779],[55.93252135715592,-4.582433298078178],[55.9330248619926,-4.586209584353277],[55.93906692003276,-4.592251642393435],[55.94485722565457,-4.592755147230115],[55.950144026439716,-4.5909928803017355],[55.949388769184694,-4.586461336771617],[55.944353720817894,-4.579915773894779],[55.94007392970612,-4.57865701180308]]}},{"type":"Feature","properties":{"id":4106,"source":"Natural Earth","provenance":"REAL DATA"},"geometry":{"type":"LineString","coordinates":[[55.04867597700019,25.885768947000088],[55.04989668100012,25.876084703000174],[55.05437259200016,25.86461009300001],[55.04647871200001,25.85838450700004],[55.03825931100005,25.857733466000127],[55.032644076000054,25.854641018000052],[55.02304121200007,25.862860419000015],[55.018402540000125,25.859605210000097],[55.01897220100011,25.86574941600003],[55.015635613000086,25.871852932000024],[55.01205488400018,25.88161855700008],[55.02645918100012,25.888739325000017],[55.04371178500014,25.892889716000184],[55.04867597700019,25.885768947000088]]}}]}